,folio_btc_eth_xrp
2010-07-19,
2010-07-20,0.102062129884
2010-07-21,0.0742698633974
2010-07-22,0.0876242771825
2010-07-23,0.0791327730286
2010-07-26,0.0850673519367
2010-07-27,0.0838961933684
2010-07-28,0.095634473693
2010-07-29,0.088236394505
2010-07-30,0.0936656094712
2010-08-02,0.0855269050739
2010-08-03,0.0823154808623
2010-08-04,0.0866427298743
2010-08-05,0.0880258893341
2010-08-06,0.0845243215545
2010-08-09,0.0963304389725
2010-08-10,0.0932301044768
2010-08-11,0.0963571797731
2010-08-12,0.090671446633
2010-08-13,0.0933040428249
2010-08-16,0.0963245469172
2010-08-17,0.0935724170053
2010-08-18,0.0917835325626
2010-08-19,0.0901322546154
2010-08-20,0.0913707130758
2010-08-23,0.0894442221374
2010-08-24,0.0891690091462
2010-08-25,0.0880681571815
2010-08-26,0.0894442221374
2010-08-27,0.0882057636771
2010-08-30,0.0824416120944
2010-08-31,0.0852110111867
2010-09-01,0.0858883642168
2010-09-02,0.0823403067951
2010-09-03,0.0838798863928
2010-09-06,0.081994700784
2010-09-07,0.0830970450517
2010-09-08,0.082080991609
2010-09-09,0.0827632601889
2010-09-10,0.0845760538759
2010-09-13,0.0822710231112
2010-09-14,0.0805016316194
2010-09-15,0.0815769304265
2010-09-16,0.078576078378
2010-09-17,0.0796452848055
2010-09-20,0.0809564984938
2010-09-21,0.0804782403655
2010-09-22,0.0805879219659
2010-09-23,0.080470190684
2010-09-24,0.0802798043988
2010-09-27,0.0801497441048
2010-09-28,0.0801462682191
2010-09-29,0.0801305434396
2010-09-30,0.0801976269172
2010-10-01,0.079518085774
2010-10-04,0.0795100387643
2010-10-05,0.0809350177775
2010-10-06,0.0863341218133
2010-10-07,0.111912216112
2010-10-08,0.120867770539
2010-10-11,0.122285196419
2010-10-12,0.13529974314
2010-10-13,0.131434036193
2010-10-14,0.13529974314
2010-10-15,0.130145467211
2010-10-18,0.124991191282
2010-10-19,0.127568329246
2010-10-20,0.137876881105
2010-10-21,0.132078320684
2010-10-22,0.135944027631
2010-10-25,0.193671918038
2010-10-26,0.241850152417
2010-10-27,0.22283838784
2010-10-28,0.235471761314
2010-10-29,0.24403919897
2010-11-01,0.239898060543
2010-11-02,0.23797062772
2010-11-03,0.237265013524
2010-11-04,0.274253897189
2010-11-05,0.307265017665
2010-11-08,0.28873696909
2010-11-09,0.263029030053
2010-11-10,0.272194617033
2010-11-11,0.26445442374
2010-11-12,0.279805555726
2010-11-15,0.279799709248
2010-11-16,0.257453637847
2010-11-17,0.258540969996
2010-11-18,0.265651247478
2010-11-19,0.269234496697
2010-11-22,0.27165147524
2010-11-23,0.269915718453
2010-11-24,0.269934025279
2010-11-25,0.26899597297
2010-11-26,0.270300736955
2010-11-29,0.252431598072
2010-11-30,0.250236532228
2010-12-01,0.251222508572
2010-12-02,0.253455570369
2010-12-03,0.252948942125
2010-12-06,0.247178283557
2010-12-07,0.248494800624
2010-12-08,0.248914541121
2010-12-09,0.245733558102
2010-12-10,0.245907373054
2010-12-13,0.246906063897
2010-12-14,0.247848724791
2010-12-15,0.247032477839
2010-12-16,0.247979030192
2010-12-17,0.246993399309
2010-12-20,0.249259369403
2010-12-21,0.245713187977
2010-12-22,0.24664931549
2010-12-23,0.246648664462
2010-12-24,0.24641753439
2010-12-27,0.248357704939
2010-12-28,0.250699707933
2010-12-29,0.254211285391
2010-12-30,0.254201056756
2010-12-31,0.254192280653
2011-01-03,0.252916775193
2011-01-04,0.253842984402
2011-01-05,0.253753974309
2011-01-06,0.2532872504
2011-01-07,0.262430308675
2011-01-10,0.265804285869
2011-01-11,0.265796451513
2011-01-12,0.261304441271
2011-01-13,0.260663192127
2011-01-14,0.304218256823
2011-01-17,0.266872287459
2011-01-18,0.248867816494
2011-01-19,0.248864495456
2011-01-20,0.276518591994
2011-01-21,0.295763799797
2011-01-24,0.295763799797
2011-01-25,0.288790564222
2011-01-26,0.29372113483
2011-01-27,0.296679477196
2011-01-28,0.314147784495
2011-01-31,0.366270959501
2011-02-01,0.493057060866
2011-02-02,0.504326936543
2011-02-03,0.486013388568
2011-02-04,0.571241823375
2011-02-07,0.62688683453
2011-02-08,0.646609116964
2011-02-09,0.767760280491
2011-02-10,0.689476274883
2011-02-11,0.735498949007
2011-02-14,0.735496433104
2011-02-15,0.723382112111
2011-02-16,0.723361720572
2011-02-17,0.717864667872
2011-02-18,0.641418764341
2011-02-21,0.619495692535
2011-02-22,0.628608612
2011-02-23,0.636926957063
2011-02-24,0.665817380934
2011-02-25,0.632466536842
2011-02-28,0.617772590724
2011-03-01,0.632182719342
2011-03-02,0.637548190405
2011-03-03,0.637300806187
2011-03-04,0.625952917101
2011-03-07,0.621740797869
2011-03-08,0.61805185013
2011-03-09,0.616781504104
2011-03-10,0.632296927231
2011-03-11,0.617738388396
2011-03-14,0.621050473832
2011-03-15,0.615206500506
2011-03-16,0.613037278041
2011-03-17,0.605759373132
2011-03-18,0.603954290619
2011-03-21,0.592534798123
2011-03-22,0.600025202334
2011-03-23,0.607374609556
2011-03-24,0.610781999845
2011-03-25,0.614480213967
2011-03-28,0.592736818216
2011-03-29,0.5922610517
2011-03-30,0.591391341652
2011-03-31,0.589513407265
2011-04-01,0.590723878926
2011-04-04,0.578616870237
2011-04-05,0.582175983759
2011-04-06,0.584054067491
2011-04-07,0.583450114163
2011-04-08,0.580290907375
2011-04-11,0.596965885143
2011-04-12,0.610489940853
2011-04-13,0.630558151222
2011-04-14,0.627110497456
2011-04-15,0.649592124461
2011-04-18,0.7146515313
2011-04-19,0.68387965126
2011-04-20,0.718848736459
2011-04-21,0.83637103314
2011-04-22,1.00839060733
2011-04-25,1.06177599243
2011-04-26,1.12702479643
2011-04-27,1.31090778953
2011-04-28,1.70833232301
2011-04-29,2.07586272733
2011-05-02,2.02293007181
2011-05-03,2.0222031534
2011-05-04,1.97652171589
2011-05-05,2.0365482204
2011-05-06,2.14579257781
2011-05-09,3.42098480658
2011-05-10,3.30594886281
2011-05-11,3.56917518857
2011-05-12,4.23670574554
2011-05-13,3.93066811495
2011-05-16,3.92851184957
2011-05-17,3.86429585164
2011-05-18,3.85211625704
2011-05-19,3.64281218892
2011-05-20,3.69437430966
2011-05-23,3.85309691544
2011-05-24,3.99751035375
2011-05-25,4.06317561581
2011-05-26,4.00648979463
2011-05-27,3.97214522294
2011-05-30,4.03981087589
2011-05-31,4.18425882833
2011-06-01,4.37280517642
2011-06-02,5.13118613033
2011-06-03,6.04208767161
2011-06-06,6.88556588323
2011-06-07,7.71977623974
2011-06-08,7.62910309032
2011-06-09,7.02393469782
2011-06-10,6.37729631978
2011-06-13,6.39586078226
2011-06-14,6.39682988854
2011-06-15,6.38259730697
2011-06-16,6.3750525041
2011-06-17,6.38196856768
2011-06-20,6.38551234444
2011-06-21,6.38551234444
2011-06-22,6.38551234444
2011-06-23,6.38551234444
2011-06-24,6.38551234444
2011-06-27,6.38231152469
2011-06-28,6.381739943
2011-06-29,6.37745312319
2011-06-30,6.37345209137
2011-07-01,6.37345209137
2011-07-04,6.3591294594
2011-07-05,6.36720506885
2011-07-06,6.36720506885
2011-07-07,6.36517542653
2011-07-08,6.36547771369
2011-07-11,6.36382086228
2011-07-12,6.3633938114
2011-07-13,6.36349344918
2011-07-14,6.36159841482
2011-07-15,6.36029432709
2011-07-18,6.36220803533
2011-07-19,6.35961284024
2011-07-20,6.3578083343
2011-07-21,6.35943263779
2011-07-22,6.35847313624
2011-07-25,6.36351034504
2011-07-26,6.36474464618
2011-07-27,6.35005394985
2011-07-28,6.34995242353
2011-07-29,6.35072379647
2011-08-01,6.30645716389
2011-08-02,6.26343224331
2011-08-03,6.28142280283
2011-08-04,6.25204347022
2011-08-05,6.1788085558
2011-08-08,6.21853290726
2011-08-09,6.21758231497
2011-08-10,6.19427055413
2011-08-11,6.19417683603
2011-08-12,6.22569900335
2011-08-15,6.26689700772
2011-08-16,6.26534317873
2011-08-17,6.25476598787
2011-08-18,6.33505015016
2011-08-19,6.30516808341
2011-08-22,6.22411024841
2011-08-23,6.20305642796
2011-08-24,5.90223971802
2011-08-25,5.55297305741
2011-08-26,5.62293616868
2011-08-29,5.66302724024
2011-08-30,5.53534888254
2011-08-31,5.53700491261
2011-09-01,5.61595575322
2011-09-02,5.57906451048
2011-09-05,5.21016001215
2011-09-06,5.2244983072
2011-09-07,5.17888678982
2011-09-08,5.17317767623
2011-09-09,5.17317767623
2011-09-12,5.17065575211
2011-09-13,5.14552388417
2011-09-14,4.80774439247
2011-09-15,4.80549583878
2011-09-16,4.80002966381
2011-09-19,4.93561452415
2011-09-20,4.68045420898
2011-09-21,4.61797612568
2011-09-22,4.66489737756
2011-09-23,4.63447869512
2011-09-26,4.39173024409
2011-09-27,4.36421066281
2011-09-28,4.36516891089
2011-09-29,4.4004099428
2011-09-30,4.37114329794
2011-10-03,4.34637207618
2011-10-04,4.32721220211
2011-10-05,4.30241456039
2011-10-06,4.25343637339
2011-10-07,4.23563705016
2011-10-10,4.22585339558
2011-10-11,4.23809382964
2011-10-12,4.20997269435
2011-10-13,4.19886765664
2011-10-14,4.17650415196
2011-10-17,4.06217498978
2011-10-18,4.03688619079
2011-10-19,4.04466812267
2011-10-20,4.11745913882
2011-10-21,4.45866511483
2011-10-24,4.0813615459
2011-10-25,4.08112346648
2011-10-26,4.25885330942
2011-10-27,4.40568226709
2011-10-28,4.82999421539
2011-10-31,4.38290839849
2011-11-01,4.28407709542
2011-11-02,4.37660320502
2011-11-03,4.27549403243
2011-11-04,4.23674561418
2011-11-07,4.1410132049
2011-11-08,4.16695758446
2011-11-09,4.08468894667
2011-11-10,3.99023923588
2011-11-11,4.17173436114
2011-11-14,3.33296880709
2011-11-15,3.33619276291
2011-11-16,3.37195838361
2011-11-17,3.24832657213
2011-11-18,3.23773672434
2011-11-21,3.2535901472
2011-11-22,3.2644267334
2011-11-23,3.26436444002
2011-11-24,3.29164442505
2011-11-25,3.31871226989
2011-11-28,3.33461366414
2011-11-29,3.42158765229
2011-11-30,3.54795886673
2011-12-01,3.61102125587
2011-12-02,3.65592373248
2011-12-05,3.45581196905
2011-12-06,3.55765776683
2011-12-07,3.5261119986
2011-12-08,3.51858307283
2011-12-09,3.51086630127
2011-12-12,3.63911629536
2011-12-13,3.73551016837
2011-12-14,3.63730693623
2011-12-15,3.6820857769
2011-12-16,3.68179427845
2011-12-19,4.00183530409
2011-12-20,4.4906958668
2011-12-21,4.42248276503
2011-12-22,4.42248276503
2011-12-23,4.4906958668
2011-12-26,4.57027781887
2011-12-27,4.62712207035
2011-12-28,4.7635482739
2011-12-29,4.74081057331
2011-12-30,4.83176137567
2012-01-02,5.93453985436
2012-01-03,5.5479989443
2012-01-04,6.33244961471
2012-01-05,7.90135095551
2012-01-06,7.61712969812
2012-01-09,7.19648223718
2012-01-10,7.23058878807
2012-01-11,7.84450670403
2012-01-12,7.73081820108
2012-01-13,7.28743303954
2012-01-16,7.59439199753
2012-01-17,6.3441491687
2012-01-18,6.49039204172
2012-01-19,6.72867750821
2012-01-20,6.80478513136
2012-01-23,6.713309
2012-01-24,6.67105165907
2012-01-25,6.34457576134
2012-01-26,6.14539786429
2012-01-27,6.12581544995
2012-01-30,6.20402286635
2012-01-31,6.19999320458
2012-02-01,6.43225869535
2012-02-02,6.44288238938
2012-02-03,6.36823740625
2012-02-06,6.09744984152
2012-02-07,6.18785024322
2012-02-08,6.1535241516
2012-02-09,6.23945027356
2012-02-10,6.27397695622
2012-02-13,5.97644360196
2012-02-14,5.72637851908
2012-02-15,5.70610377828
2012-02-16,5.69846720532
2012-02-17,5.7107449455
2012-02-20,5.70239627208
2012-02-21,5.69082626873
2012-02-22,5.70442979469
2012-02-23,5.79611639636
2012-02-24,5.80071760033
2012-02-27,5.78384272049
2012-02-28,5.7618818553
2012-02-29,5.7592993034
2012-03-01,5.77434527081
2012-03-02,5.71775109473
2012-03-05,5.7815619954
2012-03-06,5.78410315011
2012-03-07,5.77051675863
2012-03-08,5.76770659368
2012-03-09,5.74834393187
2012-03-12,5.75635111195
2012-03-13,5.86220190023
2012-03-14,5.89928637029
2012-03-15,5.87516440463
2012-03-16,5.8787505265
2012-03-19,5.53357580228
2012-03-20,5.59386513288
2012-03-21,5.57847721407
2012-03-22,5.52738277745
2012-03-23,5.52274256668
2012-03-26,5.57728229477
2012-03-27,5.56755492047
2012-03-28,5.57682047146
2012-03-29,5.5989494244
2012-03-30,5.62845310516
2012-04-02,5.65303657165
2012-04-03,5.62698595222
2012-04-04,5.6330279337
2012-04-05,5.6522204787
2012-04-06,5.47421022644
2012-04-09,5.54086541245
2012-04-10,5.59344590285
2012-04-11,5.58670520521
2012-04-12,5.59949731182
2012-04-13,5.6130907948
2012-04-16,5.62664858608
2012-04-17,5.72427686942
2012-04-18,5.73914322522
2012-04-19,5.89770466123
2012-04-20,5.81327439542
2012-04-23,5.66056961604
2012-04-24,5.68310253486
2012-04-25,5.65854350975
2012-04-26,5.66541457135
2012-04-27,5.55674449382
2012-04-30,5.57155473985
2012-05-01,5.62444604537
2012-05-02,5.67226971318
2012-05-03,5.61989637743
2012-05-04,5.62794363647
2012-05-07,5.60242000488
2012-05-08,5.59380999174
2012-05-09,5.42725696965
2012-05-10,5.49430998609
2012-05-11,5.48648066132
2012-05-14,5.5551476993
2012-05-15,5.59667086463
2012-05-16,5.60521999253
2012-05-17,5.62249160341
2012-05-18,5.60418765915
2012-05-21,5.60398054515
2012-05-22,5.63750830656
2012-05-23,5.61489111275
2012-05-24,5.64014343591
2012-05-25,5.58428022776
2012-05-28,5.62818592119
2012-05-29,5.61576256246
2012-05-30,5.65317159483
2012-05-31,5.75139272292
2012-06-01,5.72956580557
2012-06-04,5.93692152043
2012-06-05,5.95874843779
2012-06-06,6.10062340059
2012-06-07,6.1442772353
2012-06-08,6.06788302456
2012-06-11,6.22067144604
2012-06-12,6.47168099562
2012-06-13,6.49350791297
2012-06-14,7.09374814022
2012-06-15,6.98461355345
2012-06-18,7.09374814022
2012-06-19,7.27927693774
2012-06-20,7.29019039641
2012-06-21,7.14831543361
2012-06-22,7.01735392948
2012-06-25,7.00644047081
2012-06-26,7.25745002038
2012-06-27,7.21379618567
2012-06-28,7.25745002038
2012-06-29,7.30110385509
2012-07-02,7.03918084684
2012-07-03,7.1046615989
2012-07-04,7.27927693774
2012-07-05,7.25745002038
2012-07-06,7.37749806583
2012-07-09,7.85769024763
2012-07-10,7.80312295424
2012-07-11,8.46884393356
2012-07-12,8.37062280546
2012-07-13,8.22874784266
2012-07-16,9.60384363599
2012-07-17,9.94216085499
2012-07-18,9.68023784673
2012-07-19,9.29826679303
2012-07-20,9.65841092938
2012-07-23,9.38557446245
2012-07-24,9.60384363599
2012-07-25,9.71297822276
2012-07-26,9.71297822276
2012-07-27,9.70206476409
2012-07-30,10.2040838632
2012-07-31,10.4223530368
2012-08-01,11.4918719872
2012-08-02,11.972064169
2012-08-03,11.9829776276
2012-08-06,12.1139391318
2012-08-07,12.0702852971
2012-08-08,12.0702852971
2012-08-09,12.4304294334
2012-08-10,12.5613909375
2012-08-13,13.3035061276
2012-08-14,14.4603327474
2012-08-15,14.7331692143
2012-08-16,12.6021973607
2012-08-17,12.6173268294
2012-08-20,11.7012229783
2012-08-21,11.6754098319
2012-08-22,11.7324038228
2012-08-23,11.8364781589
2012-08-24,11.8127392959
2012-08-27,11.9227469434
2012-08-28,11.9168306796
2012-08-29,11.8748290846
2012-08-30,11.6982875749
2012-08-31,11.6590199935
2012-09-03,11.7282865913
2012-09-04,11.8586734608
2012-09-05,11.9058615162
2012-09-06,11.8480129222
2012-09-07,11.8585158946
2012-09-10,11.9327233616
2012-09-11,11.9416640995
2012-09-12,11.9534963319
2012-09-13,12.0325157653
2012-09-14,12.0575633721
2012-09-17,12.2149587818
2012-09-18,12.3408246242
2012-09-19,12.2055570254
2012-09-20,12.2420806255
2012-09-21,12.1840475372
2012-09-24,12.1676877126
2012-09-25,12.1943467355
2012-09-26,12.2059542653
2012-09-27,12.242755742
2012-09-28,12.2278294359
2012-10-01,12.4579545919
2012-10-02,12.4863344138
2012-10-03,12.4609457657
2012-10-04,12.3610314377
2012-10-05,12.249732149
2012-10-08,11.9156766716
2012-10-09,12.0122405088
2012-10-10,11.9673236556
2012-10-11,11.9536160242
2012-10-12,11.8877970242
2012-10-15,11.8818984165
2012-10-16,11.8628106524
2012-10-17,11.9235493523
2012-10-18,11.8252252249
2012-10-19,11.8240875864
2012-10-22,11.7875276584
2012-10-23,11.7863056194
2012-10-24,11.4716801302
2012-10-25,11.3023260485
2012-10-26,11.3133600179
2012-10-29,11.3497847869
2012-10-30,11.3980043251
2012-10-31,11.4591804092
2012-11-01,11.308989763
2012-11-02,11.2925173267
2012-11-05,11.311301223
2012-11-06,11.2680103615
2012-11-07,11.285193345
2012-11-08,11.2942680408
2012-11-09,11.1853470283
2012-11-12,11.3464087013
2012-11-13,11.2846597512
2012-11-14,11.2844346952
2012-11-15,11.5236230599
2012-11-16,12.0895152638
2012-11-19,12.1409600096
2012-11-20,12.0689373654
2012-11-21,12.1100931621
2012-11-22,12.7788748575
2012-11-23,12.7068522134
2012-11-26,12.6039627218
2012-11-27,12.552517976
2012-11-28,12.7068522134
2012-11-29,12.809741705
2012-11-30,12.9332090949
2012-12-03,13.0463875357
2012-12-04,13.7974808244
2012-12-05,13.7666139769
2012-12-06,13.6843023837
2012-12-07,13.8900813669
2012-12-10,13.8180587227
2012-12-11,13.9518150618
2012-12-12,14.0958603501
2012-12-13,14.0958603501
2012-12-14,13.9929708585
2012-12-17,13.6328576379
2012-12-18,13.6843023837
2012-12-19,13.9929708585
2012-12-20,13.9106592652
2012-12-21,13.8900813669
2012-12-24,13.7666139769
2012-12-25,13.7357471295
2012-12-26,13.8592145194
2012-12-27,13.8077697736
2012-12-28,13.8077697736
2012-12-31,13.900370316
2013-01-01,13.6843023837
2013-01-02,13.6637244853
2013-01-03,13.7871918753
2013-01-04,13.8900813669
2013-01-07,13.9826819093
2013-01-08,14.1370161467
2013-01-09,14.1678829942
2013-01-10,14.5485741132
2013-01-11,14.5485741132
2013-01-14,14.7131972997
2013-01-15,14.6617525539
2013-01-16,15.1556221136
2013-01-17,15.947871199
2013-01-18,16.1536501822
2013-01-21,17.285433561
2013-01-22,17.7587262513
2013-01-23,18.0056610311
2013-01-24,17.3883240815
2013-01-25,17.9027715395
2013-01-28,19.2609117998
2013-01-29,20.0943187396
2013-01-30,20.2692308754
2013-01-31,20.9997452369
2013-02-01,21.0923457793
2013-02-04,21.0203231352
2013-02-05,21.1952352709
2013-02-06,21.7919943222
2013-02-07,22.7900223908
2013-02-08,23.314758798
2013-02-11,25.362259681
2013-02-12,25.8972850373
2013-02-13,24.8992579976
2013-02-14,28.0065185864
2013-02-15,27.8830522253
2013-02-18,27.7287190168
2013-02-19,30.2700884306
2013-02-20,30.5067342613
2013-02-21,30.6096237529
2013-02-22,31.1240712109
2013-02-25,31.2784054483
2013-02-26,31.9986318896
2013-02-27,31.7928529064
2013-02-28,34.3445133271
2013-03-01,35.4968746042
2013-03-04,37.1945532735
2013-03-05,41.4953340226
2013-03-06,42.2052694569
2013-03-07,43.2135864747
2013-03-08,45.4565773917
2013-03-11,49.7985159953
2013-03-12,45.5697568613
2013-03-13,48.2757474039
2013-03-14,48.5329711329
2013-03-15,48.3066173381
2013-03-18,53.0909756111
2013-03-19,60.8488443071
2013-03-20,66.3534310791
2013-03-21,72.8972027453
2013-03-22,71.888890872
2013-03-25,75.7266637644
2013-03-26,80.7682509109
2013-03-27,91.4893338785
2013-03-28,88.6701638663
2013-03-29,93.1149899037
2013-04-01,121.389025284
2013-04-02,138.900813668
2013-04-03,135.906178973
2013-04-04,145.89530537
2013-04-05,146.213090998
2013-04-08,235.516410854
2013-04-09,192.106548455
2013-04-10,192.106548455
2013-04-11,192.106548455
2013-04-12,192.106548455
2013-04-15,192.106548455
2013-04-16,192.106548455
2013-04-17,192.106548455
2013-04-18,192.106548455
2013-04-19,192.106548455
2013-04-22,192.106548455
2013-04-23,192.106548455
2013-04-24,192.106548455
2013-04-25,192.106548455
2013-04-26,192.106548455
2013-04-29,192.106548455
2013-04-30,192.106548455
2013-05-01,192.106548455
2013-05-02,192.106548455
2013-05-03,192.106548455
2013-05-06,192.106548455
2013-05-07,192.106548455
2013-05-08,192.103639431
2013-05-09,192.125955555
2013-05-10,192.101796887
2013-05-13,192.031896
2013-05-14,192.090515743
2013-05-15,192.194475057
2013-05-16,192.3548469
2013-05-17,192.341847761
2013-05-20,192.32625862
2013-05-21,192.363775074
2013-05-22,192.483104676
2013-05-23,192.838804422
2013-05-24,192.774857473
2013-05-27,192.593046099
2013-05-28,192.803039585
2013-05-29,192.562989881
2013-05-30,192.561543573
2013-05-31,192.596671141
2013-06-03,191.933367508
2013-06-04,191.976624341
2013-06-05,191.6966301
2013-06-06,190.922621334
2013-06-07,190.629361866
2013-06-10,190.727654203
2013-06-11,190.706367146
2013-06-12,190.236825161
2013-06-13,189.812796381
2013-06-14,189.79157116
2013-06-17,190.490036148
2013-06-18,190.614266258
2013-06-19,190.943450215
2013-06-20,190.093700737
2013-06-21,189.236321009
2013-06-24,185.90352574
2013-06-25,186.267407123
2013-06-26,184.868850825
2013-06-27,180.816668493
2013-06-28,180.907224852
2013-07-01,179.116477316
2013-07-02,175.183441071
2013-07-03,175.588709971
2013-07-04,170.348485805
2013-07-05,170.647624703
2013-07-08,173.783483241
2013-07-09,184.064878937
2013-07-10,185.211725423
2013-07-11,191.223819071
2013-07-12,196.761121416
2013-07-15,195.086311424
2013-07-16,197.025649745
2013-07-17,185.05429019
2013-07-18,187.580578972
2013-07-19,184.478417184
2013-07-22,192.224723502
2013-07-23,191.518475774
2013-07-24,194.271316207
2013-07-25,192.781417017
2013-07-26,190.239306116
2013-07-29,211.710418146
2013-07-30,208.63802949
2013-07-31,204.930325607
2013-08-01,205.76779882
2013-08-02,206.531964932
2013-08-05,209.346573283
2013-08-06,208.315968986
2013-08-07,202.958168616
2013-08-08,202.516215292
2013-08-09,202.85018657
2013-08-12,214.545722289
2013-08-13,220.340022924
2013-08-14,215.309160548
2013-08-15,213.35162655
2013-08-16,220.711958298
2013-08-19,237.253114711
2013-08-20,241.363947852
2013-08-21,238.819147782
2013-08-22,231.987358043
2013-08-23,234.121062271
2013-08-26,257.004624922
2013-08-27,252.052067822
2013-08-28,253.109151841
2013-08-29,270.198415816
2013-08-30,276.012293748
2013-09-02,281.884895742
2013-09-03,259.392820315
2013-09-04,254.870920695
2013-09-05,238.46835182
2013-09-06,250.529624891
2013-09-09,257.462792588
2013-09-10,275.866880944
2013-09-11,270.528148428
2013-09-12,273.071322581
2013-09-13,265.402967154
2013-09-16,270.139853676
2013-09-17,272.585983261
2013-09-18,262.180306306
2013-09-19,259.773013574
2013-09-20,260.879600812
2013-09-23,261.656132075
2013-09-24,262.083232618
2013-09-25,266.160094551
2013-09-26,269.712753134
2013-09-27,276.643412208
2013-09-30,272.372432019
2013-10-01,238.489605369
2013-10-02,250.382203972
2013-10-03,261.208436816
2013-10-04,260.979321022
2013-10-07,260.578417066
2013-10-08,266.324916471
2013-10-09,268.062240767
2013-10-10,267.470411438
2013-10-11,272.796896403
2013-10-14,301.815806305
2013-10-15,291.754663795
2013-10-16,300.861236712
2013-10-17,321.26994034
2013-10-18,349.658830493
2013-10-21,387.536172947
2013-10-22,435.226462181
2013-10-23,395.153621117
2013-10-24,377.780471705
2013-10-25,359.818180447
2013-10-28,391.53432096
2013-10-29,408.755030352
2013-10-30,393.615955154
2013-10-31,399.614809916
2013-11-01,403.891589198
2013-11-04,450.690276221
2013-11-05,475.556205341
2013-11-06,499.778731336
2013-11-07,585.976818037
2013-11-08,671.796461921
2013-11-11,686.897710247
2013-11-12,719.181784323
2013-11-13,822.903367597
2013-11-14,820.159387509
2013-11-15,821.143463352
2013-11-18,1484.49759923
2013-11-19,1336.26572716
2013-11-20,1333.10959173
2013-11-21,1375.35471467
2013-11-22,1396.29717006
2013-11-25,1411.34248431
2013-11-26,1494.41961009
2013-11-27,1567.65848304
2013-11-28,1583.26532808
2013-11-29,1664.65873963
2013-12-02,1579.26622446
2013-12-03,1617.63168983
2013-12-04,1680.81563422
2013-12-05,1583.92134366
2013-12-06,1421.41156251
2013-12-09,1425.99853486
2013-12-10,1435.82256828
2013-12-11,1420.2639014
2013-12-12,1418.97356883
2013-12-13,1420.70924885
2013-12-16,1411.39770637
2013-12-17,1411.05685421
2013-12-18,1410.45717604
2013-12-19,1410.45717604
2013-12-20,1410.45717604
2013-12-23,1410.45717604
2013-12-24,1410.45717604
2013-12-25,1410.45717604
2013-12-26,1410.45717604
2013-12-27,1410.45717604
2013-12-30,1410.45717604
2013-12-31,1410.2257335
2014-01-01,1410.75660355
2014-01-02,1413.47671479
2014-01-03,1415.70264939
2014-01-06,1428.24134316
2014-01-07,1405.35612674
2014-01-08,1410.11674088
2014-01-09,1409.89673782
2014-01-10,1412.20173919
2014-01-13,1408.10275989
2014-01-14,1407.63919869
2014-01-15,1409.67733683
2014-01-16,1406.24111706
2014-01-17,1404.23600898
2014-01-20,1410.43213796
2014-01-21,1411.23868663
2014-01-22,1409.7269531
2014-01-23,1408.81334684
2014-01-24,1405.01839433
2014-01-27,1408.19631978
2014-01-28,1406.68994295
2014-01-29,1404.67348172
2014-01-30,1410.08718178
2014-01-31,1408.9709462
2014-02-03,1405.85836377
2014-02-04,1403.63169277
2014-02-05,1393.75352729
2014-02-06,1365.45382213
2014-02-07,1321.64101807
2014-02-10,1294.19847584
2014-02-11,1293.74105073
2014-02-12,1288.19331859
2014-02-13,1273.22363491
2014-02-14,1270.55142359
2014-02-17,1237.03580489
2014-02-18,1243.20213407
2014-02-19,1212.18016692
2014-02-20,1183.93110291
2014-02-21,1183.6326731
2014-02-24,1225.43224466
2014-02-25,1116.47388599
2014-02-26,2227.53886853
2014-02-27,2238.93535864
2014-02-28,2159.88518077
2014-03-03,2429.98778932
2014-03-04,2428.78800042
2014-03-05,2415.87847961
2014-03-06,2378.79070027
2014-03-07,2274.11005213
2014-03-10,2262.16937656
2014-03-11,2248.49030728
2014-03-12,2281.01910948
2014-03-13,2298.79226856
2014-03-14,2263.12322457
2014-03-17,2238.59507479
2014-03-18,2215.17553412
2014-03-19,2203.7396526
2014-03-20,2120.53551984
2014-03-21,2074.23539901
2014-03-24,2118.12333519
2014-03-25,2104.90808778
2014-03-26,2103.71952371
2014-03-27,1825.97425678
2014-03-28,1855.79204488
2014-03-31,1826.58066855
2014-04-01,1773.13671913
2014-04-02,1783.28870599
2014-04-03,1791.33793094
2014-04-04,1804.64684292
2014-04-07,1815.1111696
2014-04-08,1803.49629726
2014-04-09,1724.19059617
2014-04-10,1754.28589674
2014-04-11,1756.52133854
2014-04-14,1834.38089278
2014-04-15,1848.56986106
2014-04-16,1800.7136098
2014-04-17,1781.36209345
2014-04-18,1800.38682464
2014-04-21,1779.31507139
2014-04-22,1778.73443304
2014-04-23,1790.75696828
2014-04-24,1752.40584776
2014-04-25,1745.93825979
2014-04-28,1736.20172396
2014-04-29,1735.76537301
2014-04-30,1748.01773368
2014-05-01,1742.40968174
2014-05-02,1729.13419352
2014-05-05,1723.66883992
2014-05-06,1733.14914845
2014-05-07,1728.0961167
2014-05-08,1731.53740866
2014-05-09,1734.75779384
2014-05-12,1696.70759911
2014-05-13,1712.59199004
2014-05-14,1723.32630703
2014-05-15,1736.30216611
2014-05-16,1734.2481959
2014-05-19,1809.35606737
2014-05-20,1822.21903038
2014-05-21,1902.8778571
2014-05-22,1912.95806632
2014-05-23,1921.70886409
2014-05-26,2104.99583251
2014-05-27,2107.72834318
2014-05-28,2084.02343802
2014-05-29,2260.99667037
2014-05-30,2318.44927556
2014-06-02,2471.75478818
2014-06-03,2359.13879872
2014-06-04,2437.60075859
2014-06-05,2401.52664484
2014-06-06,2406.17901444
2014-06-09,2420.76375247
2014-06-10,2373.98202551
2014-06-11,2204.79955254
2014-06-12,2253.61201533
2014-06-13,2154.17766097
2014-06-16,2234.19056086
2014-06-17,2238.32594923
2014-06-18,2216.02414698
2014-06-19,2181.24248448
2014-06-20,2204.46714337
2014-06-23,2173.93174983
2014-06-24,2098.90362502
2014-06-25,2151.51929223
2014-06-26,2223.63033061
2014-06-27,2206.38722753
2014-06-30,2374.8681472
2014-07-01,2384.20962137
2014-07-02,2355.81583687
2014-07-03,2303.86476277
2014-07-04,2300.17243524
2014-07-07,2271.96299758
2014-07-08,2300.32004711
2014-07-09,2283.29847262
2014-07-10,2336.87417821
2014-07-11,2347.95116078
2014-07-14,2287.76604492
2014-07-15,2270.04291711
2014-07-16,2313.53864242
2014-07-17,2316.82464407
2014-07-18,2315.23696908
2014-07-21,2298.58476026
2014-07-22,2295.48310544
2014-07-23,2222.30114808
2014-07-24,2217.24267784
2014-07-25,2200.62720398
2014-07-28,2162.85476726
2014-07-29,2084.45736865
2014-07-30,2172.74122038
2014-07-31,2206.87000749
2014-08-01,2180.84938305
2014-08-04,2169.94011949
2014-08-05,2173.66262303
2014-08-06,2184.82990513
2014-08-07,2196.07097316
2014-08-08,2172.74122038
2014-08-11,2091.70283937
2014-08-12,1999.74768798
2014-08-13,1891.45966668
2014-08-14,1871.43471647
2014-08-15,1929.16298406
2014-08-18,1825.75892039
2014-08-19,1884.98769244
2014-08-20,1887.86320254
2014-08-21,1882.8899253
2014-08-22,1832.87455007
2014-08-25,1866.4186658
2014-08-26,1872.96611787
2014-08-27,1860.50621432
2014-08-28,1864.81785162
2014-08-29,1847.28979478
2014-09-01,1779.90084687
2014-09-02,1781.86897162
2014-09-03,1802.11012486
2014-09-04,1787.13153936
2014-09-05,1788.7514336
2014-09-08,1769.4489103
2014-09-09,1778.05122041
2014-09-10,1775.66351558
2014-09-11,1774.17905
2014-09-12,1774.97559437
2014-09-15,1752.69811155
2014-09-16,1742.59152148
2014-09-17,1677.84828317
2014-09-18,1643.9878986
2014-09-19,1656.28676984
2014-09-22,1693.79617381
2014-09-23,1662.96205002
2014-09-24,1641.86292034
2014-09-25,1628.92537435
2014-09-26,1622.81139152
2014-09-29,1611.86909931
2014-09-30,1606.75798937
2014-10-01,1599.07409973
2014-10-02,1589.47633023
2014-10-03,1565.884799
2014-10-06,1563.24085264
2014-10-07,1575.54053715
2014-10-08,1590.01481096
2014-10-09,1591.41512171
2014-10-10,1590.43970977
2014-10-13,1657.61300332
2014-10-14,1645.75787491
2014-10-15,1606.79676646
2014-10-16,1608.4791372
2014-10-17,1633.44037978
2014-10-20,1608.57258041
2014-10-21,1599.67872692
2014-10-22,1539.91730508
2014-10-23,1538.63726299
2014-10-24,1522.39365087
2014-10-27,1527.51819345
2014-10-28,1528.96202816
2014-10-29,1497.92680413
2014-10-30,1505.7689986
2014-10-31,1494.70829266
2014-11-03,1479.6479691
2014-11-04,1481.69210723
2014-11-05,1487.90025924
2014-11-06,1501.10109151
2014-11-07,1490.16815985
2014-11-10,1531.52493204
2014-11-11,1527.19363694
2014-11-12,1691.12427968
2014-11-13,1678.16773038
2014-11-14,1549.77982917
2014-11-17,1516.07668646
2014-11-18,1502.13742247
2014-11-19,1507.59059162
2014-11-20,1445.8832603
2014-11-21,1435.28510848
2014-11-24,1480.55176155
2014-11-25,1474.73401078
2014-11-26,1447.81830968
2014-11-27,1454.53408488
2014-11-28,1473.19761352
2014-12-01,1475.57092107
2014-12-02,1480.53239652
2014-12-03,1471.10044471
2014-12-04,1452.90458253
2014-12-05,1470.19609474
2014-12-08,1437.25521737
2014-12-09,1409.08320585
2014-12-10,1401.5234512
2014-12-11,1401.11127064
2014-12-12,1409.76826802
2014-12-15,1395.41857587
2014-12-16,1370.90237583
2014-12-17,1363.3227008
2014-12-18,1359.02442487
2014-12-19,1361.64399087
2014-12-22,1373.90601695
2014-12-23,1380.66074233
2014-12-24,1356.25321841
2014-12-25,1351.8708504
2014-12-26,1360.77648826
2014-12-29,1332.51553403
2014-12-30,1330.56213272
2014-12-31,1334.23323224
2015-01-01,1330.72302866
2015-01-02,1330.90392268
2015-01-05,1301.07256719
2015-01-06,1303.58534002
2015-01-07,1312.34841653
2015-01-08,1296.66336439
2015-01-09,1301.22513672
2015-01-12,1271.90523916
2015-01-13,1247.81701746
2015-01-14,1218.73501232
2015-01-15,1247.68777125
2015-01-16,1236.65975614
2015-01-19,1268.55682523
2015-01-20,1246.28106757
2015-01-21,1315.23589896
2015-01-22,1338.43322029
2015-01-23,1335.38479623
2015-01-26,1548.25719601
2015-01-27,1514.26430479
2015-01-28,1356.98480972
2015-01-29,1346.68988324
2015-01-30,1336.38038452
2015-02-02,1365.37314357
2015-02-03,1309.55414203
2015-02-04,1305.71597015
2015-02-05,1267.14918615
2015-02-06,1287.83081459
2015-02-09,1277.5040406
2015-02-10,1275.30298774
2015-02-11,1272.50508911
2015-02-12,1281.82649518
2015-02-13,1325.99012089
2015-02-16,1324.29468173
2015-02-17,1356.42545905
2015-02-18,1312.86532575
2015-02-19,1342.27013549
2015-02-20,1355.96619035
2015-02-23,1324.35731136
2015-02-24,1324.74544642
2015-02-25,1316.09460741
2015-02-26,1311.65825455
2015-02-27,1405.59768527
2015-03-02,1518.05880311
2015-03-03,1556.32216981
2015-03-04,1507.91075608
2015-03-05,1526.26608613
2015-03-06,1511.45974188
2015-03-09,1608.28273016
2015-03-10,1615.76908081
2015-03-11,1639.22626962
2015-03-12,1629.52178412
2015-03-13,1592.70011024
2015-03-16,1610.44552725
2015-03-17,1582.55206876
2015-03-18,1418.76852842
2015-03-19,1444.96586351
2015-03-20,1449.42704102
2015-03-23,1469.16134866
2015-03-24,1362.91859622
2015-03-25,1361.63598084
2015-03-26,1367.63288733
2015-03-27,1364.6537307
2015-03-30,1353.58345323
2015-03-31,1361.0572579
2015-04-01,1382.9324573
2015-04-02,1390.9115018
2015-04-03,1384.00391361
2015-04-06,1384.33209419
2015-04-07,1347.47755618
2015-04-08,1343.11811605
2015-04-09,1312.6842462
2015-04-10,1317.47637504
2015-04-13,1265.50386817
2015-04-14,1272.53402494
2015-04-15,1283.08575261
2015-04-16,1271.36374903
2015-04-17,1272.357644
2015-04-20,1293.58398174
2015-04-21,1293.46717226
2015-04-22,1297.53148216
2015-04-23,1284.2732925
2015-04-24,1269.60009384
2015-04-27,1268.82353661
2015-04-28,1267.89633282
2015-04-29,1290.83479109
2015-04-30,1282.56024271
2015-05-01,1289.21970285
2015-05-04,1290.67520946
2015-05-05,1271.22211747
2015-05-06,1291.18932934
2015-05-07,1311.04964651
2015-05-08,1301.7563774
2015-05-11,1302.08435445
2015-05-12,1282.24353583
2015-05-13,1284.02845381
2015-05-14,1285.05267748
2015-05-15,1281.47776624
2015-05-18,1265.28277449
2015-05-19,1270.64236926
2015-05-20,1275.46529632
2015-05-21,1293.28531847
2015-05-22,1286.36410512
2015-05-25,1282.04564344
2015-05-26,1279.8505263
2015-05-27,1279.92113587
2015-05-28,1278.72618024
2015-05-29,1263.21466866
2015-06-01,1233.17380447
2015-06-02,1232.74662253
2015-06-03,1228.90309004
2015-06-04,1231.78557939
2015-06-05,1230.20726743
2015-06-08,1242.78264276
2015-06-09,1239.81737545
2015-06-10,1243.21130557
2015-06-11,1245.13434163
2015-06-12,1252.09399799
2015-06-15,1314.19000825
2015-06-16,1301.35426188
2015-06-17,1306.93042642
2015-06-18,1283.810948
2015-06-19,1287.8912015
2015-06-22,1281.81248035
2015-06-23,1265.68602347
2015-06-24,1275.12136291
2015-06-25,1276.98410789
2015-06-26,1316.46446451
2015-06-29,1386.76900782
2015-06-30,1352.64058619
2015-07-01,1338.25419635
2015-07-02,1340.98441232
2015-07-03,1368.0245918
2015-07-06,1397.74258701
2015-07-07,1410.50149218
2015-07-08,1413.12675539
2015-07-09,1489.15427272
2015-07-10,1532.9961997
2015-07-13,1506.69100991
2015-07-14,1488.10426195
2015-07-15,1452.24307734
2015-07-16,1468.1521671
2015-07-17,1438.90669827
2015-07-20,1444.36728773
2015-07-21,1451.56048266
2015-07-22,1446.62497734
2015-07-23,1514.09427314
2015-07-24,1516.03694166
2015-07-27,1542.07966814
2015-07-28,1514.09427314
2015-07-29,1507.00603099
2015-07-30,1489.73191463
2015-07-31,1472.61514605
2015-08-03,1492.72459392
2015-08-04,1479.17830405
2015-08-05,1459.64634058
2015-08-06,1459.06886143
2015-08-07,1356.97278382
2015-08-10,1404.87064142
2015-08-11,1397.71654796
2015-08-12,1375.25176446
2015-08-13,1382.95166776
2015-08-14,1360.01113673
2015-08-17,1295.1142927
2015-08-18,1227.17513865
2015-08-19,1238.37642737
2015-08-20,1233.62424415
2015-08-21,1228.43740984
2015-08-24,1212.90486621
2015-08-25,1216.30206943
2015-08-26,1212.74612084
2015-08-27,1224.1646655
2015-08-28,1217.96408703
2015-08-31,1215.48960772
2015-09-01,1217.46508435
2015-09-02,1212.42064969
2015-09-03,1218.79192198
2015-09-04,1225.1045731
2015-09-07,1246.26084396
2015-09-08,1226.56272231
2015-09-09,1228.22340771
2015-09-10,1232.10964912
2015-09-11,1217.74163179
2015-09-14,1201.74838491
2015-09-15,1199.74370768
2015-09-16,1207.23417782
2015-09-17,1206.02475951
2015-09-18,1203.44904081
2015-09-21,1200.91567666
2015-09-22,1200.58867675
2015-09-23,1209.15627137
2015-09-24,1212.66680459
2015-09-25,1210.62719655
2015-09-28,1216.99466705
2015-09-29,1214.52170987
2015-09-30,1217.68203325
2015-10-01,1216.55971352
2015-10-02,1222.36101845
2015-10-05,1246.83447249
2015-10-06,1233.48340501
2015-10-07,1231.83968877
2015-10-08,1237.50981933
2015-10-09,1242.97469268
2015-10-12,1258.32879038
2015-10-13,1274.73413472
2015-10-14,1285.39354503
2015-10-15,1327.98063237
2015-10-16,1361.8785271
2015-10-19,1362.73740782
2015-10-20,1349.40043953
2015-10-21,1386.32962807
2015-10-22,1398.95926113
2015-10-23,1427.45163755
2015-10-26,1440.5359172
2015-10-27,1488.5790919
2015-10-28,1533.43957381
2015-10-29,1584.41275266
2015-10-30,1652.56220216
2015-11-02,1815.02982213
2015-11-03,2003.00923522
2015-11-04,2025.23751571
2015-11-05,1933.34429037
2015-11-06,1868.22583155
2015-11-09,1920.8156388
2015-11-10,1699.22411494
2015-11-11,1562.64547699
2015-11-12,1620.91879471
2015-11-13,1620.5922738
2015-11-16,1609.75175478
2015-11-17,1620.11894158
2015-11-18,1625.90554173
2015-11-19,1593.3633723
2015-11-20,1582.77827593
2015-11-23,1585.08108574
2015-11-24,1575.93247974
2015-11-25,1595.07424796
2015-11-26,1661.54964118
2015-11-27,1679.61656442
2015-11-30,1748.87497658
2015-12-01,1674.93666007
2015-12-02,1667.92332104
2015-12-03,1668.97789891
2015-12-04,1673.58364514
2015-12-07,1782.28546503
2015-12-08,1856.37414262
2015-12-09,1880.46757465
2015-12-10,1878.16214853
2015-12-11,2033.39111697
2015-12-14,1997.99679807
2015-12-15,2091.34209647
2015-12-16,2052.15069766
2015-12-17,2059.15719327
2015-12-18,2093.73787996
2015-12-21,1978.06201555
2015-12-22,1975.53063046
2015-12-23,1999.94051897
2015-12-24,2047.63034291
2015-12-25,2052.46701852
2015-12-28,1906.5048632
2015-12-29,1952.43168099
2015-12-30,1930.86950296
2015-12-31,1943.52657761
2016-01-01,1966.33547924
2016-01-04,1928.58533325
2016-01-05,1908.40754788
2016-01-06,1912.87511301
2016-01-07,1947.51892135
2016-01-08,1969.85621439
2016-01-11,1931.33720398
2016-01-12,2097.60638828
2016-01-13,2005.41310924
2016-01-14,1996.64559817
2016-01-15,1971.33657233
2016-01-18,2275.10177169
2016-01-19,2032.95244348
2016-01-20,2305.07280103
2016-01-21,2278.98644465
2016-01-22,2227.64594011
2016-01-25,3073.84242554
2016-01-26,2974.02433763
2016-01-27,3201.44101204
2016-01-28,3139.87779523
2016-01-29,3193.55625676
2016-02-01,2987.21957971
2016-02-02,3217.8206073
2016-02-03,3192.58764733
2016-02-04,3236.95620504
2016-02-05,3443.66350838
2016-02-08,3845.24347556
2016-02-09,4032.11740641
2016-02-10,4380.27043084
2016-02-11,5631.44901573
2016-02-12,5075.03333976
2016-02-15,5183.55005698
2016-02-16,4837.47058958
2016-02-17,4630.36322413
2016-02-18,4881.03248754
2016-02-19,4901.37120996
2016-02-22,5066.2701737
2016-02-23,5011.94487857
2016-02-24,5077.99523834
2016-02-25,5080.79196935
2016-02-26,5113.02166166
2016-02-29,5186.86090851
2016-03-01,5612.70754415
2016-03-02,5919.81422966
2016-03-03,6069.52050139
2016-03-04,6254.74621993
2016-03-07,6042.15454782
2016-03-08,6182.46176985
2016-03-09,6784.88188037
2016-03-10,6692.90114829
2016-03-11,7053.27938842
2016-03-14,7075.01144897
2016-03-15,7105.50171585
2016-03-16,7156.96985481
2016-03-17,6634.93118319
2016-03-18,6574.22167372
2016-03-21,6745.73410769
2016-03-22,6499.88650679
2016-03-23,6903.65384217
2016-03-24,6608.99581225
2016-03-25,6449.44934588
2016-03-28,6466.12772744
2016-03-29,6403.38587079
2016-03-30,6363.21811791
2016-03-31,6430.72564302
2016-04-01,6448.00996312
2016-04-04,6100.54750344
2016-04-05,6174.95745252
2016-04-06,5926.44586098
2016-04-07,5795.05797148
2016-04-08,5635.2946527
2016-04-11,5368.1191392
2016-04-12,5384.57115341
2016-04-13,5438.05610215
2016-04-14,5436.51876126
2016-04-15,5457.83550081
2016-04-18,5542.30654548
2016-04-19,5492.49673866
2016-04-20,5546.20923349
2016-04-21,5518.62155541
2016-04-22,5568.83758292
2016-04-25,5470.8392888
2016-04-26,5278.9496597
2016-04-27,5270.50815902
2016-04-28,5346.5701658
2016-04-29,5410.23368084
2016-05-02,5383.94681135
2016-05-03,5329.63573266
2016-05-04,5377.90965338
2016-05-05,5375.58155523
2016-05-06,5379.58449262
2016-05-09,5326.57186982
2016-05-10,5406.05804725
2016-05-11,5446.88078891
2016-05-12,5520.11045994
2016-05-13,5450.38578505
2016-05-16,5827.40555261
2016-05-17,6046.9862515
2016-05-18,6327.38693078
2016-05-19,6117.80089309
2016-05-20,6159.60590539
2016-05-23,5816.36434645
2016-05-24,5787.83611642
2016-05-25,5783.83650143
2016-05-26,5612.11064337
2016-05-27,5993.91794479
2016-05-30,6421.3941331
2016-05-31,6494.12877722
2016-06-01,6481.090355
2016-06-02,6674.20525361
2016-06-03,6688.27402583
2016-06-06,6825.60432607
2016-06-07,6853.5284572
2016-06-08,6820.68188814
2016-06-09,6737.1954551
2016-06-10,6824.22916873
2016-06-13,8457.71224314
2016-06-14,8257.01175093
2016-06-15,9077.70600706
2016-06-16,7970.09778924
2016-06-17,7559.10806206
2016-06-20,6909.2734623
2016-06-21,6818.00096
2016-06-22,6784.33963732
2016-06-23,6938.0406111
2016-06-24,6925.25162387
2016-06-27,6867.29995795
2016-06-28,6800.50274973
2016-06-29,6779.50052533
2016-06-30,6813.32273044
2016-07-01,6833.05228135
2016-07-04,6641.91459292
2016-07-05,6676.39173653
2016-07-06,6589.49241959
2016-07-07,6676.78258613
2016-07-08,6613.85034283
2016-07-11,6631.42378226
2016-07-12,6609.28671771
2016-07-13,6615.14414981
2016-07-14,6649.83712692
2016-07-15,6663.59535505
2016-07-18,6635.52708595
2016-07-19,6640.75870736
2016-07-20,6661.3357411
2016-07-21,6668.32946079
2016-07-22,6673.59546747
2016-07-25,6429.97345446
2016-07-26,6482.03424437
2016-07-27,6480.09998503
2016-07-28,6505.52374638
2016-07-29,6490.10744567
2016-08-01,5918.67175746
2016-08-02,5950.09468128
2016-08-03,6020.42303725
2016-08-04,5983.81844076
2016-08-05,6032.55916219
2016-08-08,6076.30042065
2016-08-09,6080.7427449
2016-08-10,6032.56010619
2016-08-11,6028.20638136
2016-08-12,6032.35482447
2016-08-15,6002.99349544
2016-08-16,5964.64039421
2016-08-17,5935.77527908
2016-08-18,5954.23362516
2016-08-19,6013.67362209
2016-08-22,5922.06405252
2016-08-23,5961.51989288
2016-08-24,5984.72336273
2016-08-25,5918.19748083
2016-08-26,5896.31987879
2016-08-29,5922.81981132
2016-08-30,5944.27144994
2016-08-31,5986.05361428
2016-09-01,5993.63319421
2016-09-02,6006.9579812
2016-09-05,5999.61160297
2016-09-06,5978.33100901
2016-09-07,5997.51257044
2016-09-08,6041.14223784
2016-09-09,6050.67915383
2016-09-12,5997.93869199
2016-09-13,6033.32149192
2016-09-14,6738.00066558
2016-09-15,5941.85537024
2016-09-16,5942.75222389
2016-09-19,6117.59922785
2016-09-20,5952.13000656
2016-09-21,5887.42708725
2016-09-22,6012.1165436
2016-09-23,5978.76470007
2016-09-26,6183.6839462
2016-09-27,6278.52939927
2016-09-28,6395.39743669
2016-09-29,6237.00205092
2016-09-30,6064.33088135
2016-10-03,6022.254498
2016-10-04,5879.65634077
2016-10-05,5890.10587758
2016-10-06,5853.34472683
2016-10-07,5818.63894135
2016-10-10,5897.35663821
2016-10-11,5906.79264119
2016-10-12,5944.47076611
2016-10-13,5970.97625793
2016-10-14,5943.82011369
2016-10-17,6091.15764987
2016-10-18,6052.319449
2016-10-19,6239.58236555
2016-10-20,6215.26677386
2016-10-21,6220.75473789
2016-10-24,6136.46255119
2016-10-25,6192.59536114
2016-10-26,6073.41665734
2016-10-27,5923.87435565
2016-10-28,5958.88721008
2016-10-31,5979.68943565
2016-11-01,6092.05647182
2016-11-02,6174.71955356
2016-11-03,5942.34928891
2016-11-04,6045.45307814
2016-11-07,6046.12493336
2016-11-08,6064.10639244
2016-11-09,6060.19423602
2016-11-10,6013.36293396
2016-11-11,5960.57774522
2016-11-14,5904.73361803
2016-11-15,5853.07522659
2016-11-16,5949.51063439
2016-11-17,5953.68353129
2016-11-18,5961.40656114
2016-11-21,5822.31727009
2016-11-22,5899.5393252
2016-11-23,5791.95128676
2016-11-24,5685.70837259
2016-11-25,5712.59440228
2016-11-28,5610.67873286
2016-11-29,5573.69930849
2016-11-30,5644.9119108
2016-12-01,5652.82124323
2016-12-02,5672.82840978
2016-12-05,5533.67555087
2016-12-06,5607.9050231
2016-12-07,5774.78048833
2016-12-08,5778.86576652
2016-12-09,5811.23688181
2016-12-12,5795.23264234
2016-12-13,5786.69772179
2016-12-14,5761.01254665
2016-12-15,5657.2969957
2016-12-16,5710.503466
2016-12-19,5676.50531987
2016-12-20,5729.3060787
2016-12-21,5915.17769458
2016-12-22,6003.23886888
2016-12-23,6185.75131054
2016-12-26,6105.56471219
2016-12-27,6219.65048208
2016-12-28,6519.13094875
2016-12-29,6632.32018934
2016-12-30,6561.87502279
2017-01-02,6834.17723562
2017-01-03,7154.47857633
2017-01-04,7858.21418723
2017-01-05,7117.0199723
2017-01-06,6782.26417385
2017-01-09,6838.91483148
2017-01-10,7031.99252942
2017-01-11,6499.7926251
2017-01-12,6476.63701691
2017-01-13,6530.39518414
2017-01-16,6503.70079368
2017-01-17,6726.94400379
2017-01-18,6692.65285476
2017-01-19,6807.04907938
2017-01-20,6794.10387824
2017-01-23,6914.4192951
2017-01-24,6724.73791037
2017-01-25,6723.47659738
2017-01-26,6759.39453356
2017-01-27,6723.18892885
2017-01-30,6778.92034279
2017-01-31,6874.17860376
2017-02-01,6921.36597859
2017-02-02,6965.67945322
2017-02-03,7039.13587364
2017-02-06,7191.63515287
2017-02-07,7290.82024434
2017-02-08,7270.8406995
2017-02-09,6938.85125482
2017-02-10,7125.37330323
2017-02-13,7127.27778138
2017-02-14,7764.61854447
2017-02-15,7735.15326746
2017-02-16,7751.34287544
2017-02-17,7696.8160615
2017-02-20,7690.68849155
2017-02-21,7864.51449543
2017-02-22,7837.97066376
2017-02-23,8125.26773627
2017-02-24,8107.86316204
2017-02-27,8980.95103609
2017-02-28,9152.69196886
2017-03-01,9708.26528002
2017-03-02,10338.62107
2017-03-03,10624.0696269
2017-03-06,10549.932528
2017-03-07,10331.815782
2017-03-08,9433.25899633
2017-03-09,9798.19329434
2017-03-10,9745.52141857
2017-03-13,12625.1315642
2017-03-14,12655.4848821
2017-03-15,14243.9752979
2017-03-16,16308.6788193
2017-03-17,15592.2986927
2017-03-20,15413.5877074
2017-03-21,15577.2583524
2017-03-22,15351.7922052
2017-03-23,18267.9996726
2017-03-24,19534.4143404
2017-03-27,18286.1250263
2017-03-28,19185.0184207
2017-03-29,21379.5765364
2017-03-30,26590.5419837
2017-03-31,27114.6710036
2017-04-03,35126.6037198
2017-04-04,34212.3094294
2017-04-05,33186.107357
2017-04-06,34141.6169935
2017-04-07,33994.4700153
2017-04-10,33159.2403601
2017-04-11,34011.8299464
2017-04-12,34565.7985095
2017-04-13,33611.6794623
2017-04-14,34048.8553499
2017-04-17,34108.2994092
2017-04-18,32903.5625217
2017-04-19,33240.962394
2017-04-20,33816.1642354
2017-04-21,33250.1143792
2017-04-24,33887.9320324
2017-04-25,34899.4300194
2017-04-26,38705.8220906
2017-04-27,44312.663699
2017-04-28,47182.5051733
2017-05-01,49883.1757835
2017-05-02,53478.82882
2017-05-03,63214.448632
2017-05-04,65464.6647883
2017-05-05,69241.2654561
2017-05-08,82935.8256948
2017-05-09,90118.3142034
2017-05-10,90825.2148152
2017-05-11,91577.6700957
2017-05-12,94130.973313
2017-05-15,112195.681136
2017-05-16,119224.71187
2017-05-17,122412.288669
2017-05-18,132547.656734
2017-05-19,136527.790776
2017-05-22,156279.364569
2017-05-23,162892.10692
2017-05-24,146881.423902
2017-05-25,144752.004547
2017-05-26,134340.913857
2017-05-29,147080.703783
2017-05-30,148633.459225
2017-05-31,150568.131611
2017-06-01,148498.138752
2017-06-02,149645.084003
2017-06-05,164122.047974
2017-06-06,158482.187165
2017-06-07,161106.625767
2017-06-08,165159.579486
2017-06-09,178149.459978
2017-06-12,183892.909332
2017-06-13,170003.114995
2017-06-14,169090.303293
2017-06-15,171180.787763
2017-06-16,175477.238587
2017-06-19,176727.646323
2017-06-20,168964.104415
2017-06-21,169522.732759
2017-06-22,170321.966005
2017-06-23,165394.147761
2017-06-26,163482.748371
2017-06-27,165031.331028
2017-06-28,162802.870864
2017-06-29,160983.734743
2017-06-30,159271.614175
2017-07-03,161541.298536
2017-07-04,161681.696042
2017-07-05,161459.106669
2017-07-06,158707.43191
2017-07-07,159310.013103
2017-07-10,154710.91737
2017-07-11,155592.394028
2017-07-12,154852.375155
2017-07-13,153607.87388
2017-07-14,151511.738033
2017-07-17,152555.613414
2017-07-18,150993.724889
2017-07-19,155269.503076
2017-07-20,152175.684953
2017-07-21,154388.541823
2017-07-24,149559.406787
2017-07-25,149260.628713
2017-07-26,150205.546964
2017-07-27,150906.918516
2017-07-28,150399.302862
2017-07-31,151191.151239
2017-08-01,150293.626572
2017-08-02,151588.395215
2017-08-03,152434.011516
2017-08-04,160313.93361
2017-08-07,168912.093719
2017-08-08,165319.376714
2017-08-09,167498.360649
2017-08-10,175934.536627
2017-08-11,182063.942173
2017-08-14,186765.062402
2017-08-15,196601.690078
2017-08-16,192913.445335
2017-08-17,186067.248487
2017-08-18,187331.317064
2017-08-21,191933.21223
2017-08-22,194421.896011
2017-08-23,197020.303171
2017-08-24,199013.81208
2017-08-25,198444.1985
2017-08-28,213290.617812
2017-08-29,216604.586234
2017-08-30,224205.447343
2017-08-31,228273.299258
2017-09-01,208036.759598
2017-09-04,196314.395492
2017-09-05,207423.917665
2017-09-06,206500.006442
2017-09-07,191518.327929
2017-09-08,191299.447507
2017-09-11,185248.087774
2017-09-12,174986.695093
2017-09-13,155757.223807
2017-09-14,160806.769405
2017-09-15,160186.405415
2017-09-18,163740.542201
2017-09-19,163092.358383
2017-09-20,156772.628696
2017-09-21,157081.062951
2017-09-22,160315.585699
2017-09-25,162611.062277
2017-09-26,170291.406039
2017-09-27,168012.872975
2017-09-28,165714.471569
2017-09-29,169224.889982
2017-10-02,168040.324071
2017-10-03,168439.238816
2017-10-04,174384.652779
2017-10-05,175225.911917
2017-10-06,177714.840567
2017-10-09,185194.868731
2017-10-10,187915.540002
2017-10-11,194821.854416
2017-10-12,205506.26978
2017-10-13,208601.433727
2017-10-16,196186.400204
2017-10-17,193001.484785
2017-10-18,194328.47781
2017-10-19,199117.431745
2017-10-20,199337.312962
2017-10-23,186831.64284
2017-10-24,191180.705076
2017-10-25,194358.206111
2017-10-26,191391.607679
2017-10-27,189919.322129
2017-10-30,200723.61237
2017-10-31,206630.430866
2017-11-01,210540.923108
2017-11-02,218081.481529
2017-11-03,223718.879403
2017-11-06,217912.096246
2017-11-07,221140.459432
2017-11-08,232144.170984
2017-11-09,227063.189245
2017-11-10,210505.766696
2017-11-13,211343.528756
2017-11-14,217034.562333
2017-11-15,228730.020449
2017-11-16,242536.865053
2017-11-17,239298.547856
2017-11-20,258376.996545
2017-11-21,252663.584308
2017-11-22,260025.405748
2017-11-23,261531.307111
2017-11-24,277450.865816
2017-11-27,302556.559427
2017-11-28,310595.509345
2017-11-29,288852.850556
2017-11-30,292127.49442
2017-12-01,314143.068246
2017-12-04,325897.07165
2017-12-05,320449.822266
2017-12-06,338951.65245
2017-12-07,378436.865035
2017-12-08,382440.451763
2017-12-11,411777.097832
2017-12-12,491447.738415
2017-12-13,532663.079734
2017-12-14,681969.797285
2017-12-15,660994.013596
2017-12-18,720495.320695
2017-12-19,704052.03888
2017-12-20,680608.599498
2017-12-21,770015.662048
2017-12-22,665652.078544
2017-12-25,674193.444431
2017-12-26,707973.838455
2017-12-27,731689.637709
2017-12-28,730728.721565
2017-12-29,902140.669677
2018-01-01,920949.734392
2018-01-02,982218.172731
2018-01-03,1103144.23046
2018-01-04,1104736.57233
2018-01-05,1094700.3106
2018-01-08,1125010.42689
2018-01-09,1129164.83334
2018-01-10,1105195.82512
2018-01-11,1054896.48765
2018-01-12,1094208.1609
2018-01-15,1059060.79897
2018-01-16,948691.914165
2018-01-17,946945.659601
2018-01-18,948755.857637
2018-01-19,951944.490312
2018-01-22,941483.534027
2018-01-23,939523.448455
2018-01-24,950099.975799
2018-01-25,946275.653524
2018-01-26,945238.448043
2018-01-29,962842.682826
2018-01-30,941593.758769
2018-01-31,948382.897822
2018-02-01,932539.546601
2018-02-02,918372.156864
2018-02-05,893946.064114
2018-02-06,899257.795538
2018-02-07,896491.206054
2018-02-08,901708.342943
2018-02-09,908141.068729
2018-02-12,908926.430018
2018-02-13,905290.890059
2018-02-14,915785.99822
2018-02-15,918025.823317
2018-02-16,919375.792003
2018-02-19,923302.906768
2018-02-20,916643.74072
2018-02-21,906422.568943
2018-02-22,899623.461679
2018-02-23,905463.245799
2018-02-26,906423.238729
2018-02-27,908262.664187
2018-02-28,902047.416761
2018-03-01,908956.341805
2018-03-02,907630.570204
2018-03-05,912704.472748
2018-03-06,898402.359867
2018-03-07,879831.335216
2018-03-08,867040.704423
2018-03-09,869270.022363
2018-03-12,863235.494993
2018-03-13,862305.235452
2018-03-14,835047.254622
2018-03-15,835194.930401
2018-03-16,834282.248007
2018-03-19,836455.080745
2018-03-20,838615.094822
2018-03-21,837342.665573
2018-03-22,831708.638593
2018-03-23,834427.97593
2018-03-26,812729.035816
2018-03-27,814516.010942
2018-03-28,796802.338194
2018-03-29,793918.61643
2018-03-30,794672.104513
2018-04-02,800006.558487
2018-04-03,787818.132012
2018-04-04,786985.843036
2018-04-05,783840.029164
2018-04-06,785576.619332
2018-04-09,787808.433096
2018-04-10,793664.659682
2018-04-11,812759.718296
2018-04-12,811876.506729
2018-04-13,814778.858279
2018-04-16,817260.612987
2018-04-17,844910.265637
2018-04-18,878741.825367
2018-04-19,941434.764173
2018-04-20,923432.990137
2018-04-23,990982.324995
2018-04-24,900874.308859
2018-04-25,950491.952028
2018-04-26,920830.327932
2018-04-27,962513.262821
2018-04-30,942173.200956
2018-05-01,960709.118604
2018-05-02,1017862.75828
2018-05-03,1017420.6359
2018-05-04,1026058.44679
