,folio_equal-weight_btc_eth_xrp
2010-07-19,
2010-07-20,0.105980733208
2010-07-21,0.0675675675676
2010-07-22,0.0837837837838
2010-07-23,0.072972972973
2010-07-26,0.0802782981001
2010-07-27,0.0788065293016
2010-07-28,0.0935242172866
2010-07-29,0.0838908215146
2010-07-30,0.0907813754348
2010-08-02,0.0802782981001
2010-08-03,0.0762643831951
2010-08-04,0.0816162697351
2010-08-05,0.0833556328606
2010-08-06,0.0789403264651
2010-08-09,0.0936580144501
2010-08-10,0.0896440995451
2010-08-11,0.0936580144501
2010-08-12,0.0862991704576
2010-08-13,0.0896440995451
2010-08-16,0.0936580144501
2010-08-17,0.0909820711801
2010-08-18,0.0892427080546
2010-08-19,0.0876371420926
2010-08-20,0.0888413165641
2010-08-23,0.0869681562751
2010-08-24,0.0867005619481
2010-08-25,0.0856301846401
2010-08-26,0.0869681562751
2010-08-27,0.0857639818036
2010-08-30,0.0802782981001
2010-08-31,0.0841584158416
2010-09-01,0.0848274016591
2010-09-02,0.0814155739898
2010-09-03,0.0834626705914
2010-09-06,0.0816162697351
2010-09-07,0.0829542413701
2010-09-08,0.0817634466149
2010-09-09,0.0826866470431
2010-09-10,0.0851752742842
2010-09-13,0.0829408616537
2010-09-14,0.0808134867541
2010-09-15,0.0828204442066
2010-09-16,0.0789403264651
2010-09-17,0.0816162697351
2010-09-20,0.0838239229328
2010-09-21,0.0832218356971
2010-09-22,0.0833690125769
2010-09-23,0.0832218356971
2010-09-24,0.0829810008028
2010-09-27,0.0828204442066
2010-09-28,0.0828338239229
2010-09-29,0.0828204442066
2010-09-30,0.082914102221
2010-10-01,0.0821514583891
2010-10-04,0.0821514583891
2010-10-05,0.0840379983944
2010-10-06,0.0896440995451
2010-10-07,0.1162028365
2010-10-08,0.125501739363
2010-10-11,0.126973508162
2010-10-12,0.140487021675
2010-10-13,0.13647310677
2010-10-14,0.140487021675
2010-10-15,0.135135135135
2010-10-18,0.129783248595
2010-10-19,0.132459191865
2010-10-20,0.143162964945
2010-10-21,0.137142092588
2010-10-22,0.141156007493
2010-10-25,0.201097136741
2010-10-26,0.25113727589
2010-10-27,0.231602890019
2010-10-28,0.25421461065
2010-10-29,0.266122558202
2010-11-01,0.261573454643
2010-11-02,0.259298902863
2010-11-03,0.258362322719
2010-11-04,0.30773347605
2010-11-05,0.3478726251
2010-11-08,0.325127107305
2010-11-09,0.28097404335
2010-11-10,0.3211131924
2010-11-11,0.298501471769
2010-11-12,0.358843992507
2010-11-15,0.358843992507
2010-11-16,0.298367674605
2010-11-17,0.307599678887
2010-11-18,0.358308803853
2010-11-19,0.3746320578
2010-11-22,0.385202033717
2010-11-23,0.378512175542
2010-11-24,0.378645972705
2010-11-25,0.3746320578
2010-11-26,0.380519132994
2010-11-29,0.307599678887
2010-11-30,0.278565694407
2010-12-01,0.304388546963
2010-12-02,0.341182766925
2010-12-03,0.335830880385
2010-12-06,0.27294621354
2010-12-07,0.311747390955
2010-12-08,0.319507626438
2010-12-09,0.267594327
2010-12-10,0.27294621354
2010-12-13,0.307599678887
2010-12-14,0.330077602355
2010-12-15,0.31843724913
2010-12-16,0.33449290875
2010-12-17,0.3211131924
2010-12-20,0.357238426545
2010-12-21,0.3211131924
2010-12-22,0.33449290875
2010-12-23,0.33449290875
2010-12-24,0.33181696548
2010-12-27,0.354562483275
2010-12-28,0.375970029435
2010-12-29,0.4013914905
2010-12-30,0.4013914905
2010-12-31,0.4013914905
2011-01-03,0.394701632325
2011-01-04,0.399919721702
2011-01-05,0.400053518865
2011-01-06,0.39871554723
2011-01-07,0.4281509232
2011-01-10,0.436981535991
2011-01-11,0.436981535991
2011-01-12,0.426545357238
2011-01-13,0.424939791276
2011-01-14,0.535188654001
2011-01-17,0.467621086433
2011-01-18,0.418785121755
2011-01-19,0.418785121755
2011-01-20,0.521808937651
2011-01-21,0.561814289537
2011-01-24,0.561814289537
2011-01-25,0.548568370351
2011-01-26,0.557934171796
2011-01-27,0.563553652663
2011-01-28,0.596735349211
2011-01-31,0.695745250201
2011-02-01,0.936580144501
2011-02-02,0.957987690661
2011-02-03,0.923200428151
2011-02-04,1.08509499599
2011-02-07,1.19079475515
2011-02-08,1.22825796093
2011-02-09,1.45838908215
2011-02-10,1.31161359379
2011-02-11,1.43162964945
2011-02-14,1.43162964945
2011-02-15,1.40487021675
2011-02-16,1.40487021675
2011-02-17,1.3914905004
2011-02-18,1.2027027027
2011-02-21,1.11653732941
2011-02-22,1.16430291678
2011-02-23,1.2041744715
2011-02-24,1.33449290875
2011-02-25,1.21902595665
2011-02-28,1.1506556061
2011-03-01,1.23120149853
2011-03-02,1.25755953974
2011-03-03,1.25648916243
2011-03-04,1.20551244314
2011-03-07,1.18410489698
2011-03-08,1.16403532245
2011-03-09,1.15667647846
2011-03-10,1.24819373829
2011-03-11,1.1774150388
2011-03-14,1.19735081616
2011-03-15,1.16403532245
2011-03-16,1.1506556061
2011-03-17,1.10436178753
2011-03-18,1.09245383998
2011-03-21,1.01552047097
2011-03-22,1.08241905272
2011-03-23,1.13687449826
2011-03-24,1.15988761038
2011-03-25,1.18249933101
2011-03-28,1.06034252074
2011-03-29,1.05659620016
2011-03-30,1.04977254482
2011-03-31,1.03572384265
2011-04-01,1.04629381857
2011-04-04,0.949959860851
2011-04-05,0.990099009901
2011-04-06,1.00856301846
2011-04-07,1.00347872625
2011-04-08,0.976719293551
2011-04-11,1.1506556061
2011-04-12,1.23427883329
2011-04-13,1.337971635
2011-04-14,1.32445812149
2011-04-15,1.40487021675
2011-04-18,1.605565962
2011-04-19,1.5252876639
2011-04-20,1.61894567835
2011-04-21,1.88654000535
2011-04-22,2.2745517795
2011-04-25,2.39496922665
2011-04-26,2.5421461065
2011-04-27,2.95691731335
2011-04-28,3.8533583088
2011-04-29,4.6829007225
2011-05-02,4.56248327535
2011-05-03,4.56248327535
2011-05-04,4.45544554455
2011-05-05,4.61600214075
2011-05-06,4.8702167514
2011-05-09,7.77361519936
2011-05-10,7.35884399251
2011-05-11,8.42922130051
2011-05-12,10.971367407
2011-05-13,9.63339577201
2011-05-16,9.62001605566
2011-05-17,9.20524484881
2011-05-18,9.11158683436
2011-05-19,7.47926143966
2011-05-20,8.18838640621
2011-05-23,9.92774953171
2011-05-24,11.238961734
2011-05-25,11.774150388
2011-05-26,11.3727588975
2011-05-27,11.1051645705
2011-05-30,11.6938720899
2011-05-31,12.804388547
2011-06-01,14.182499331
2011-06-02,19.1196146642
2011-06-03,25.2742828472
2011-06-06,32.0042815092
2011-06-07,39.603960396
2011-06-08,38.6941396842
2011-06-09,32.0444219963
2011-06-10,19.6012844528
2011-06-13,25.7960944608
2011-06-14,26.0770671662
2011-06-15,22.745517795
2011-06-16,20.9793952368
2011-06-17,22.5983395772
2011-06-20,23.4278833289
2011-06-21,23.4278833289
2011-06-22,23.4278833289
2011-06-23,23.4278833289
2011-06-24,23.4278833289
2011-06-27,22.6786205512
2011-06-28,22.5448220498
2011-06-29,21.5413433235
2011-06-30,20.604763179
2011-07-01,20.604763179
2011-07-04,17.2732138079
2011-07-05,19.7752207653
2011-07-06,19.7752207653
2011-07-07,19.1463740969
2011-07-08,19.2400321113
2011-07-11,18.7449826064
2011-07-12,18.6647043083
2011-07-13,18.7182231737
2011-07-14,18.4773882794
2011-07-15,18.3569708322
2011-07-18,18.5309071448
2011-07-19,18.3168316832
2011-07-20,18.2097939524
2011-07-21,18.3302113995
2011-07-22,18.3034519668
2011-07-25,18.5710462938
2011-07-26,18.6513245919
2011-07-27,18.0492373562
2011-07-28,18.0626170725
2011-07-29,18.1027562216
2011-08-01,16.1225582018
2011-08-02,12.3896173401
2011-08-03,14.3831950763
2011-08-04,13.112122023
2011-08-05,8.76371420926
2011-08-08,13.3663366337
2011-08-09,13.3529569173
2011-08-10,12.6572116671
2011-08-11,12.6572116671
2011-08-12,13.5536526626
2011-08-15,14.6641691196
2011-08-16,14.6507894033
2011-08-17,14.4902328071
2011-08-18,15.5873695478
2011-08-19,15.3197752208
2011-08-22,14.6374096869
2011-08-23,14.5169922398
2011-08-24,12.9248059941
2011-08-25,10.9446079743
2011-08-26,11.4931763447
2011-08-29,11.7607706717
2011-08-30,10.971367407
2011-08-31,10.9847471234
2011-09-01,11.5600749264
2011-09-02,11.3459994648
2011-09-05,9.17848541611
2011-09-06,9.62001605566
2011-09-07,8.73695477656
2011-09-08,6.72999732406
2011-09-09,6.38212469896
2011-09-12,7.76023548301
2011-09-13,7.51940058871
2011-09-14,6.47578271341
2011-09-15,6.44902328071
2011-09-16,6.38212469896
2011-09-19,8.17500668986
2011-09-20,7.50602087236
2011-09-21,7.26518597806
2011-09-22,7.42574257426
2011-09-23,7.31870484346
2011-09-26,6.58282044421
2011-09-27,6.38212469896
2011-09-28,6.39550441531
2011-09-29,6.87717420391
2011-09-30,6.72999732406
2011-10-03,6.63633930961
2011-10-04,6.51592186246
2011-10-05,6.32860583356
2011-10-06,5.71313888146
2011-10-07,5.36526625636
2011-10-10,5.25822852556
2011-10-11,5.55258228526
2011-10-12,5.41878512176
2011-10-13,5.33850682366
2011-10-14,5.13781107841
2011-10-17,3.2378913567
2011-10-18,3.03719561145
2011-10-19,3.14423334225
2011-10-20,3.43858710195
2011-10-21,4.2279903666
2011-10-24,3.70618142895
2011-10-25,3.70618142895
2011-10-26,4.0674337704
2011-10-27,4.26812951565
2011-10-28,4.7899384533
2011-10-31,4.34840781375
2011-11-01,4.21461065025
2011-11-02,4.34840781375
2011-11-03,4.21461065025
2011-11-04,4.16109178485
2011-11-07,4.02729462135
2011-11-08,4.0674337704
2011-11-09,3.94701632325
2011-11-10,3.7998394434
2011-11-11,4.1209526358
2011-11-14,2.9702970297
2011-11-15,3.11747390955
2011-11-16,3.4252073856
2011-11-17,3.01043617875
2011-11-18,2.74284185175
2011-11-21,3.06395504415
2011-11-22,3.11747390955
2011-11-23,3.11747390955
2011-11-24,3.25127107305
2011-11-25,3.35830880385
2011-11-28,3.41182766925
2011-11-29,3.67942199625
2011-11-30,3.97377575595
2011-12-01,4.0941932031
2011-12-02,4.1744715012
2011-12-05,3.8533583088
2011-12-06,4.05405405405
2011-12-07,4.00053518865
2011-12-08,3.9871554723
2011-12-09,3.97377575595
2011-12-12,4.2012309339
2011-12-13,4.34840781375
2011-12-14,4.21461065025
2011-12-15,4.281509232
2011-12-16,4.281509232
2011-12-19,4.7096601552
2011-12-20,5.28498795826
2011-12-21,5.20470966016
2011-12-22,5.20470966016
2011-12-23,5.28498795826
2011-12-26,5.37864597271
2011-12-27,5.44554455446
2011-12-28,5.60610115066
2011-12-29,5.57934171796
2011-12-30,5.68637944876
2012-01-02,6.98421193471
2012-01-03,6.52930157881
2012-01-04,7.45250200696
2012-01-05,9.29890286326
2012-01-06,8.96440995451
2012-01-09,8.46936044956
2012-01-10,8.50949959861
2012-01-11,9.23200428151
2012-01-12,9.09820711801
2012-01-13,8.57639818036
2012-01-16,8.93765052181
2012-01-17,7.49264115601
2012-01-18,7.92079207921
2012-01-19,8.50949959861
2012-01-20,8.68343591116
2012-01-23,8.50949959861
2012-01-24,8.41584158416
2012-01-25,7.69333690126
2012-01-26,7.14476853091
2012-01-27,7.07786994916
2012-01-30,7.34546427616
2012-01-31,7.33208455981
2012-02-01,8.13486754081
2012-02-02,8.16162697351
2012-02-03,7.97431094461
2012-02-06,7.29194541076
2012-02-07,7.61305860316
2012-02-08,7.49264115601
2012-02-09,7.80037463206
2012-02-10,7.90741236286
2012-02-13,7.03773080011
2012-02-14,5.96735349211
2012-02-15,5.79341717956
2012-02-16,5.71313888146
2012-02-17,5.90045491036
2012-02-20,5.83355632861
2012-02-21,5.71313888146
2012-02-22,5.91383462671
2012-02-23,6.70323789136
2012-02-24,6.72999732406
2012-02-27,6.63633930961
2012-02-28,6.51592186246
2012-02-29,6.50254214611
2012-03-01,6.58282044421
2012-03-02,6.28846668451
2012-03-05,6.66309874231
2012-03-06,6.67647845866
2012-03-07,6.60957987691
2012-03-08,6.59620016056
2012-03-09,6.50254214611
2012-03-12,6.54268129516
2012-03-13,7.05111051646
2012-03-14,7.19828739631
2012-03-15,7.13138881456
2012-03-16,7.14476853091
2012-03-19,6.27508696816
2012-03-20,6.47578271341
2012-03-21,6.43564356436
2012-03-22,6.28846668451
2012-03-23,6.27508696816
2012-03-26,6.43564356436
2012-03-27,6.40888413166
2012-03-28,6.43564356436
2012-03-29,6.50254214611
2012-03-30,6.56944072786
2012-04-02,6.62295959326
2012-04-03,6.56944072786
2012-04-04,6.58282044421
2012-04-05,6.62295959326
2012-04-06,6.27508696816
2012-04-09,6.47578271341
2012-04-10,6.59620016056
2012-04-11,6.58282044421
2012-04-12,6.60957987691
2012-04-13,6.63633930961
2012-04-16,6.66309874231
2012-04-17,6.85041477121
2012-04-18,6.87717420391
2012-04-19,7.15814824726
2012-04-20,7.03773080011
2012-04-23,6.82365533851
2012-04-24,6.86379448756
2012-04-25,6.82365533851
2012-04-26,6.83703505486
2012-04-27,6.66309874231
2012-04-30,6.68985817501
2012-05-01,6.78351618946
2012-05-02,6.86379448756
2012-05-03,6.78351618946
2012-05-04,6.79689590581
2012-05-07,6.75675675676
2012-05-08,6.74337704041
2012-05-09,6.48916242976
2012-05-10,6.63633930961
2012-05-11,6.62295959326
2012-05-14,6.74337704041
2012-05-15,6.81027562216
2012-05-16,6.82365533851
2012-05-17,6.85041477121
2012-05-18,6.82365533851
2012-05-21,6.82365533851
2012-05-22,6.87717420391
2012-05-23,6.85041477121
2012-05-24,6.89055392026
2012-05-25,6.82365533851
2012-05-28,6.89055392026
2012-05-29,6.87717420391
2012-05-30,6.93069306931
2012-05-31,7.05111051646
2012-06-01,7.02435108376
2012-06-04,7.27856569441
2012-06-05,7.30532512711
2012-06-06,7.47926143966
2012-06-07,7.53278030506
2012-06-08,7.43912229061
2012-06-11,7.62643831951
2012-06-12,7.93417179556
2012-06-13,7.96093122826
2012-06-14,8.69681562751
2012-06-15,8.56301846401
2012-06-18,8.69681562751
2012-06-19,8.92427080546
2012-06-20,8.93765052181
2012-06-21,8.76371420926
2012-06-22,8.60315761306
2012-06-25,8.58977789671
2012-06-26,8.89751137276
2012-06-27,8.84399250736
2012-06-28,8.89751137276
2012-06-29,8.95103023816
2012-07-02,8.62991704576
2012-07-03,8.71019534386
2012-07-04,8.92427080546
2012-07-05,8.89751137276
2012-07-06,9.04468825261
2012-07-09,9.63339577201
2012-07-10,9.56649719026
2012-07-11,10.3826598876
2012-07-12,10.2622424405
2012-07-13,10.0883061279
2012-07-16,11.774150388
2012-07-17,12.1889215949
2012-07-18,11.8678084025
2012-07-19,11.3995183302
2012-07-20,11.8410489698
2012-07-23,11.506556061
2012-07-24,11.774150388
2012-07-25,11.9079475515
2012-07-26,11.9079475515
2012-07-27,11.8945678352
2012-07-30,12.5100347873
2012-07-31,12.7776291143
2012-08-01,14.0888413166
2012-08-02,14.677548836
2012-08-03,14.6909285523
2012-08-06,14.8514851485
2012-08-07,14.7979662831
2012-08-08,14.7979662831
2012-08-09,15.2394969227
2012-08-10,15.4000535189
2012-08-13,16.3098742307
2012-08-14,17.7281241638
2012-08-15,18.0626170725
2012-08-16,15.4937115333
2012-08-17,15.5338506824
2012-08-20,13.2726786192
2012-08-21,13.1255017394
2012-08-22,13.5135135135
2012-08-23,14.182499331
2012-08-24,14.0754616002
2012-08-27,14.6374096869
2012-08-28,14.6106502542
2012-08-29,14.4233342253
2012-08-30,13.5937918116
2012-08-31,13.339577201
2012-09-03,13.8881455713
2012-09-04,14.717687985
2012-09-05,14.9585228793
2012-09-06,14.717687985
2012-09-07,14.7712068504
2012-09-10,15.1592186246
2012-09-11,15.1993577736
2012-09-12,15.252876639
2012-09-13,15.6141289805
2012-09-14,15.7211667113
2012-09-17,16.3901525288
2012-09-18,16.818303452
2012-09-19,16.4302916778
2012-09-20,16.550709125
2012-09-21,16.3767728124
2012-09-24,16.323253947
2012-09-25,16.4169119615
2012-09-26,16.4704308269
2012-09-27,16.5774685577
2012-09-28,16.5373294086
2012-10-01,17.1795557934
2012-10-02,17.2464543752
2012-10-03,17.1929355098
2012-10-04,16.9788600482
2012-10-05,16.7380251539
2012-10-08,15.9218624565
2012-10-09,16.2162162162
2012-10-10,16.0957987691
2012-10-11,16.05565962
2012-10-12,15.8683435911
2012-10-15,15.8549638748
2012-10-16,15.8014450094
2012-10-17,15.9753813219
2012-10-18,15.7077869949
2012-10-19,15.7077869949
2012-10-22,15.5873695478
2012-10-23,15.5873695478
2012-10-24,14.5303719561
2012-10-25,13.607171528
2012-10-26,13.7275889751
2012-10-29,14.182499331
2012-10-30,14.5705111052
2012-10-31,14.985282312
2012-11-01,14.142360182
2012-11-02,14.0085630185
2012-11-05,14.3831950763
2012-11-06,14.5838908215
2012-11-07,14.6106502542
2012-11-08,14.6240299706
2012-11-09,14.4768530907
2012-11-12,14.7310677014
2012-11-13,14.6507894033
2012-11-14,14.6507894033
2012-11-15,14.985282312
2012-11-16,15.7211667113
2012-11-19,15.788065293
2012-11-20,15.6944072786
2012-11-21,15.747926144
2012-11-22,16.6176077067
2012-11-23,16.5239496923
2012-11-26,16.3901525288
2012-11-27,16.323253947
2012-11-28,16.5239496923
2012-11-29,16.6577468558
2012-11-30,16.818303452
2012-12-03,16.9654803318
2012-12-04,17.9421996254
2012-12-05,17.9020604763
2012-12-06,17.7950227455
2012-12-07,18.0626170725
2012-12-10,17.9689590581
2012-12-11,18.1428953706
2012-12-12,18.3302113995
2012-12-13,18.3302113995
2012-12-14,18.196414236
2012-12-17,17.7281241638
2012-12-18,17.7950227455
2012-12-19,18.196414236
2012-12-20,18.0893765052
2012-12-21,18.0626170725
2012-12-24,17.9020604763
2012-12-25,17.8619213273
2012-12-26,18.0224779235
2012-12-27,17.9555793417
2012-12-28,17.9555793417
2012-12-31,18.0759967889
2013-01-01,17.7950227455
2013-01-02,17.7682633128
2013-01-03,17.928819909
2013-01-04,18.0626170725
2013-01-07,18.1830345197
2013-01-08,18.3837302649
2013-01-09,18.423869414
2013-01-10,18.9189189189
2013-01-11,18.9189189189
2013-01-14,19.1329943805
2013-01-15,19.0660957988
2013-01-16,19.7083221836
2013-01-17,20.7385603425
2013-01-18,21.0061546695
2013-01-21,22.4779221301
2013-01-22,23.0933904201
2013-01-23,23.4145036125
2013-01-24,22.6117206315
2013-01-25,23.280706449
2013-01-28,25.0468276693
2013-01-29,26.1305873695
2013-01-30,26.3580425475
2013-01-31,27.3080010704
2013-02-01,27.4284185175
2013-02-04,27.3347605031
2013-02-05,27.562215681
2013-02-06,28.3382392293
2013-02-07,29.6360717153
2013-02-08,30.3184372491
2013-02-11,32.9810008028
2013-02-12,33.676746053
2013-02-13,32.378914905
2013-02-14,36.4195865668
2013-02-15,36.2590313085
2013-02-18,36.0583369013
2013-02-19,39.3631255017
2013-02-20,39.6708589778
2013-02-21,39.8046561413
2013-02-22,40.4736419588
2013-02-25,40.674337704
2013-02-26,41.6109178485
2013-02-27,41.3433235215
2013-02-28,44.6614945143
2013-03-01,46.1600214075
2013-03-04,48.3676772812
2013-03-05,53.9603987155
2013-03-06,54.8835964678
2013-03-07,56.1948086701
2013-03-08,59.1115868344
2013-03-11,64.75782981
2013-03-12,59.2587650522
2013-03-13,62.7776264383
2013-03-14,63.1121193471
2013-03-15,62.8177696013
2013-03-18,69.0393336901
2013-03-19,79.127641156
2013-03-20,86.2857880653
2013-03-21,94.7952876639
2013-03-22,93.4840821515
2013-03-25,98.4747096602
2013-03-26,105.030773348
2013-03-27,118.972435108
2013-03-28,115.306395504
2013-03-29,121.086432968
2013-04-01,157.853897511
2013-04-02,180.626170725
2013-04-03,176.772805727
2013-04-04,190.420132459
2013-04-05,190.83490099
2013-04-08,307.73347605
2013-04-09,220.765319775
2013-04-10,167.112659888
2013-04-11,156.542681295
2013-04-12,124.431362055
2013-04-15,91.4637423067
2013-04-16,124.52502007
2013-04-17,145.852290607
2013-04-18,158.522883329
2013-04-19,169.413972438
2013-04-22,191.972164838
2013-04-23,206.315222103
2013-04-24,189.603969762
2013-04-25,183.168308804
2013-04-26,171.26036928
2013-04-29,186.285785389
2013-04-30,155.713134868
2013-05-01,142.159486219
2013-05-02,131.255014718
2013-05-03,151.057000268
2013-05-06,146.64168852
2013-05-07,151.458385068
2013-05-08,150.923204442
2013-05-09,157.479257426
2013-05-10,154.723038534
2013-05-13,149.050042815
2013-05-14,152.823121488
2013-05-15,158.161625636
2013-05-16,165.239496923
2013-05-17,164.851483811
2013-05-20,164.423332887
2013-05-21,165.640892427
2013-05-22,168.985821515
2013-05-23,178.084032647
2013-05-24,176.598882794
2013-05-27,172.598340915
2013-05-28,176.946748729
2013-05-29,172.330750602
2013-05-30,172.357515387
2013-05-31,172.99973642
2013-06-03,162.429759165
2013-06-04,163.098744983
2013-06-05,159.178486754
2013-06-06,148.514851485
2013-06-07,144.353758362
2013-06-10,145.838908215
2013-06-11,145.544553117
2013-06-12,139.082147444
2013-06-13,133.7971635
2013-06-14,133.529573187
2013-06-17,143.631252341
2013-06-18,144.835429489
2013-06-19,148.902864597
2013-06-20,146.507894033
2013-06-21,144.768526893
2013-06-24,138.252611721
2013-06-25,139.14905004
2013-06-26,136.125231469
2013-06-27,126.652400321
2013-06-28,127.107305325
2013-07-01,120.966020872
2013-07-02,105.552580947
2013-07-03,107.091251003
2013-07-04,91.6510569976
2013-07-05,93.2031094461
2013-07-08,102.622420391
2013-07-09,117.74150388
2013-07-10,119.052720096
2013-07-11,125.755951298
2013-07-12,131.549371153
2013-07-15,129.917043083
2013-07-16,131.790206048
2013-07-17,120.511105165
2013-07-18,123.09339042
2013-07-19,120.176612256
2013-07-22,127.856566765
2013-07-23,127.22771742
2013-07-24,129.716345999
2013-07-25,128.472032379
2013-07-26,126.30452502
2013-07-29,144.447416377
2013-07-30,142.105966016
2013-07-31,139.14905004
2013-08-01,139.818035858
2013-08-02,140.420119079
2013-08-05,142.57425475
2013-08-06,141.811610918
2013-08-07,137.877981001
2013-08-08,137.543488092
2013-08-09,137.811078405
2013-08-12,146.64168852
2013-08-13,150.60208456
2013-08-14,147.163497458
2013-08-15,145.825525823
2013-08-16,150.856301846
2013-08-19,162.162158148
2013-08-20,164.97190661
2013-08-21,163.23253947
2013-08-22,158.56302114
2013-08-23,160.02140487
2013-08-26,175.662286594
2013-08-27,172.277221033
2013-08-28,172.99973642
2013-08-29,184.680223441
2013-08-30,188.654000535
2013-09-02,192.66791544
2013-09-03,177.294614664
2013-09-04,174.203902863
2013-09-05,163.098744983
2013-09-06,172.584967889
2013-09-09,177.441791544
2013-09-10,190.125777362
2013-09-11,186.446355365
2013-09-12,188.199095531
2013-09-13,182.914111587
2013-09-16,186.178744983
2013-09-17,187.864602622
2013-09-18,180.693073321
2013-09-19,179.033981804
2013-09-20,179.796635001
2013-09-23,180.331815628
2013-09-24,180.626170725
2013-09-25,183.435919187
2013-09-26,185.884389885
2013-09-27,190.660957988
2013-09-30,187.717424405
2013-10-01,164.570511105
2013-10-02,175.260911159
2013-10-03,183.061288467
2013-10-04,182.900718491
2013-10-07,182.619755151
2013-10-08,186.647043083
2013-10-09,187.864602622
2013-10-10,187.449834092
2013-10-11,191.182765587
2013-10-14,211.519930425
2013-10-15,204.468834627
2013-10-16,210.850944608
2013-10-17,225.1538654
2013-10-18,245.049496923
2013-10-21,271.594868879
2013-10-22,305.017394969
2013-10-23,276.933363661
2013-10-24,264.757833824
2013-10-25,252.28792882
2013-10-28,276.826323254
2013-10-29,289.00187316
2013-10-30,278.29810008
2013-10-31,282.539467487
2013-11-01,285.563276693
2013-11-04,318.651329944
2013-11-05,336.23227589
2013-11-06,353.358316832
2013-11-07,414.30290875
2013-11-08,474.979930425
2013-11-11,485.65695879
2013-11-12,508.482752208
2013-11-13,581.816973508
2013-11-14,579.876898582
2013-11-15,580.572669253
2013-11-18,1050.88305191
2013-11-19,863.91490768
2013-11-20,853.585725181
2013-11-21,1023.4278472
2013-11-22,1073.05325127
2013-11-25,1110.50306396
2013-11-26,1297.77899652
2013-11-27,1444.86220899
2013-11-28,1473.61520605
2013-11-29,1614.83817768
2013-12-02,1467.16625502
2013-12-03,1545.16990233
2013-12-04,1655.80686246
2013-12-05,1480.26488627
2013-12-06,1130.61281777
2013-12-09,1229.52905004
2013-12-10,1383.08799973
2013-12-11,1230.84023682
2013-12-12,1204.14768531
2013-12-13,1253.37171528
2013-12-16,1016.75138212
2013-12-17,956.609541076
2013-12-18,723.815868344
2013-12-19,979.328354295
2013-12-20,869.628073321
2013-12-23,954.294875569
2013-12-24,940.259566497
2013-12-25,946.280438855
2013-12-26,1073.02646508
2013-12-27,1074.45810543
2013-12-30,1076.83973374
2013-12-31,1078.32486219
2014-01-01,1091.70457854
2014-01-02,1146.52123762
2014-01-03,1183.11481135
2014-01-06,1354.8970083
2014-01-07,1177.28127375
2014-01-08,1256.14132593
2014-01-09,1253.61253947
2014-01-10,1281.45572652
2014-01-13,1234.82736553
2014-01-14,1229.97060343
2014-01-15,1259.32562349
2014-01-16,1222.22369548
2014-01-17,1196.36068103
2014-01-20,1279.03400054
2014-01-21,1287.40971635
2014-01-22,1272.34414236
2014-01-23,1263.25926278
2014-01-24,1226.317886
2014-01-27,1262.42972705
2014-01-28,1247.89937517
2014-01-29,1238.52018063
2014-01-30,1259.55313754
2014-01-31,1256.15463741
2014-02-03,1246.60158148
2014-02-04,1239.81805593
2014-02-05,1210.22213005
2014-02-06,1109.00454241
2014-02-07,930.76
2014-02-10,779.542420391
2014-02-11,774.632087236
2014-02-12,710.636881188
2014-02-13,604.013917581
2014-02-14,572.223699492
2014-02-17,364.30291544
2014-02-18,393.296778164
2014-02-19,349.919720364
2014-02-20,149.745782713
2014-02-21,149.264112925
2014-02-24,232.80706449
2014-02-25,181.669787263
2014-02-26,793.604515654
2014-02-27,798.086687182
2014-02-28,767.915442869
2014-03-03,885.978047899
2014-03-04,885.536494514
2014-03-05,880.786711266
2014-03-06,867.353505486
2014-03-07,825.167219695
2014-03-10,820.136434306
2014-03-11,814.409957185
2014-03-12,828.779760503
2014-03-13,836.285761306
2014-03-14,821.554761841
2014-03-17,811.319246722
2014-03-18,801.351341986
2014-03-19,796.039633396
2014-03-20,757.278552315
2014-03-21,735.349178485
2014-03-24,759.379178485
2014-03-25,753.130873695
2014-03-26,752.542162162
2014-03-27,616.069055392
2014-03-28,645.718470698
2014-03-31,620.082970297
2014-04-01,567.795016056
2014-04-02,583.770401391
2014-04-03,594.54105566
2014-04-04,610.957994381
2014-04-07,624.24404335
2014-04-08,611.9079422
2014-04-09,514.62403666
2014-04-10,582.204997324
2014-04-11,585.563278031
2014-04-14,704.348398448
2014-04-15,718.42388547
2014-04-16,671.661760771
2014-04-17,649.611973508
2014-04-18,677.040392026
2014-04-21,652.809745785
2014-04-22,651.99356168
2014-04-23,669.373841317
2014-04-24,621.474431362
2014-04-25,612.617065828
2014-04-28,596.895899117
2014-04-29,596.240306396
2014-04-30,615.640895103
2014-05-01,606.997609045
2014-05-02,586.901249666
2014-05-05,578.257963607
2014-05-06,597.471217554
2014-05-07,590.192647846
2014-05-08,595.999480867
2014-05-09,604.629373829
2014-05-12,580.572669253
2014-05-13,592.226391491
2014-05-14,599.545097672
2014-05-15,606.944079476
2014-05-16,605.820188654
2014-05-19,648.340924538
2014-05-20,654.054048702
2014-05-21,689.537041745
2014-05-22,693.189760503
2014-05-23,696.360746588
2014-05-26,762.777597003
2014-05-27,763.767764249
2014-05-28,755.177927482
2014-05-29,819.306898582
2014-05-30,840.125733208
2014-06-02,895.678342253
2014-06-03,854.870207386
2014-06-04,883.302104629
2014-06-05,870.230094996
2014-06-06,871.915952636
2014-06-09,877.20095665
2014-06-10,860.24887878
2014-06-11,798.943009098
2014-06-12,816.630955312
2014-06-13,780.599388547
2014-06-16,809.593292748
2014-06-17,811.09181429
2014-06-18,803.010413433
2014-06-19,790.406743377
2014-06-20,798.822555526
2014-06-23,787.757586299
2014-06-24,760.569991972
2014-06-25,779.636087771
2014-06-26,805.766630987
2014-06-27,799.518327535
2014-06-30,860.569978592
2014-07-01,863.955005352
2014-07-02,853.666081081
2014-07-03,834.840810811
2014-07-04,833.502839176
2014-07-07,823.280715815
2014-07-08,833.556328606
2014-07-09,827.388299438
2014-07-10,846.802279904
2014-07-11,850.816194809
2014-07-14,829.007192936
2014-07-15,822.584945143
2014-07-16,838.346289805
2014-07-17,839.537023013
2014-07-18,838.961704576
2014-07-21,832.927520739
2014-07-22,831.80358844
2014-07-23,805.284981268
2014-07-24,803.451966818
2014-07-25,797.431094461
2014-07-28,783.743671394
2014-07-29,755.472324057
2014-07-30,788.761065025
2014-07-31,801.150694407
2014-08-01,791.704537062
2014-08-04,787.744193203
2014-08-05,789.095557934
2014-08-06,793.149569173
2014-08-07,797.230366604
2014-08-08,788.761065025
2014-08-11,759.5129422
2014-08-12,725.314391223
2014-08-13,675.408065293
2014-08-14,664.236034252
2014-08-15,698.434586567
2014-08-18,649.076792882
2014-08-19,691.437020337
2014-08-20,692.989031309
2014-08-21,690.527128713
2014-08-22,665.881713942
2014-08-25,685.79073856
2014-08-26,689.363098742
2014-08-27,683.369012577
2014-08-28,685.79073856
2014-08-29,676.960116404
2014-09-01,640.808137543
2014-09-02,642.279915708
2014-09-03,656.93067969
2014-09-04,647.109973241
2014-09-05,648.207119347
2014-09-08,635.402721434
2014-09-09,641.825009366
2014-09-10,640.206034252
2014-09-11,639.189203907
2014-09-12,639.777914102
2014-09-15,624.498260637
2014-09-16,616.925335831
2014-09-17,567.647859245
2014-09-18,532.071197485
2014-09-19,550.615465614
2014-09-22,584.506268397
2014-09-23,566.992225047
2014-09-24,551.632337436
2014-09-25,541.155995451
2014-09-26,533.877427081
2014-09-29,519.360466952
2014-09-30,512.229055392
2014-10-01,501.926699224
2014-10-02,486.285806797
2014-10-03,448.648658014
2014-10-06,443.73828472
2014-10-07,469.454100883
2014-10-08,482.88734814
2014-10-09,483.957708055
2014-10-10,483.302115333
2014-10-13,531.308544287
2014-10-14,526.050325127
2014-10-15,508.121473107
2014-10-16,509.071462403
2014-10-17,522.986359379
2014-10-20,511.573462671
2014-10-21,506.997582285
2014-10-22,476.023546963
2014-10-23,475.113735617
2014-10-24,463.901526626
2014-10-27,468.410484346
2014-10-28,469.708319508
2014-10-29,448.381047632
2014-10-30,461.412877977
2014-10-31,452.060469628
2014-11-03,433.823909553
2014-11-04,438.801165373
2014-11-05,452.247805727
2014-11-06,465.172615735
2014-11-07,457.412356168
2014-11-10,491.236277763
2014-11-11,488.921612256
2014-11-12,578.043884132
2014-11-13,573.615200696
2014-11-14,530.545891089
2014-11-17,514.704310945
2014-11-18,507.305330479
2014-11-19,510.342511373
2014-11-20,478.05724913
2014-11-21,470.658267327
2014-11-24,506.890561948
2014-11-25,503.652653198
2014-11-26,488.827944876
2014-11-27,493.484060744
2014-11-28,505.204704308
2014-12-01,506.569420658
2014-12-02,509.285543216
2014-12-03,504.361775488
2014-12-04,494.835424137
2014-12-05,505.258235215
2014-12-08,488.292764249
2014-12-09,471.220232807
2014-12-10,465.533853358
2014-12-11,465.185968691
2014-12-12,472.839167782
2014-12-15,462.095256891
2014-12-16,441.824994648
2014-12-17,428.177667915
2014-12-18,415.226111854
2014-12-19,425.180624833
2014-12-22,442.654530372
2014-12-23,448.554990634
2014-12-24,431.362047097
2014-12-25,426.799558469
2014-12-26,441.503894835
2014-12-29,420.283643297
2014-12-30,416.470416109
2014-12-31,425.796079743
2015-01-01,421.313908215
2015-01-02,421.742027027
2015-01-05,367.728118812
2015-01-06,377.669238694
2015-01-07,389.804650789
2015-01-08,378.231204174
2015-01-09,385.295693069
2015-01-12,360.355883061
2015-01-13,296.079733744
2015-01-14,220.658279368
2015-01-15,280.679688253
2015-01-16,276.853088039
2015-01-19,288.827930158
2015-01-20,281.709931763
2015-01-21,305.284985282
2015-01-22,311.345995451
2015-01-23,310.636871822
2015-01-26,360.155195344
2015-01-27,352.247777629
2015-01-28,315.988758362
2015-01-29,313.071989564
2015-01-30,310.195338507
2015-02-02,319.587906074
2015-02-03,304.268134868
2015-02-04,303.157615735
2015-02-05,289.697623762
2015-02-06,298.314165106
2015-02-09,294.808664704
2015-02-10,293.912226385
2015-02-11,292.788335563
2015-02-12,296.748719561
2015-02-13,315.988758362
2015-02-16,315.533853358
2015-02-17,325.394697618
2015-02-18,314.690924538
2015-02-19,323.682095264
2015-02-20,327.160829542
2015-02-23,319.534395237
2015-02-24,319.628042547
2015-02-25,317.540810811
2015-02-26,316.470429489
2015-02-27,339.135671662
2015-03-02,366.269735082
2015-03-03,375.501731335
2015-03-04,363.821264383
2015-03-05,368.249947819
2015-03-06,364.67754616
2015-03-09,388.038518865
2015-03-10,389.8447886
2015-03-11,395.504423334
2015-03-12,393.162972973
2015-03-13,384.278821247
2015-03-16,388.560347873
2015-03-17,381.830351887
2015-03-18,342.413698154
2015-03-19,349.116929355
2015-03-20,350.254213273
2015-03-23,355.177938186
2015-03-24,330.104363126
2015-03-25,329.636065025
2015-03-26,331.843730265
2015-03-27,330.759977254
2015-03-30,326.665766658
2015-03-31,329.462142093
2015-04-01,337.971643029
2015-04-02,340.487016323
2015-04-03,338.359645438
2015-04-06,338.466685844
2015-04-07,327.227732138
2015-04-08,325.555267594
2015-04-09,314.062076532
2015-04-10,316.403526893
2015-04-13,291.664443404
2015-04-14,298.327536794
2015-04-15,305.030767996
2015-04-16,297.819100883
2015-04-17,298.835972705
2015-04-20,312.724104897
2015-04-21,312.791007493
2015-04-22,314.958514851
2015-04-23,309.191859781
2015-04-24,302.568904201
2015-04-27,302.127372224
2015-04-28,301.605563286
2015-04-29,315.453577736
2015-04-30,312.028374364
2015-05-01,314.878239229
2015-05-04,315.520480332
2015-05-05,307.773613861
2015-05-06,318.075991437
2015-05-07,326.117213005
2015-05-08,322.986344661
2015-05-11,323.22719026
2015-05-12,316.269741771
2015-05-13,316.965472304
2015-05-14,317.366867808
2015-05-15,316.069033984
2015-05-18,310.436184105
2015-05-19,313.031853091
2015-05-20,314.931770136
2015-05-21,321.608235215
2015-05-22,319.694945143
2015-05-25,318.223168317
2015-05-26,317.487279904
2015-05-27,317.527437784
2015-05-28,317.139415306
2015-05-29,312.041746053
2015-06-01,302.033723575
2015-06-02,301.833015788
2015-06-03,300.000001338
2015-06-04,301.431620284
2015-06-05,300.69575194
2015-06-08,307.144765855
2015-06-09,306.114521006
2015-06-10,307.572926144
2015-06-11,308.348952368
2015-06-12,311.051640353
2015-06-15,334.252083222
2015-06-16,330.987429756
2015-06-17,332.405675676
2015-06-18,326.639021943
2015-06-19,327.776285791
2015-06-22,326.143959058
2015-06-23,321.86245384
2015-06-24,324.53839711
2015-06-25,325.06020471
2015-06-26,335.469622692
2015-06-29,353.385061547
2015-06-30,344.688245919
2015-07-01,341.022217019
2015-07-02,341.717947552
2015-07-03,348.608493444
2015-07-06,356.181416912
2015-07-07,359.432720096
2015-07-08,360.101705914
2015-07-09,379.475508429
2015-07-10,390.647579609
2015-07-13,383.944328338
2015-07-14,379.207938186
2015-07-15,370.069569173
2015-07-16,374.123621889
2015-07-17,366.671110516
2015-07-20,368.062611721
2015-07-21,369.895626171
2015-07-22,368.637930158
2015-07-23,385.830873695
2015-07-24,386.325916511
2015-07-27,392.962285256
2015-07-28,385.830873695
2015-07-29,384.02460396
2015-07-30,379.622706717
2015-07-31,375.260905807
2015-08-03,380.385319775
2015-08-04,376.933370351
2015-08-05,371.95611453
2015-08-06,371.80895772
2015-08-07,345.999472839
2015-08-10,359.954507626
2015-08-11,358.121493176
2015-08-12,352.475250201
2015-08-13,354.602621086
2015-08-14,348.568355633
2015-08-17,330.104363126
2015-08-18,302.38158951
2015-08-19,313.968429221
2015-08-20,310.944599946
2015-08-21,307.117999732
2015-08-24,295.036118544
2015-08-25,301.003480064
2015-08-26,298.006416912
2015-08-27,309.927748194
2015-08-28,305.726518598
2015-08-31,303.960386674
2015-09-01,305.9004616
2015-09-02,302.649179823
2015-09-03,308.067968959
2015-09-04,312.643829275
2015-09-07,325.448227188
2015-09-08,317.647851218
2015-09-09,318.544289537
2015-09-10,320.979387209
2015-09-11,315.226125234
2015-09-14,307.104628044
2015-09-15,305.860323789
2015-09-16,311.372760235
2015-09-17,310.690402729
2015-09-18,309.218625903
2015-09-21,307.746849077
2015-09-22,307.586297832
2015-09-23,312.764242708
2015-09-24,314.463472036
2015-09-25,313.486758095
2015-09-28,316.711275087
2015-09-29,315.66763848
2015-09-30,317.166180091
2015-10-01,316.711275087
2015-10-02,319.213275355
2015-10-05,329.328336901
2015-10-06,325.100342521
2015-10-07,324.565161895
2015-10-08,326.51858844
2015-10-09,328.271348675
2015-10-12,332.860582018
2015-10-13,337.610385336
2015-10-14,340.433505486
2015-10-15,351.712597003
2015-10-16,360.69037597
2015-10-19,360.917848542
2015-10-20,357.385583356
2015-10-21,367.166193471
2015-10-22,370.511122558
2015-10-23,378.05726251
2015-10-26,381.522603693
2015-10-27,394.246727321
2015-10-28,406.12792213
2015-10-29,419.628050575
2015-10-30,437.677274552
2015-11-02,480.706447685
2015-11-03,530.492360182
2015-11-04,536.379468825
2015-11-05,512.041760771
2015-11-06,494.795287664
2015-11-09,508.723576398
2015-11-10,450.481672465
2015-11-11,407.69332486
2015-11-12,446.681838373
2015-11-13,446.574777897
2015-11-16,441.811601552
2015-11-17,446.762113995
2015-11-18,449.451449023
2015-11-19,434.81403666
2015-11-20,429.649444742
2015-11-23,430.987416377
2015-11-24,425.943278031
2015-11-25,438.212455178
2015-11-26,473.294072786
2015-11-27,481.027547498
2015-11-30,505.713140219
2015-12-01,484.078121488
2015-12-02,481.643043885
2015-12-03,482.084557131
2015-12-04,483.904218625
2015-12-07,527.53545491
2015-12-08,549.46482874
2015-12-09,556.596200161
2015-12-10,555.913821247
2015-12-11,601.859763179
2015-12-14,591.383462671
2015-12-15,619.012568906
2015-12-16,607.412377576
2015-12-17,609.486217554
2015-12-18,619.721692534
2015-12-21,585.483002408
2015-12-22,584.733742307
2015-12-23,591.958781108
2015-12-24,606.074405941
2015-12-25,607.506004817
2015-12-28,564.302930158
2015-12-29,577.896725983
2015-12-30,571.514575863
2015-12-31,575.260920524
2016-01-01,582.110078922
2016-01-04,573.138198846
2016-01-05,567.013124403
2016-01-06,568.339194814
2016-01-07,578.016506108
2016-01-08,585.246823777
2016-01-11,565.677717387
2016-01-12,631.201046072
2016-01-13,609.186981875
2016-01-14,602.29026858
2016-01-15,594.589309367
2016-01-18,656.7813742
2016-01-19,609.026311228
2016-01-20,696.287860692
2016-01-21,687.27892994
2016-01-22,670.563625365
2016-01-25,867.472374381
2016-01-26,873.4995765
2016-01-27,939.883405721
2016-01-28,903.037923646
2016-01-29,951.071576071
2016-02-01,904.698159045
2016-02-02,954.920512394
2016-02-03,939.078540202
2016-02-04,960.932678989
2016-02-05,1028.52707273
2016-02-08,1100.32981559
2016-02-09,1128.56120809
2016-02-10,1203.16279825
2016-02-11,1481.69777203
2016-02-12,1342.46002177
2016-02-15,1372.46067575
2016-02-16,1250.59894931
2016-02-17,1176.30246539
2016-02-18,1293.06061548
2016-02-19,1304.63606932
2016-02-22,1440.42134147
2016-02-23,1420.13005743
2016-02-24,1451.3311367
2016-02-25,1448.62985342
2016-02-26,1460.89524749
2016-02-29,1490.85948853
2016-03-01,1605.08099937
2016-03-02,1680.10072411
2016-03-03,1718.3767544
2016-03-04,1761.70270475
2016-03-07,1712.80487421
2016-03-08,1749.52418863
2016-03-09,1910.98573054
2016-03-10,1882.46300869
2016-03-11,1956.82468524
2016-03-14,2005.69378359
2016-03-15,2032.33452864
2016-03-16,2037.27678889
2016-03-17,1881.75496321
2016-03-18,1847.86495323
2016-03-21,1932.96527656
2016-03-22,1886.18528117
2016-03-23,1996.89427057
2016-03-24,1934.19715742
2016-03-25,1895.0301369
2016-03-28,1891.97468361
2016-03-29,1863.90194007
2016-03-30,1867.24196981
2016-03-31,1887.59495712
2016-04-01,1896.71122606
2016-04-04,1814.73633301
2016-04-05,1835.24212751
2016-04-06,1756.54448504
2016-04-07,1711.05457935
2016-04-08,1654.44665821
2016-04-11,1558.72469615
2016-04-12,1578.87962525
2016-04-13,1638.996503
2016-04-14,1646.68868415
2016-04-15,1663.2535441
2016-04-18,1725.76665302
2016-04-19,1711.82257874
2016-04-20,1725.58626125
2016-04-21,1703.88521812
2016-04-22,1741.71892754
2016-04-25,1674.74393567
2016-04-26,1641.50824472
2016-04-27,1622.51361024
2016-04-28,1654.93909778
2016-04-29,1734.87128572
2016-05-02,1737.77385241
2016-05-03,1720.02214933
2016-05-04,1734.71811203
2016-05-05,1730.99655463
2016-05-06,1734.94231311
2016-05-09,1724.80438385
2016-05-10,1750.16430827
2016-05-11,1764.18669853
2016-05-12,1788.44682778
2016-05-13,1763.2571093
2016-05-16,1892.54964044
2016-05-17,1922.99633778
2016-05-18,2012.98497576
2016-05-19,1963.63595776
2016-05-20,1961.81737568
2016-05-23,1881.02382435
2016-05-24,1855.17594965
2016-05-25,1867.637187
2016-05-26,1809.57038845
2016-05-27,1835.47813284
2016-05-30,2035.35370436
2016-05-31,2069.29332694
2016-06-01,2064.61811842
2016-06-02,2114.17332745
2016-06-03,2119.6902073
2016-06-06,2151.22508551
2016-06-07,2155.20792486
2016-06-08,2142.73044936
2016-06-09,2122.32264572
2016-06-10,2143.46290723
2016-06-13,2684.01249448
2016-06-14,2586.43648591
2016-06-15,2787.34358456
2016-06-16,2527.38034658
2016-06-17,2325.27255129
2016-06-20,2190.89308421
2016-06-21,2236.5689335
2016-06-22,2231.91968822
2016-06-23,2354.55756636
2016-06-24,2343.69311493
2016-06-27,2311.46101137
2016-06-28,2294.32263795
2016-06-29,2277.06492072
2016-06-30,2296.93339927
2016-07-01,2297.68210569
2016-07-04,2154.88867154
2016-07-05,2180.33595558
2016-07-06,2121.41202108
2016-07-07,2227.97419952
2016-07-08,2176.25340754
2016-07-11,2174.92990415
2016-07-12,2158.32437903
2016-07-13,2225.77004686
2016-07-14,2264.1296278
2016-07-15,2260.029826
2016-07-18,2244.57257848
2016-07-19,2295.12282533
2016-07-20,2313.88217687
2016-07-21,2419.94699087
2016-07-22,2413.06998783
2016-07-25,2185.12917963
2016-07-26,2269.54375239
2016-07-27,2262.96930309
2016-07-28,2285.80266729
2016-07-29,2264.42166125
2016-08-01,1761.57946583
2016-08-02,1956.34175317
2016-08-03,2076.72119504
2016-08-04,2039.8112942
2016-08-05,2090.32118925
2016-08-08,2170.23549658
2016-08-09,2176.11129655
2016-08-10,2124.80208859
2016-08-11,2123.37495293
2016-08-12,2122.24616631
2016-08-15,2090.24742493
2016-08-16,2051.07738496
2016-08-17,2030.03628959
2016-08-18,2046.21838507
2016-08-19,2106.00086973
2016-08-22,2038.64278868
2016-08-23,2080.00468372
2016-08-24,2103.93412187
2016-08-25,2066.55124051
2016-08-26,2050.33193944
2016-08-29,2071.70597726
2016-08-30,2087.58154448
2016-08-31,2118.297904
2016-09-01,2123.36200211
2016-09-02,2139.66603648
2016-09-05,2137.39084386
2016-09-06,2124.13130976
2016-09-07,2133.1862879
2016-09-08,2161.21825003
2016-09-09,2169.40393495
2016-09-12,2142.91857321
2016-09-13,2163.88984832
2016-09-14,2524.95044287
2016-09-15,2337.20937407
2016-09-16,2335.2173578
2016-09-19,2422.61011576
2016-09-20,2345.22801068
2016-09-21,2311.43274725
2016-09-22,2401.09594155
2016-09-23,2385.25246017
2016-09-26,2507.66852064
2016-09-27,2550.93553511
2016-09-28,2594.29436924
2016-09-29,2543.20989263
2016-09-30,2473.71945969
2016-10-03,2452.91222031
2016-10-04,2385.60892862
2016-10-05,2396.12115605
2016-10-06,2377.62489997
2016-10-07,2361.17701331
2016-10-10,2400.28752303
2016-10-11,2406.74314008
2016-10-12,2427.85504269
2016-10-13,2438.17468087
2016-10-14,2427.97894799
2016-10-17,2500.89223015
2016-10-18,2478.46552061
2016-10-19,2547.73084354
2016-10-20,2541.09937693
2016-10-21,2551.24081264
2016-10-24,2505.7905485
2016-10-25,2531.52018429
2016-10-26,2486.73248381
2016-10-27,2419.1737714
2016-10-28,2408.23888305
2016-10-31,2443.47719252
2016-11-01,2469.28086258
2016-11-02,2502.48540155
2016-11-03,2440.60192295
2016-11-04,2486.43632621
2016-11-07,2479.26069595
2016-11-08,2482.99247683
2016-11-09,2470.25748133
2016-11-10,2450.65920962
2016-11-11,2420.48019895
2016-11-14,2392.61499951
2016-11-15,2378.99603549
2016-11-16,2396.31496114
2016-11-17,2399.75640983
2016-11-18,2378.47560536
2016-11-21,2327.32804325
2016-11-22,2361.31583486
2016-11-23,2313.20303637
2016-11-24,2246.81711882
2016-11-25,2260.22467251
2016-11-28,2190.89887072
2016-11-29,2145.25473048
2016-11-30,2197.82071758
2016-12-01,2174.6385588
2016-12-02,2121.28401295
2016-12-05,1996.3587626
2016-12-06,2120.57125482
2016-12-07,2222.70046652
2016-12-08,2220.96989362
2016-12-09,2234.48331457
2016-12-12,2211.58568525
2016-12-13,2206.44990731
2016-12-14,2200.57658112
2016-12-15,2143.02213968
2016-12-16,2163.90482888
2016-12-19,2125.01787104
2016-12-20,2142.10862499
2016-12-21,2197.97627863
2016-12-22,2189.62671702
2016-12-23,2174.61008465
2016-12-26,2176.98564528
2016-12-27,2179.72690161
2016-12-28,2272.00915435
2016-12-29,2362.36301775
2016-12-30,2340.75516002
2017-01-02,2392.76346241
2017-01-03,2544.19854856
2017-01-04,2756.39535928
2017-01-05,2554.41822107
2017-01-06,2451.71324598
2017-01-09,2470.45796164
2017-01-10,2583.58345907
2017-01-11,2383.46393045
2017-01-12,2380.02265101
2017-01-13,2424.88611379
2017-01-16,2420.67846537
2017-01-17,2540.25545119
2017-01-18,2519.48665663
2017-01-19,2567.00959471
2017-01-20,2554.39624511
2017-01-23,2604.96326459
2017-01-24,2532.44208955
2017-01-25,2531.76606426
2017-01-26,2538.31246472
2017-01-27,2537.13192478
2017-01-30,2560.23690791
2017-01-31,2604.47336761
2017-02-01,2630.81998202
2017-02-02,2645.07478744
2017-02-03,2664.70043401
2017-02-06,2705.48185063
2017-02-07,2743.30172458
2017-02-08,2736.26909814
2017-02-09,2618.8197334
2017-02-10,2672.50770971
2017-02-13,2665.32935453
2017-02-14,2804.64930164
2017-02-15,2786.51618417
2017-02-16,2785.21124458
2017-02-17,2775.36922146
2017-02-20,2796.67917052
2017-02-21,2833.96518827
2017-02-22,2826.11726654
2017-02-23,2906.51834439
2017-02-24,2869.88795286
2017-02-27,3055.98694221
2017-02-28,3096.65045969
2017-03-01,3207.58178808
2017-03-02,3454.68612418
2017-03-03,3575.80421336
2017-03-06,3520.08023329
2017-03-07,3527.1177392
2017-03-08,3240.51619147
2017-03-09,3362.8817934
2017-03-10,3351.83217427
2017-03-13,4196.85464285
2017-03-14,4202.99598727
2017-03-15,4681.42949057
2017-03-16,5388.72523481
2017-03-17,5172.89113069
2017-03-20,5143.46277552
2017-03-21,5250.79542466
2017-03-22,5176.26957856
2017-03-23,6169.61873882
2017-03-24,6322.0790719
2017-03-27,6109.03306244
2017-03-28,6367.72889461
2017-03-29,7228.80733366
2017-03-30,9096.54442153
2017-03-31,9284.93235259
2017-04-03,13070.4930583
2017-04-04,12503.4454721
2017-04-05,11938.5217726
2017-04-06,12885.8287598
2017-04-07,12605.1517564
2017-04-10,12001.5925941
2017-04-11,12440.0122617
2017-04-12,12443.3423347
2017-04-13,12154.4410203
2017-04-14,12299.2020739
2017-04-17,12117.4781912
2017-04-18,11683.187571
2017-04-19,11835.3735723
2017-04-20,12224.0517033
2017-04-21,11966.0253053
2017-04-24,12259.2894353
2017-04-25,12655.1413786
2017-04-26,13913.8770631
2017-04-27,15857.0912066
2017-04-28,16756.7038272
2017-05-01,17723.5405499
2017-05-02,19002.6378417
2017-05-03,22584.6157206
2017-05-04,23652.228059
2017-05-05,25176.4878019
2017-05-08,31924.8325204
2017-05-09,36001.8067977
2017-05-10,35849.8270556
2017-05-11,38013.863404
2017-05-12,38906.7077746
2017-05-15,52829.0401542
2017-05-16,56106.5193919
2017-05-17,57754.8144593
2017-05-18,62394.0111176
2017-05-19,64144.4950784
2017-05-22,74633.2365891
2017-05-23,79328.4935416
2017-05-24,72064.5786456
2017-05-25,70472.2845155
2017-05-26,63692.8585913
2017-05-29,79236.131903
2017-05-30,82722.4793402
2017-05-31,87060.0009774
2017-06-01,85948.4454446
2017-06-02,86733.7888489
2017-06-05,97619.6662249
2017-06-06,93671.5933199
2017-06-07,96073.7366653
2017-06-08,99855.6822213
2017-06-09,110989.927765
2017-06-12,119516.384228
2017-06-13,111320.1891
2017-06-14,108417.528946
2017-06-15,111154.73274
2017-06-16,116174.303809
2017-06-19,123156.098053
2017-06-20,114068.473334
2017-06-21,115092.073846
2017-06-22,117590.976007
2017-06-23,111394.844013
2017-06-26,107031.675508
2017-06-27,111025.90206
2017-06-28,106488.179544
2017-06-29,102650.654007
2017-06-30,98594.4317879
2017-07-03,103570.501711
2017-07-04,104125.217072
2017-07-05,103700.502433
2017-07-06,96586.8963232
2017-07-07,97775.5513274
2017-07-10,80621.0264965
2017-07-11,88991.418941
2017-07-12,85379.6966219
2017-07-13,81490.8958489
2017-07-14,72681.6411971
2017-07-17,85878.5427785
2017-07-18,78446.2020786
2017-07-19,94152.5323828
2017-07-20,89174.2343195
2017-07-21,95181.3958368
2017-07-24,84932.5653045
2017-07-25,84244.820489
2017-07-26,85816.0425089
2017-07-27,84100.7487245
2017-07-28,86220.9631618
2017-07-31,90463.5818196
2017-08-01,88047.7440841
2017-08-02,90555.8288433
2017-08-03,90752.8636897
2017-08-04,101350.341776
2017-08-07,111165.17321
2017-08-08,107767.036752
2017-08-09,108369.821983
2017-08-10,111636.65624
2017-08-11,112653.638444
2017-08-14,110482.170569
2017-08-15,115268.192273
2017-08-16,113490.117348
2017-08-17,110485.561722
2017-08-18,110212.597922
2017-08-21,128959.668708
2017-08-22,130696.758358
2017-08-23,128246.76166
2017-08-24,129228.778311
2017-08-25,128129.154773
2017-08-28,137633.14172
2017-08-29,141177.748644
2017-08-30,148541.436702
2017-08-31,149739.705548
2017-09-01,135713.16665
2017-09-04,128189.693878
2017-09-05,135918.487225
2017-09-06,134757.564119
2017-09-07,124974.344405
2017-09-08,124822.357607
2017-09-11,121122.520459
2017-09-12,113663.787049
2017-09-13,95141.6605714
2017-09-14,107259.995362
2017-09-15,106078.674002
2017-09-18,112330.371814
2017-09-19,111544.606056
2017-09-20,103402.489266
2017-09-21,104292.762321
2017-09-22,110466.565084
2017-09-25,113807.689856
2017-09-26,123850.580714
2017-09-27,121224.621061
2017-09-28,118529.857454
2017-09-29,122350.378947
2017-10-02,121090.155284
2017-10-03,122203.607648
2017-10-04,128487.309126
2017-10-05,129891.696264
2017-10-06,132145.355181
2017-10-09,137112.404654
2017-10-10,139282.941182
2017-10-11,141643.971027
2017-10-12,150993.044587
2017-10-13,152107.412995
2017-10-16,141674.096553
2017-10-17,138619.850667
2017-10-18,138305.566391
2017-10-19,139329.913008
2017-10-20,139266.132648
2017-10-23,133055.034459
2017-10-24,134803.398131
2017-10-25,136049.113183
2017-10-26,134653.907548
2017-10-27,133505.275733
2017-10-30,139869.302204
2017-10-31,140749.467424
2017-11-01,139111.361279
2017-11-02,142916.140807
2017-11-03,148152.307101
2017-11-06,144455.634022
2017-11-07,145758.911667
2017-11-08,153296.454731
2017-11-09,152471.405918
2017-11-10,141927.294857
2017-11-13,143556.033725
2017-11-14,148310.298063
2017-11-15,153759.16003
2017-11-16,162252.778033
2017-11-17,160604.155146
2017-11-20,174067.2835
2017-11-21,169845.827481
2017-11-22,175501.658445
2017-11-23,178073.768125
2017-11-24,189435.217795
2017-11-27,203163.653126
2017-11-28,211998.700808
2017-11-29,193869.707316
2017-11-30,195768.421683
2017-12-01,209149.591455
2017-12-04,214915.242774
2017-12-05,209940.555733
2017-12-06,215694.08772
2017-12-07,233048.378974
2017-12-08,240102.515646
2017-12-11,256764.011527
2017-12-12,309888.22583
2017-12-13,338621.125696
2017-12-14,446654.774441
2017-12-15,422256.883249
2017-12-18,451228.968495
2017-12-19,439060.123755
2017-12-20,424289.864023
2017-12-21,528327.699835
2017-12-22,462992.587251
2017-12-25,467567.55754
2017-12-26,509982.284624
2017-12-27,525505.332404
2017-12-28,516973.43871
2017-12-29,628342.257633
2018-01-01,640317.452378
2018-01-02,700118.195754
2018-01-03,807543.452653
2018-01-04,808611.688484
2018-01-05,798442.476608
2018-01-08,796674.473653
2018-01-09,768323.937706
2018-01-10,747245.000582
2018-01-11,702273.806899
2018-01-12,748818.102415
2018-01-15,693043.230775
2018-01-16,536272.551586
2018-01-17,554844.779352
2018-01-18,593791.670759
2018-01-19,598180.637622
2018-01-22,549956.982891
2018-01-23,547915.97671
2018-01-24,574505.141714
2018-01-25,559179.675036
2018-01-26,546057.5884
2018-01-29,578724.592156
2018-01-30,518259.696731
2018-01-31,533113.027689
2018-02-01,472699.214831
2018-02-02,441595.428005
2018-02-05,338154.982542
2018-02-06,378736.330979
2018-02-07,364487.836098
2018-02-08,396066.296833
2018-02-09,434286.150508
2018-02-12,452011.618401
2018-02-13,434037.837807
2018-02-14,484117.173696
2018-02-15,492109.936414
2018-02-16,496583.728581
2018-02-19,513656.424816
2018-02-20,492564.322651
2018-02-21,460271.350385
2018-02-22,434727.686812
2018-02-23,456546.886302
2018-02-26,459577.599351
2018-02-27,464098.05813
2018-02-28,449928.977289
2018-03-01,467043.498744
2018-03-02,463532.243501
2018-03-05,475343.130932
2018-03-06,452012.93932
2018-03-07,420522.850751
2018-03-08,394191.23596
2018-03-09,401152.367253
2018-03-12,387625.334268
2018-03-13,385920.099993
2018-03-14,343598.205924
2018-03-15,343362.905744
2018-03-16,340806.127668
2018-03-19,344270.741535
2018-03-20,345350.190267
2018-03-21,342363.293839
2018-03-22,331557.607519
2018-03-23,333267.865198
2018-03-26,287476.610486
2018-03-27,289379.355851
2018-03-28,254028.154328
2018-03-29,252059.001723
2018-03-30,253515.614787
2018-04-02,272047.048662
2018-04-03,247030.185105
2018-04-04,246985.768805
2018-04-05,240171.466191
2018-04-06,248798.988181
2018-04-09,255508.187415
2018-04-10,267777.191379
2018-04-11,309753.50277
2018-04-12,309708.706082
2018-04-13,312601.886409
2018-04-16,313646.58624
2018-04-17,331240.760683
2018-04-18,352448.834737
2018-04-19,392783.368141
2018-04-20,381900.519708
2018-04-23,420718.544699
2018-04-24,372434.976685
2018-04-25,395103.843548
2018-04-26,380319.940558
2018-04-27,402945.064434
2018-04-30,392381.86745
2018-05-01,401680.950942
2018-05-02,430730.759873
2018-05-03,430704.033679
2018-05-04,434740.809557
