,XRP-USD+,cash,value
2013-01-01,0.720115090216,0.279884909784,138.304572708
2013-01-02,0.709455012429,0.290544987571,138.151940726
2013-01-03,0.741765747409,0.258234252591,139.029180417
2013-01-04,0.75997499336,0.24002500664,139.794117577
2013-01-07,0.792288052767,0.207711947233,140.493688406
2013-01-08,0.825424193923,0.174575806077,141.713486965
2013-01-09,0.837684004457,0.162315995543,141.965502398
2013-01-10,0.846736504522,0.153263495478,145.159387819
2013-01-11,0.845374250251,0.154625749749,145.158992331
2013-01-14,0.847271730736,0.152728269264,146.54742323
2013-01-15,0.824570651246,0.175429348754,146.106757601
2013-01-16,0.846024956692,0.153975043308,150.15999057
2013-01-17,0.850453888361,0.149546111639,156.800238435
2013-01-18,0.850737710202,0.149262289798,158.520481262
2013-01-21,0.853333052465,0.146666947535,167.967377848
2013-01-22,0.852860789667,0.147139210333,171.890672858
2013-01-23,0.850781240927,0.149218759073,173.92781908
2013-01-24,0.722777777778,0.277222222222,168.811439632
2013-01-25,0.825357372749,0.174642627251,172.388622697
2013-01-28,0.875792177547,0.124207822453,183.168597358
2013-01-29,0.868738109431,0.131261890569,190.105516587
2013-01-30,0.866184200979,0.133815799021,191.541745128
2013-01-31,0.867293396323,0.132706603677,197.520122542
2013-02-01,0.865782799472,0.134217200528,198.27472591
2013-02-04,0.855512968814,0.144487031186,197.684645408
2013-02-05,0.868626948709,0.131373051291,199.087142958
2013-02-06,0.866486118048,0.133513881952,203.954013876
2013-02-07,0.871404667886,0.128595332114,212.047502482
2013-02-08,0.866630026779,0.133369973221,216.298914299
2013-02-11,0.874044835758,0.125955164242,232.759990078
2013-02-12,0.878687707817,0.121312292183,237.050581432
2013-02-13,0.730277777778,0.269722222222,228.955044042
2013-02-14,0.887777777778,0.112222222222,249.758776194
2013-02-15,0.875865262839,0.124134737161,248.775550928
2013-02-18,0.851504682042,0.148495317958,247.557684624
2013-02-19,0.889395350608,0.110604649392,266.863994204
2013-02-20,0.884150124636,0.115849875364,268.7163257
2013-02-21,0.883347762261,0.116652237739,269.517009789
2013-02-22,0.885247547008,0.114752452992,273.518203882
2013-02-25,0.885016232403,0.114983767597,274.718454162
2013-02-26,0.888519517759,0.111480482241,280.316185929
2013-02-27,0.871893984453,0.128106015547,278.705511091
2013-02-28,0.889191261707,0.110808738293,298.203593112
2013-03-01,0.890458601006,0.109541398994,307.099347454
2013-03-04,0.89259986742,0.10740013258,320.176416358
2013-03-05,0.897403829304,0.102596170696,353.218694352
2013-03-06,0.895542286841,0.104457713159,358.639427968
2013-03-07,0.895354566756,0.104645433244,366.310889093
2013-03-08,0.896112170923,0.103887829077,383.331666079
2013-03-11,0.89945472825,0.10054527175,416.139292659
2013-03-12,0.628333333333,0.371666666667,384.136122944
2013-03-13,0.759398343777,0.240601656223,398.378294441
2013-03-14,0.769129508742,0.230870491258,399.983247916
2013-03-15,0.759099325899,0.240900674101,398.541086324
2013-03-18,0.894444444444,0.105555555556,428.409872005
2013-03-19,0.902505432433,0.0974945675673,484.399430506
2013-03-20,0.905026754133,0.0949732458673,523.942863169
2013-03-21,0.906509922226,0.0934900777736,570.700095382
2013-03-22,0.878888888889,0.121111111111,563.514019417
2013-03-25,0.895191482162,0.104808517838,589.941442733
2013-03-26,0.898453860815,0.101546139185,625.09788596
2013-03-27,0.904052199446,0.0959478005538,699.640352067
2013-03-28,0.825,0.175,680.043254664
2013-03-29,0.9,0.1,708.074095213
2013-04-01,0.913593100305,0.0864068996954,901.566712275
2013-04-02,0.91511297556,0.0848870244396,1020.37464965
2013-04-03,0.871944444444,0.128055555556,1000.36979578
2013-04-04,0.922669700005,0.0773302999946,1067.62577049
2013-04-05,0.916991796929,0.0830082030713,1069.75896241
2013-04-08,0.928629384414,0.0713706155855,1670.62080469
2013-04-09,0.193333333333,0.806666666667,1229.81323651
2013-04-10,0.0411111111111,0.958888888889,1171.75281954
2013-04-11,0.0298164335206,0.970183566479,1168.68529647
2013-04-12,0.0238460892776,0.976153910722,1161.5373934
2013-04-15,0.0176396037287,0.982360396271,1154.19887988
2013-04-16,0.0461851629992,0.953814837001,1161.50671443
2013-04-17,0.140118723668,0.859881276332,1170.49351111
2013-04-18,0.18781386953,0.81218613047,1184.65390006
2013-04-19,0.228962111713,0.771037888287,1199.86708471
2013-04-22,0.323748325142,0.676251674858,1236.27504914
2013-04-23,0.418429681675,0.581570318325,1265.98421558
2013-04-24,0.323445313104,0.676554686896,1222.88834129
2013-04-25,0.315935246179,0.684064753821,1209.46275075
2013-04-26,0.229170027816,0.770829972184,1184.44612578
2013-04-29,0.323008788952,0.676991211048,1208.07439314
2013-04-30,0.136367560701,0.863632439299,1143.67352028
2013-05-01,0.0901307348822,0.909869265118,1130.01635651
2013-05-02,0.0837965077601,0.91620349224,1122.20392148
2013-05-03,0.130721220931,0.869278779069,1136.31127402
2013-05-06,0.127379216423,0.872620783577,1131.96951508
2013-05-07,0.130765760901,0.869234239099,1136.70509734
2013-05-08,0.132786324081,0.867213675919,1136.17436099
2013-05-09,0.143043077947,0.856956922053,1142.71602878
2013-05-10,0.148013865447,0.851986134553,1139.83890002
2013-05-13,0.1401617118,0.8598382882,1133.64569136
2013-05-14,0.143037493979,0.856962506021,1137.66758231
2013-05-15,0.189185547836,0.810814452164,1143.25682058
2013-05-16,0.210889964891,0.789110035109,1152.90181981
2013-05-17,0.193319409162,0.806680590838,1152.29127979
2013-05-20,0.210667287252,0.789332712748,1151.67181515
2013-05-21,0.196367319501,0.803632680499,1153.43265058
2013-05-22,0.242232445201,0.757767554799,1157.90800654
2013-05-23,0.27543210812,0.72456789188,1172.95493677
2013-05-24,0.249621433904,0.750378566096,1170.20403016
2013-05-27,0.249713062202,0.750286937798,1163.57662734
2013-05-28,0.284273634548,0.715726365452,1170.82743279
2013-05-29,0.254834303695,0.745165696305,1162.08836344
2013-05-30,0.257790634996,0.742209365004,1162.12755461
2013-05-31,0.260853273933,0.739146726067,1163.23837707
2013-06-03,0.214717314031,0.785282685969,1144.61958075
2013-06-04,0.217756335893,0.782243664107,1145.62644287
2013-06-05,0.216626393111,0.783373606889,1139.62337697
2013-06-06,0.162906168989,0.837093831011,1122.98882318
2013-06-07,0.117760059021,0.882239940979,1117.77037821
2013-06-10,0.150213725533,0.849786274467,1119.05444446
2013-06-11,0.12141544131,0.87858455869,1118.651287
2013-06-12,0.123860927551,0.876139072449,1112.60447265
2013-06-13,0.113221379346,0.886778620654,1107.35344073
2013-06-14,0.113275807495,0.886724192505,1107.10212696
2013-06-17,0.144021846965,0.855978153035,1116.53799464
2013-06-18,0.151337866722,0.848662133278,1117.87212846
2013-06-19,0.215,0.785,1122.48883184
2013-06-20,0.209166666667,0.790833333333,1118.60019039
2013-06-21,0.162777777778,0.837222222222,1115.72303519
2013-06-24,0.145,0.855,1107.52281196
2013-06-25,0.146944444444,0.853055555556,1108.56156438
2013-06-26,0.132222222222,0.867777777778,1104.99510273
2013-06-27,0.0736524029347,0.926347597065,1094.71616603
2013-06-28,0.0777410243022,0.922258975698,1094.99734879
2013-07-01,0.0752614189385,0.924738581062,1090.8822274
2013-07-02,0.0667512781048,0.933248721895,1080.41994016
2013-07-03,0.0758663942861,0.924133605714,1081.45350943
2013-07-04,0.0614588042281,0.938541195772,1069.61523386
2013-07-05,0.0712478196754,0.928752180325,1070.7095993
2013-07-08,0.129722222222,0.870277777778,1078.3082022
2013-07-09,0.187222222222,0.812777777778,1098.82761471
2013-07-10,0.194166666667,0.805833333333,1101.10710451
2013-07-11,0.213333333333,0.786666666667,1113.12194184
2013-07-12,0.267777777778,0.732222222222,1123.95754276
2013-07-15,0.232777777778,0.767222222222,1120.1497615
2013-07-16,0.276666666667,0.723333333333,1123.81666029
2013-07-17,0.212222222222,0.787777777778,1097.10131727
2013-07-18,0.221944444444,0.778055555556,1102.07682384
2013-07-19,0.220555555556,0.779444444444,1096.27486588
2013-07-22,0.244444444444,0.755555555556,1111.69793678
2013-07-23,0.248888888889,0.751111111111,1110.34946647
2013-07-24,0.26,0.74,1115.73846862
2013-07-25,0.259444444444,0.740555555556,1112.95285066
2013-07-26,0.258333333333,0.741666666667,1108.07645987
2013-07-29,0.371388888889,0.628611111111,1149.0032693
2013-07-30,0.372777777778,0.627222222222,1142.07420799
2013-07-31,0.331666666667,0.668333333333,1133.13278302
2013-08-01,0.3425,0.6575,1134.91748144
2013-08-02,0.347777777778,0.652222222222,1136.581556
2013-08-05,0.389444444444,0.610555555556,1142.55852667
2013-08-06,0.393333333333,0.606666666667,1140.166576
2013-08-07,0.346944444444,0.653055555556,1127.6363293
2013-08-08,0.350555555556,0.649444444444,1126.67782484
2013-08-09,0.354166666667,0.645833333333,1127.43908439
2013-08-12,0.415,0.585,1152.92052008
2013-08-13,0.457777777778,0.542222222222,1165.75879954
2013-08-14,0.421388888889,0.578611111111,1153.50267825
2013-08-15,0.423333333333,0.576666666667,1149.07380948
2013-08-16,0.468611111111,0.531388888889,1165.77037101
2013-08-19,0.538333333333,0.461666666667,1206.59152074
2013-08-20,0.543055555556,0.456944444444,1217.84500538
2013-08-21,0.545555555556,0.454444444444,1210.85954094
2013-08-22,0.497777777778,0.502222222222,1191.86405657
2013-08-23,0.5175,0.4825,1197.27922589
2013-08-26,0.633888888889,0.366111111111,1257.61658356
2013-08-27,0.59,0.41,1242.15550298
2013-08-28,0.5925,0.4075,1245.22540544
2013-08-29,0.671944444444,0.328055555556,1294.88063804
2013-08-30,0.674166666667,0.325833333333,1313.59602483
2013-09-02,0.703055555556,0.296944444444,1332.37441748
2013-09-03,0.572048155205,0.427951844795,1257.3288045
2013-09-04,0.521388888889,0.478611111111,1244.6737872
2013-09-05,0.443943712515,0.556056287485,1203.15208937
2013-09-06,0.519722222222,0.480277777778,1234.06983836
2013-09-09,0.571944444444,0.428055555556,1252.00733531
2013-09-10,0.660555555556,0.339444444444,1303.01465569
2013-09-11,0.633957334407,0.366042665593,1286.29977693
2013-09-12,0.657222222222,0.342777777778,1293.91145251
2013-09-13,0.587820941653,0.412179058347,1269.86805984
2013-09-16,0.636944444444,0.363055555556,1283.07682515
2013-09-17,0.642716813236,0.357283186764,1290.46758148
2013-09-18,0.581666666667,0.418333333333,1258.67155585
2013-09-19,0.576356691805,0.423643308195,1251.94158135
2013-09-20,0.578744125781,0.421255874219,1255.01194075
2013-09-23,0.580555555556,0.419444444444,1257.17120038
2013-09-24,0.580555555556,0.419444444444,1258.36154656
2013-09-25,0.59185727561,0.40814272439,1269.70667588
2013-09-26,0.638888888889,0.361111111111,1279.62605958
2013-09-27,0.675160479039,0.324839520961,1300.55600179
2013-09-30,0.644649752081,0.355350247919,1286.92917375
2013-10-01,0.392632560081,0.607367439919,1184.06154075
2013-10-02,0.495555555556,0.504444444444,1214.05327157
2013-10-03,0.559417165073,0.440582834927,1240.70156177
2013-10-04,0.56023338173,0.43976661827,1240.09020488
2013-10-07,0.560269699497,0.439730300503,1239.02194908
2013-10-08,0.591267680533,0.408732319467,1254.26723073
2013-10-09,0.617737989538,0.382262010462,1259.0425173
2013-10-10,0.615410039478,0.384589960522,1257.32083054
2013-10-11,0.652611479449,0.347388520551,1272.64803338
2013-10-14,0.799444444444,0.200555555556,1360.68131911
2013-10-15,0.730219630373,0.269780369627,1324.24602035
2013-10-16,0.777222222222,0.222777777778,1354.32024415
2013-10-17,0.840277777778,0.159722222222,1425.5825554
2013-10-18,0.876981043579,0.123018956421,1531.36004509
2013-10-21,0.928072661889,0.0719273381115,1676.71599433
2013-10-22,0.918978426158,0.0810215738421,1868.15654888
2013-10-23,0.714166666667,0.285833333333,1709.34784499
2013-10-24,0.625217526681,0.374782473319,1655.40407007
2013-10-25,0.554722222222,0.445277777778,1606.4611424
2013-10-28,0.685,0.315,1692.79112917
2013-10-29,0.755672577452,0.244327422548,1743.5836357
2013-10-30,0.680555555556,0.319444444444,1694.54702488
2013-10-31,0.727247295373,0.272752704627,1711.9756052
2013-11-01,0.734722222222,0.265277777778,1725.28184751
2013-11-04,0.923333333333,0.0766666666667,1871.57926865
2013-11-05,0.9329371948,0.0670628051999,1966.90120328
2013-11-06,0.931998856009,0.0680011439907,2060.35130243
2013-11-07,0.928979342811,0.0710206571887,2391.48951854
2013-11-08,0.932012622641,0.0679873773585,2716.83582079
2013-11-11,0.931209493322,0.0687905066778,2773.7432777
2013-11-12,0.930707309659,0.0692926903407,2895.12204071
2013-11-13,0.93046452436,0.0695354756404,3283.68000972
2013-11-14,0.92068596404,0.0793140359605,3273.42912186
2013-11-15,0.919115715505,0.0808842844951,3277.03440484
2013-11-18,0.932954458302,0.0670455416982,5716.83899651
2013-11-19,0.588888888889,0.411111111111,4764.13755078
2013-11-20,0.548611111111,0.451388888889,4730.23772014
2013-11-21,0.79135019616,0.20864980384,5244.71352696
2013-11-22,0.869690910893,0.130309089107,5445.22331545
2013-11-25,0.923071910581,0.0769280894192,5609.95947617
2013-11-26,0.962603784356,0.0373962156439,6482.92014255
2013-11-27,0.951260754614,0.0487392453863,7189.98782795
2013-11-28,0.961424993207,0.0385750067925,7325.96292901
2013-11-29,0.950333998762,0.0496660012382,8000.74901673
2013-12-02,0.812195578473,0.187804421527,7303.30846287
2013-12-03,0.869721376018,0.130278623982,7617.94846518
2013-12-04,0.957735869454,0.0422641305463,8091.12110366
2013-12-05,0.764181124536,0.235818875464,7266.53183265
2013-12-06,0.351722770703,0.648277229297,5949.63583108
2013-12-09,0.451017378489,0.548982621511,6131.76611524
2013-12-10,0.58204773892,0.41795226108,6475.91255255
2013-12-11,0.439191669574,0.560808330426,6059.5163954
2013-12-12,0.403415044746,0.596584955254,6001.43426726
2013-12-13,0.45846215002,0.54153784998,6099.85994111
2013-12-16,0.22495072723,0.77504927277,5569.68384571
2013-12-17,0.154862607462,0.845137392538,5494.90901075
2013-12-18,0.0204608331337,0.979539166866,5286.71312843
2013-12-19,0.126011861846,0.873988138154,5323.85638901
2013-12-20,0.0465484142279,0.953451585772,5247.99556674
2013-12-23,0.0878349312541,0.912165068746,5271.3909922
2013-12-24,0.0679844047566,0.932015595243,5264.38439052
2013-12-25,0.0708025403137,0.929197459686,5266.65074599
2013-12-26,0.1789366865,0.8210633135,5315.54935387
2013-12-27,0.179441563571,0.820558436429,5316.8150974
2013-12-30,0.208216543682,0.791783456318,5318.6273344
2013-12-31,0.237315927389,0.762684072611,5319.84752666
2014-01-01,0.25740715215,0.74259284785,5335.3223326
2014-01-02,0.287007571391,0.712992428609,5404.06622909
2014-01-03,0.314350757431,0.685649242569,5453.34424575
2014-01-06,0.448741480359,0.551258519641,5701.1070805
2014-01-07,0.291250976075,0.708749023925,5364.32929925
2014-01-08,0.352957714247,0.647042285753,5468.4676965
2014-01-09,0.35517177389,0.64482822611,5464.55281473
2014-01-10,0.367563984537,0.632436015463,5507.5796255
2014-01-13,0.337481133857,0.662518866143,5433.68124079
2014-01-14,0.336946835373,0.663053164627,5426.46500399
2014-01-15,0.361347060657,0.638652939343,5469.89571778
2014-01-16,0.326028929764,0.673971070236,5411.35248438
2014-01-17,0.317746888154,0.682253111846,5373.9807359
2014-01-20,0.372350203135,0.627649796865,5491.55104614
2014-01-21,0.376121715972,0.623878284028,5504.91657254
2014-01-22,0.37339586355,0.62660413645,5480.68651654
2014-01-23,0.369614434123,0.630385565877,5466.05111246
2014-01-24,0.341269035544,0.658730964456,5406.73616966
2014-01-27,0.367950964108,0.632049035892,5460.85338705
2014-01-28,0.35202388493,0.64797611507,5437.581791
2014-01-29,0.42047683583,0.57952316417,5422.43186969
2014-01-30,0.442739303113,0.557260696887,5460.95482458
2014-01-31,0.439048084888,0.560951915112,5454.3981868
2014-02-03,0.423731600761,0.576268399239,5436.03958205
2014-02-04,0.420286655634,0.579713344366,5423.4822742
2014-02-05,0.389604573325,0.610395426675,5368.80080351
2014-02-06,0.270277777778,0.729722222222,5192.79902848
2014-02-07,0.103333333333,0.896666666667,4965.83240228
2014-02-10,0.0233449521692,0.976655047831,4881.82248736
2014-02-11,0.0333252621679,0.966674737832,4881.0057701
2014-02-12,0.0151195220157,0.984880477984,4867.4160908
2014-02-13,0.01824197373,0.98175802627,4856.32210362
2014-02-14,0.0222037061572,0.977796293843,4851.61188545
2014-02-17,0.0198118161298,0.98018818387,4812.41587432
2014-02-18,0.0491065115591,0.950893488441,4819.73683185
2014-02-19,0.00906547377269,0.990934526227,4793.29706882
2014-02-20,0.0126075605577,0.987392439442,4768.35571739
2014-02-21,0.0192221805971,0.980777819403,4768.09888137
2014-02-24,0.215316352174,0.784683647826,4817.62666434
2014-02-25,0.0858355069889,0.914164493011,4588.90307016
2014-02-26,0.234466490604,0.765533509396,5915.16342642
2014-02-27,0.238320611702,0.761679388298,5922.96287558
2014-02-28,0.219184228942,0.780815771058,5869.45478395
2014-03-03,0.257553179411,0.742446820589,6067.09395239
2014-03-04,0.257615579136,0.742384420864,6066.31327105
2014-03-05,0.256772070549,0.743227929451,6057.92872106
2014-03-06,0.250726339146,0.749273660854,6034.16726021
2014-03-07,0.241836079735,0.758163920265,5960.57738234
2014-03-10,0.240823828045,0.759176171955,5951.78783686
2014-03-11,0.239656426282,0.760343573718,5941.77848821
2014-03-12,0.242834911959,0.757165088041,5966.9036303
2014-03-13,0.244520075159,0.755479924841,5980.0262426
2014-03-14,0.241423751286,0.758576248714,5954.26719793
2014-03-17,0.239275641534,0.760724358466,5936.35610634
2014-03-18,0.237170134547,0.762829865453,5918.9030642
2014-03-19,0.236075337698,0.763924662302,5909.59688879
2014-03-20,0.218826141251,0.781173858749,5841.56675327
2014-03-21,0.2141460718,0.7858539282,5804.54640808
2014-03-24,0.224928322843,0.775071677157,5845.10450766
2014-03-25,0.21825665894,0.78174334106,5834.22548991
2014-03-26,0.218189160717,0.781810839283,5833.22935499
2014-03-27,0.223457241825,0.776542758175,5601.98008036
2014-03-28,0.230243109351,0.769756890649,5662.20877758
2014-03-31,0.222450247396,0.777549752604,5610.4437039
2014-04-01,0.199038544465,0.800961455535,5505.1075228
2014-04-02,0.204978920296,0.795021079704,5535.9204648
2014-04-03,0.208378223621,0.791621776379,5556.85225015
2014-04-04,0.212181029009,0.787818970991,5588.81777887
2014-04-07,0.218443751065,0.781556248935,5614.57582608
2014-04-08,0.21167106724,0.78832893276,5590.30075552
2014-04-09,0.201042510203,0.798957489797,5401.98545265
2014-04-10,0.224248958137,0.775751041863,5544.57517509
2014-04-11,0.203961732134,0.796038267866,5551.51108566
2014-04-14,0.218087498317,0.781912501683,5781.00995049
2014-04-15,0.221157525316,0.778842474684,5806.20098631
2014-04-16,0.208135369148,0.791864630852,5722.60092045
2014-04-17,0.197493054495,0.802506945505,5683.4399953
2014-04-18,0.208129803391,0.791870196609,5730.78705076
2014-04-21,0.197075477377,0.802924522623,5688.04113663
2014-04-22,0.196279594879,0.803720405121,5686.63282178
2014-04-23,0.204355685371,0.795644314629,5716.34244165
2014-04-24,0.186770363523,0.813229636477,5632.6840657
2014-04-25,0.20509128297,0.79490871703,5617.45966585
2014-04-28,0.199188730531,0.800811269469,5587.87526544
2014-04-29,0.198249199089,0.801750800911,5586.64422914
2014-04-30,0.203816492091,0.796183507909,5622.67705458
2014-05-01,0.199975256758,0.800024743242,5606.57037275
2014-05-02,0.193203486135,0.806796513865,5569.43457255
2014-05-05,0.189892114231,0.810107885769,5553.57659131
2014-05-06,0.194666650354,0.805333349646,5588.61279548
2014-05-07,0.191492307765,0.808507692235,5575.34539409
2014-05-08,0.192756715775,0.807243284225,5585.84687654
2014-05-09,0.756944444444,0.243055555556,5595.15947373
2014-05-12,0.709166666667,0.290833333333,5426.20017941
2014-05-13,0.7125,0.2875,5503.43382278
2014-05-14,0.742777777778,0.257222222222,5551.58614448
2014-05-15,0.748888888889,0.251111111111,5602.43348811
2014-05-16,0.744444444444,0.255555555556,5594.61851686
2014-05-19,0.856944444444,0.143055555556,5885.82257317
2014-05-20,0.862222222222,0.137777777778,5930.21879789
2014-05-21,0.910277777778,0.0897222222222,6207.11552341
2014-05-22,0.9175,0.0825,6236.96229129
2014-05-23,0.916111111111,0.0838888888889,6263.11775658
2014-05-26,0.939722222222,0.0602777777778,6810.15259558
2014-05-27,0.938333333333,0.0616666666667,6818.4401135
2014-05-28,0.911944444444,0.0880555555556,6746.13342797
2014-05-29,0.935555555556,0.0644444444444,7268.33047581
2014-05-30,0.934166666667,0.0658333333333,7441.0767211
2014-06-02,0.932777777778,0.0672222222222,7900.64170496
2014-06-03,0.827275490434,0.172724509566,7563.2569277
2014-06-04,0.902222222222,0.0977777777778,7770.28965622
2014-06-05,0.845277777778,0.154722222222,7665.67629301
2014-06-06,0.848888888889,0.151111111111,7678.1774956
2014-06-09,0.846944444444,0.153055555556,7717.64327035
2014-06-10,0.815,0.185,7590.87202549
2014-06-11,0.700555555556,0.299444444444,7148.42081991
2014-06-12,0.746666666667,0.253333333333,7258.69702599
2014-06-13,0.676944444444,0.323055555556,7018.67535192
2014-06-16,0.690555555556,0.309444444444,7195.07193096
2014-06-17,0.686388888889,0.313611111111,7204.20294169
2014-06-18,0.680833333333,0.319166666667,7154.88511625
2014-06-19,0.659722222222,0.340277777778,7078.17498908
2014-06-20,0.671666666667,0.328333333333,7127.75912072
2014-06-23,0.650555555556,0.349444444444,7061.18790071
2014-06-24,0.628611111111,0.371388888889,6902.45079574
2014-06-25,0.641666666667,0.358333333333,7011.11981001
2014-06-26,0.655833333333,0.344166666667,7161.81029255
2014-06-27,0.651388888889,0.348611111111,7125.34938276
2014-06-30,0.772777777778,0.227222222222,7478.27268486
2014-07-01,0.770555555556,0.229444444444,7500.96084497
2014-07-02,0.747777777778,0.252222222222,7431.81753821
2014-07-03,0.705555555556,0.294444444444,7308.70071131
2014-07-04,0.702222222222,0.297777777778,7300.39239619
2014-07-07,0.679166666667,0.320833333333,7237.22189319
2014-07-08,0.695555555556,0.304444444444,7298.37278572
2014-07-09,0.691111111111,0.308888888889,7260.76711803
2014-07-10,0.715277777778,0.284722222222,7378.23089455
2014-07-11,0.730555555556,0.269444444444,7403.03537187
2014-07-14,0.682777777778,0.317222222222,7263.77222316
2014-07-15,0.66,0.34,7225.04467417
2014-07-16,0.693055555556,0.306944444444,7315.99697553
2014-07-17,0.698611111111,0.301388888889,7323.12176288
2014-07-18,0.69,0.31,7319.49185142
2014-07-21,0.672222222222,0.327777777778,7282.92916984
2014-07-22,0.669722222222,0.330277777778,7276.29088722
2014-07-23,0.612777777778,0.387222222222,7120.20868075
2014-07-24,0.608611111111,0.391388888889,7110.22561245
2014-07-25,0.569166666667,0.430833333333,7077.26200119
2014-07-28,0.547777777778,0.452222222222,7007.87879774
2014-07-29,0.5075,0.4925,6868.96956552
2014-07-30,0.548611111111,0.451388888889,7022.15816339
2014-07-31,0.591111111111,0.408888888889,7082.12835551
2014-08-01,0.543333333333,0.456666666667,7032.13241214
2014-08-04,0.530555555556,0.469444444444,7012.85745721
2014-08-05,0.535,0.465,7019.18393758
2014-08-06,0.533333333333,0.466666666667,7038.43546905
2014-08-07,0.540833333333,0.459166666667,7057.66153924
2014-08-08,0.525,0.475,7016.92576286
2014-08-11,0.485277777778,0.514722222222,6879.89813373
2014-08-12,0.416111111111,0.583888888889,6728.77487654
2014-08-13,0.404444444444,0.595555555556,6536.04778995
2014-08-14,0.378611111111,0.621388888889,6492.03650391
2014-08-15,0.432777777778,0.567222222222,6618.03672203
2014-08-18,0.369722222222,0.630277777778,6415.03263047
2014-08-19,0.425555555556,0.574444444444,6569.29457052
2014-08-20,0.423888888889,0.576111111111,6575.54051997
2014-08-21,0.418611111111,0.581388888889,6565.58042242
2014-08-22,0.363333333333,0.636666666667,6466.8770702
2014-08-25,0.410277777778,0.589722222222,6536.60943166
2014-08-26,0.409166666667,0.590833333333,6550.54839184
2014-08-27,0.403055555556,0.596944444444,6527.19076578
2014-08-28,0.400277777778,0.599722222222,6536.46650149
2014-08-29,0.371111111111,0.628888888889,6502.43557864
2014-09-01,0.330277777778,0.669722222222,6373.20074964
2014-09-02,0.326388888889,0.673611111111,6377.97920661
2014-09-03,0.334444444444,0.665555555556,6425.42472624
2014-09-04,0.320555555556,0.679444444444,6393.16378503
2014-09-05,0.316666666667,0.683333333333,6396.58394695
2014-09-08,0.310555555556,0.689444444444,6356.54828225
2014-09-09,0.309166666667,0.690833333333,6376.45588412
2014-09-10,0.305833333333,0.694166666667,6371.44751265
2014-09-11,0.301388888889,0.698611111111,6368.30024052
2014-09-12,0.298333333333,0.701666666667,6370.0266122
2014-09-15,0.292777777778,0.707222222222,6324.63342146
2014-09-16,0.286666666667,0.713333333333,6302.13336557
2014-09-17,0.246388888889,0.753611111111,6157.53163862
2014-09-18,0.225277777778,0.774722222222,6062.33178952
2014-09-19,0.253473626687,0.746526373313,6109.66212091
2014-09-22,0.319527453536,0.680472546464,6204.31498502
2014-09-23,0.280215824163,0.719784175837,6144.50705226
2014-09-24,0.246666666667,0.753333333333,6097.51897919
2014-09-25,0.219166666667,0.780833333333,6068.66255574
2014-09-26,0.208055555556,0.791944444444,6050.66651351
2014-09-29,0.201388888889,0.798611111111,6016.40959488
2014-09-30,0.197777777778,0.802222222222,5999.75561773
2014-10-01,0.182777777778,0.817222222222,5975.74786292
2014-10-02,0.175277777778,0.824722222222,5941.67830255
2014-10-03,0.155277777778,0.844722222222,5860.97057812
2014-10-06,0.151666666667,0.848333333333,5850.98447142
2014-10-07,0.210328100638,0.789671899362,5901.81166667
2014-10-08,0.227583623749,0.772416376251,5937.18355185
2014-10-09,0.227655405994,0.772344594006,5940.17483945
2014-10-10,0.224874539704,0.775125460296,5938.31272335
2014-10-13,0.310742334198,0.689257665802,6070.13695575
2014-10-14,0.301992311654,0.698007688346,6051.38884187
2014-10-15,0.261666666667,0.738333333333,5988.70469477
2014-10-16,0.261388888889,0.738611111111,5991.62680637
2014-10-17,0.299444444444,0.700555555556,6034.04237311
2014-10-20,0.263888888889,0.736111111111,5994.23858988
2014-10-21,0.257777777778,0.742222222222,5980.03733559
2014-10-22,0.200605661877,0.799394338123,5885.31936536
2014-10-23,0.199171650778,0.800828349222,5883.04959106
2014-10-24,0.182547266786,0.817452733214,5855.24667056
2014-10-27,0.186677696107,0.813322303893,5865.60418775
2014-10-28,0.188118302582,0.811881697418,5868.6260982
2014-10-29,0.120728465599,0.879271534401,5817.78989607
2014-10-30,0.166798905174,0.833201094826,5837.70350834
2014-10-31,0.128165900404,0.871834099596,5817.54900543
2014-11-03,0.0983029954808,0.901697004519,5787.17557638
2014-11-04,0.105495005314,0.894504994686,5793.63103497
2014-11-05,0.154213207981,0.845786792019,5811.82953452
2014-11-06,0.182266246994,0.817733753006,5837.16087305
2014-11-07,0.164266388293,0.835733611707,5819.23101117
2014-11-10,0.228151429255,0.771848570745,5889.28972449
2014-11-11,0.223611111111,0.776388888889,5882.91486069
2014-11-12,0.390235605435,0.609764394565,6121.10318783
2014-11-13,0.385491150394,0.614508849606,6102.76667597
2014-11-14,0.294444444444,0.705555555556,5925.23921831
2014-11-17,0.246944444444,0.753055555556,5872.65683148
2014-11-18,0.240245898145,0.759754101855,5851.76245418
2014-11-19,0.241618539458,0.758381460542,5860.17590021
2014-11-20,0.18488377368,0.81511622632,5770.07460921
2014-11-21,0.167958581338,0.832041418662,5753.39532574
2014-11-24,0.227500309945,0.772499690055,5827.22274609
2014-11-25,0.226257644786,0.773742355214,5818.75310934
2014-11-26,0.196783723125,0.803216276875,5779.71900201
2014-11-27,0.200258738184,0.799741261816,5790.52957519
2014-11-28,0.225300247478,0.774699752522,5817.8249433
2014-12-01,0.225143174712,0.774856825288,5821.35839975
2014-12-02,0.225978207958,0.774021792042,5828.38462577
2014-12-03,0.223746019207,0.776253980793,5815.64476772
2014-12-04,0.201502508721,0.798497491279,5790.84687058
2014-12-05,0.228638206869,0.771361793131,5815.14968295
2014-12-08,0.190555555556,0.809444444444,5770.13226647
2014-12-09,0.162252107252,0.837747892748,5731.42460517
2014-12-10,0.150454588085,0.849545411915,5720.0863513
2014-12-11,0.150561539912,0.849438460088,5719.44091487
2014-12-12,0.165848113453,0.834151886547,5733.4572626
2014-12-15,0.14702352823,0.85297647177,5711.67150012
2014-12-16,0.0834692226336,0.916530777366,5674.17228404
2014-12-17,0.0450916730221,0.954908326978,5659.13425903
2014-12-18,0.0348636084065,0.965136391593,5651.31455432
2014-12-19,0.08842582113,0.91157417887,5655.44169704
2014-12-22,0.137685850756,0.862314149244,5675.47423826
2014-12-23,0.157022914151,0.842977085849,5685.68895075
2014-12-24,0.0880662145942,0.911933785406,5650.74280815
2014-12-25,0.0824100432194,0.917589956781,5645.4249926
2014-12-26,0.147055643582,0.852944356418,5660.75311925
2014-12-29,0.0609245101091,0.939075489891,5619.83641565
2014-12-30,0.0480780629399,0.95192193706,5616.59140237
2014-12-31,0.0877029254529,0.912297074547,5622.20444624
2015-01-01,0.0677493290943,0.932250670906,5616.79907904
2015-01-02,0.073093783472,0.926906216528,5617.12644312
2015-01-05,0.0365595882477,0.963440411752,5564.23044169
2015-01-06,0.0823643697703,0.91763563023,5569.23068569
2015-01-07,0.142790139013,0.857209860987,5583.32393671
2015-01-08,0.0789153432643,0.921084656736,5558.98096103
2015-01-09,0.116352904427,0.883647095573,5566.77350304
2015-01-12,0.0370516366036,0.962948363396,5524.03960954
2015-01-13,0.0462814453251,0.953718554675,5487.35933347
2015-01-14,0.0302355248709,0.969764475129,5422.61521643
2015-01-15,0.238270949448,0.761729050552,5465.04249634
2015-01-16,0.238377136864,0.761622863136,5447.26140665
2015-01-19,0.276367498912,0.723632501088,5503.09687302
2015-01-20,0.253412307199,0.746587692801,5465.41769808
2015-01-21,0.341493979789,0.658506020211,5580.52920912
2015-01-22,0.371944444444,0.628055555556,5618.0742155
2015-01-23,0.363531376454,0.636468623546,5613.22635583
2015-01-26,0.577222222222,0.422777777778,5936.50626307
2015-01-27,0.543696591313,0.456303408687,5860.9378101
2015-01-28,0.350369892116,0.649630107884,5530.97540601
2015-01-29,0.348304368142,0.651695631858,5513.08705802
2015-01-30,0.341304711032,0.658695288968,5495.38896188
2015-02-02,0.384155791089,0.615844208911,5551.78438988
2015-02-03,0.315323423815,0.684676576185,5448.91284404
2015-02-04,0.314686686828,0.685313313172,5442.64020236
2015-02-05,0.256138754983,0.743861245017,5366.0647084
2015-02-06,0.293725431154,0.706274568846,5406.60246929
2015-02-09,0.286944444444,0.713055555556,5387.89428613
2015-02-10,0.282827584592,0.717172415408,5383.15556017
2015-02-11,0.282834753328,0.717165246672,5377.32521763
2015-02-12,0.300870577607,0.699129422393,5397.73293194
2015-02-13,0.397816616483,0.602183383517,5502.12587696
2015-02-16,0.407471906051,0.592528093949,5498.86472802
2015-02-17,0.463747841722,0.536252158278,5568.35045679
2015-02-18,0.415646233279,0.584353766721,5482.96285253
2015-02-19,0.482319516872,0.517680483128,5547.42044452
2015-02-20,0.551972041614,0.448027958386,5575.43328171
2015-02-23,0.550555555556,0.449444444444,5503.64485452
2015-02-24,0.533097426447,0.466902573553,5504.33992302
2015-02-25,0.52473183797,0.47526816203,5485.10392648
2015-02-26,0.521907434398,0.478092565602,5475.38018111
2015-02-27,0.681775591532,0.318224408468,5678.47909796
2015-03-02,0.81581373718,0.18418626282,5986.89629274
2015-03-03,0.842386369382,0.157613630618,6109.73085359
2015-03-04,0.737777777778,0.262222222222,5948.40797897
2015-03-05,0.755167908516,0.244832091484,6001.64996498
2015-03-06,0.740574228087,0.259425771913,5957.52898039
2015-03-09,0.873346245159,0.126653754841,6238.71595221
2015-03-10,0.8775,0.1225,6264.03286929
2015-03-11,0.871476277047,0.128523722953,6343.73716762
2015-03-12,0.859820536199,0.140179463801,6310.86861985
2015-03-13,0.783611111111,0.216388888889,6187.32771133
2015-03-16,0.830788533377,0.169211466623,6240.78724803
2015-03-17,0.774444444444,0.225555555556,6150.31278096
2015-03-18,0.464444444444,0.535555555556,5655.04455636
2015-03-19,0.473720994141,0.526279005859,5706.41075722
2015-03-20,0.474549525645,0.525450474355,5715.21665675
2015-03-23,0.515833333333,0.484166666667,5752.91086588
2015-03-24,0.365,0.635,5541.89398431
2015-03-25,0.363133769185,0.636866230815,5539.0073401
2015-03-26,0.363511721564,0.636488278436,5552.46532475
2015-03-27,0.362233564436,0.637766435564,5545.86777828
2015-03-30,0.353471603098,0.646528396902,5520.93591017
2015-03-31,0.358821966469,0.641178033531,5537.60385314
2015-04-01,0.404444444444,0.595555555556,5588.48529909
2015-04-02,0.406249594374,0.593750405626,5605.30700436
2015-04-03,0.401400696385,0.598599303615,5591.04187379
2015-04-06,0.401413500538,0.598586499462,5591.7511372
2015-04-07,0.340069450562,0.659930549438,5516.62233122
2015-04-08,0.301111111111,0.698888888889,5506.61673762
2015-04-09,0.251388888889,0.748611111111,5447.61523034
2015-04-10,0.250555555556,0.749444444444,5457.80080418
2015-04-13,0.165,0.835,5350.109134
2015-04-14,0.214166666667,0.785833333333,5369.78348535
2015-04-15,0.214166666667,0.785833333333,5395.58348379
2015-04-16,0.212612971256,0.787387028744,5368.23699131
2015-04-17,0.212719735932,0.787280264068,5372.12904722
2015-04-20,0.265833333333,0.734166666667,5424.74982619
2015-04-21,0.266388888889,0.733611111111,5425.05276274
2015-04-22,0.269166666667,0.730833333333,5435.05172356
2015-04-23,0.266944444444,0.733055555556,5408.25129207
2015-04-24,0.22551622249,0.77448377751,5376.92436459
2015-04-27,0.216944444444,0.783055555556,5375.06543078
2015-04-28,0.217777777778,0.782222222222,5373.03934366
2015-04-29,0.275975121536,0.724024878464,5426.22282704
2015-04-30,0.275555555556,0.724444444444,5409.94384223
2015-05-01,0.278611111111,0.721388888889,5423.54591258
2015-05-04,0.281388888889,0.718611111111,5426.60225834
2015-05-05,0.257608490742,0.742391509258,5388.90686854
2015-05-06,0.331666666667,0.668333333333,5434.64647592
2015-05-07,0.343888888889,0.656111111111,5480.14248314
2015-05-08,0.341944444444,0.658055555556,5462.04737065
2015-05-11,0.344444444444,0.655555555556,5463.41461856
2015-05-12,0.321817150706,0.678182849294,5422.71431045
2015-05-13,0.324369125948,0.675630874052,5426.53075884
2015-05-14,0.327968623892,0.672031376108,5428.723767
2015-05-15,0.319086303165,0.680913696835,5421.35618531
2015-05-18,0.291388888889,0.708611111111,5390.26888894
2015-05-19,0.298888888889,0.701111111111,5403.33949439
2015-05-20,0.303708825525,0.696291174475,5413.1032042
2015-05-21,0.359722222222,0.640277777778,5447.39750735
2015-05-22,0.357222222222,0.642777777778,5435.72760799
2015-05-25,0.356388888889,0.643611111111,5426.78588071
2015-05-26,0.358055555556,0.641944444444,5422.28956399
2015-05-27,0.359722222222,0.640277777778,5422.51737625
2015-05-28,0.359722222222,0.640277777778,5420.13066504
2015-05-29,0.305555555556,0.694444444444,5388.24388879
2015-06-01,0.2355043253,0.7644956747,5334.75829697
2015-06-02,0.234722222222,0.765277777778,5333.91635217
2015-06-03,0.219703385747,0.780296614253,5326.16453258
2015-06-04,0.233611111111,0.766388888889,5331.60924395
2015-06-05,0.2325,0.7675,5328.56143239
2015-06-08,0.295555555556,0.704444444444,5354.50047767
2015-06-09,0.29028377858,0.70971622142,5349.14320889
2015-06-10,0.294507439411,0.705492560589,5356.50628629
2015-06-11,0.29959983921,0.70040016079,5360.43755498
2015-06-12,0.315,0.685,5374.36863688
2015-06-15,0.453055555556,0.546944444444,5499.32419995
2015-06-16,0.446388888889,0.553611111111,5474.94303917
2015-06-17,0.455,0.545,5485.33240301
2015-06-18,0.400555555556,0.599444444444,5441.48448691
2015-06-19,0.416944444444,0.583055555556,5448.90401636
2015-06-22,0.404444444444,0.595555555556,5437.46699538
2015-06-23,0.392777777778,0.607222222222,5408.50496675
2015-06-24,0.4,0.6,5426.10985085
2015-06-25,0.408611111111,0.591388888889,5429.51032469
2015-06-26,0.48119419746,0.51880580254,5499.85008198
2015-06-29,0.576634401685,0.423365598315,5640.27686401
2015-06-30,0.518888888889,0.481111111111,5559.65311173
2015-07-01,0.494166666667,0.505833333333,5528.72535321
2015-07-02,0.496388888889,0.503611111111,5534.28028455
2015-07-03,0.558333333333,0.441666666667,5589.04469622
2015-07-06,0.608055555556,0.391944444444,5656.3366714
2015-07-07,0.611944444444,0.388055555556,5687.71245853
2015-07-08,0.616111111111,0.383888888889,5694.14820208
2015-07-09,0.695315863826,0.304684136174,5882.13234759
2015-07-10,0.761404753738,0.238595246262,6001.83795991
2015-07-13,0.716990256626,0.283009743374,5922.92754481
2015-07-14,0.668413692935,0.331586307065,5869.9943846
2015-07-15,0.602247106646,0.397752893354,5774.7285426
2015-07-16,0.620857491988,0.379142508012,5812.64260115
2015-07-17,0.58073455285,0.41926544715,5740.34390671
2015-07-20,0.598055555556,0.401944444444,5752.80656509
2015-07-21,0.598611111111,0.401388888889,5769.9334892
2015-07-22,0.59696835156,0.40303164844,5758.18008639
2015-07-23,0.713742538236,0.286257461764,5917.28065477
2015-07-24,0.719522246916,0.280477753084,5922.63423402
2015-07-27,0.76497718495,0.23502281505,5995.34053827
2015-07-28,0.713462983407,0.286537016593,5911.53116545
2015-07-29,0.693125135952,0.306874864048,5891.55706673
2015-07-30,0.663611111111,0.336388888889,5844.42998851
2015-07-31,0.614350441882,0.385649558118,5799.32190669
2015-08-03,0.664181536641,0.335818463359,5847.43354763
2015-08-04,0.644789695346,0.355210304654,5811.98596282
2015-08-05,0.592176329976,0.407823670024,5761.92547601
2015-08-06,0.59219202962,0.40780797038,5760.57427591
2015-08-07,0.394444444444,0.605555555556,5521.69407545
2015-08-10,0.481497981407,0.518502018593,5608.68174979
2015-08-11,0.470335816801,0.529664183199,5594.81859282
2015-08-12,0.426077352514,0.573922647486,5552.8795639
2015-08-13,0.441111111111,0.558888888889,5567.00872403
2015-08-14,0.400614735839,0.599385264161,5524.81682439
2015-08-17,0.295113904915,0.704886095085,5406.55287648
2015-08-18,0.143055555556,0.856944444444,5271.10521596
2015-08-19,0.211010130307,0.788989869693,5299.33263538
2015-08-20,0.201545613053,0.798454386947,5288.47984702
2015-08-21,0.171379117468,0.828620882532,5275.06478327
2015-08-24,0.111666666667,0.888333333333,5238.92978864
2015-08-25,0.147653835774,0.852346164226,5250.40610731
2015-08-26,0.128313327181,0.871686672819,5242.497177
2015-08-27,0.18079643614,0.81920356386,5268.9032819
2015-08-28,0.177743994695,0.822256005305,5255.97935736
2015-08-31,0.165555555556,0.834444444444,5250.46328876
2015-09-01,0.176655151793,0.823344848207,5255.90406444
2015-09-02,0.146111111111,0.853888888889,5245.73083877
2015-09-03,0.177955016852,0.822044983148,5259.14321717
2015-09-04,0.207711455014,0.792288544986,5272.75419792
2015-09-07,0.274524413879,0.725475586121,5316.97472699
2015-09-08,0.237797465062,0.762202534938,5281.65048808
2015-09-09,0.252823451854,0.747176548146,5285.04163418
2015-09-10,0.259427289218,0.740572710782,5295.20145306
2015-09-11,0.220762519074,0.779237480926,5270.20594731
2015-09-14,0.182180036086,0.817819963914,5239.8707287
2015-09-15,0.179458929839,0.820541070161,5235.9807648
2015-09-16,0.2051428714,0.7948571286,5252.67444188
2015-09-17,0.214101572205,0.785898427795,5250.21517898
2015-09-18,0.191699915401,0.808300084599,5244.66343468
2015-09-21,0.190759622711,0.809240377289,5239.87594103
2015-09-22,0.19213751977,0.80786248023,5239.33918911
2015-09-23,0.223116196353,0.776883803647,5255.98833163
2015-09-24,0.236079670337,0.763920329663,5262.2331348
2015-09-25,0.237411960442,0.762588039558,5258.35464824
2015-09-28,0.243313046505,0.756686953495,5271.15309839
2015-09-29,0.243645751185,0.756354248815,5266.91692408
2015-09-30,0.252625543578,0.747374456422,5272.92345519
2015-10-01,0.249732234388,0.750267765612,5270.98523133
2015-10-02,0.292818094463,0.707181905537,5280.94556247
2015-10-05,0.338920921288,0.661079078712,5329.52742108
2015-10-06,0.312917136476,0.687082863524,5306.09148643
2015-10-07,0.308274742465,0.691725257535,5303.3126801
2015-10-08,0.325106175329,0.674893824671,5312.98740896
2015-10-09,0.342995007049,0.657004992951,5322.08192694
2015-10-12,0.364080674618,0.635919325382,5347.41061665
2015-10-13,0.399116896222,0.600883103778,5374.85248006
2015-10-14,0.407907935523,0.592092064477,5392.71772124
2015-10-15,0.481111111111,0.518888888889,5464.89390041
2015-10-16,0.529442359317,0.470557640683,5531.54767855
2015-10-19,0.529893259848,0.470106740152,5533.39139776
2015-10-20,0.525952271529,0.474047728471,5504.67868269
2015-10-21,0.578333333333,0.421666666667,5583.40926105
2015-10-22,0.596214309384,0.403785690616,5612.65150537
2015-10-23,0.646666666667,0.353333333333,5680.29396973
2015-10-26,0.668055555556,0.331944444444,5713.74436773
2015-10-27,0.731807167632,0.268192832368,5840.40221064
2015-10-28,0.806944444444,0.193055555556,5968.39676338
2015-10-29,0.863466529243,0.136533470757,6127.87675619
2015-10-30,0.877968536371,0.122031463629,6355.34704571
2015-11-02,0.886618543638,0.113381456362,6903.89765045
2015-11-03,0.895641408943,0.104358591057,7537.84447085
2015-11-04,0.895890647611,0.104109352389,7612.75386357
2015-11-05,0.715,0.285,7300.60701876
2015-11-06,0.6375,0.3625,7123.76149316
2015-11-09,0.690419789247,0.309580210753,7250.93709567
2015-11-10,0.358055555556,0.641944444444,6673.36205591
2015-11-11,0.203888888889,0.796111111111,6444.64912895
2015-11-12,0.346919856069,0.653080143931,6568.6614813
2015-11-13,0.345047199912,0.654952800088,6568.09141166
2015-11-16,0.300947286352,0.699052713648,6543.3714658
2015-11-17,0.331517092181,0.668482907819,6565.06720892
2015-11-18,0.343420538476,0.656579461524,6578.02967445
2015-11-19,0.289431927448,0.710568072552,6503.84661505
2015-11-20,0.267850935261,0.732149064739,6481.23894507
2015-11-23,0.261482691149,0.738517308851,6486.55458452
2015-11-24,0.248599116045,0.751400883955,6466.56599053
2015-11-25,0.28947322876,0.71052677124,6512.4124216
2015-11-26,0.400154614568,0.599845385432,6662.09986634
2015-11-27,0.438760956406,0.561239043594,6705.19685468
2015-11-30,0.526716437181,0.473283562819,6855.1608834
2015-12-01,0.4375,0.5625,6699.61607119
2015-12-02,0.434465640779,0.565534359221,6684.8476975
2015-12-03,0.43329353051,0.56670646949,6687.49136817
2015-12-04,0.434561635098,0.565438364902,6698.42415159
2015-12-07,0.591944444444,0.408055555556,6959.06073928
2015-12-08,0.682952203048,0.317047796952,7129.17084567
2015-12-09,0.706192173221,0.293807826779,7192.07125669
2015-12-10,0.70823268214,0.29176731786,7185.81148195
2015-12-11,0.895555555556,0.104444444444,7603.97272572
2015-12-14,0.841666666667,0.158333333333,7484.6435803
2015-12-15,0.9,0.1,7778.17268328
2015-12-16,0.841944444444,0.158055555556,7646.11075625
2015-12-17,0.854952858494,0.145047141506,7667.8981462
2015-12-18,0.898566864369,0.101433135631,7777.35451378
2015-12-21,0.736111111111,0.263888888889,7388.80736977
2015-12-22,0.73390615573,0.26609384427,7381.8180334
2015-12-23,0.746510372912,0.253489627088,7448.60728247
2015-12-24,0.828663545711,0.171336454289,7580.04215969
2015-12-25,0.834949719656,0.165050280344,7594.78890645
2015-12-28,0.617222222222,0.382777777778,7140.67780815
2015-12-29,0.669498952528,0.330501047472,7246.18317601
2015-12-30,0.641958880144,0.358041119856,7192.24302943
2015-12-31,0.638452838539,0.361547161461,7222.43680269
2016-01-01,0.774172658909,0.225827341091,7482.00351943
2016-01-04,0.571944444444,0.428055555556,7057.91626049
2016-01-05,0.53031342017,0.46968657983,6978.24544894
2016-01-06,0.517180596452,0.482819403548,6978.06216081
2016-01-07,0.514096915398,0.485903084602,6978.01912457
2016-01-08,0.511417033719,0.488582966281,6977.98172404
2016-01-11,0.204166666667,0.795833333333,6267.86757747
2016-01-12,0.421388888889,0.578611111111,6598.49455766
2016-01-13,0.42259650049,0.57740349951,6596.82588931
2016-01-14,0.357879332417,0.642120667583,6452.61140239
2016-01-15,0.418014082746,0.581985917254,6577.33910826
2016-01-18,0.423059348913,0.576940651087,6609.97695493
2016-01-19,0.46220889037,0.53779110963,6683.42153038
2016-01-20,0.51645230575,0.48354769425,6793.53959399
2016-01-21,0.460522501493,0.539477498507,6668.91146975
2016-01-22,0.453116716945,0.546883283055,6662.95910139
2016-01-25,0.416125537423,0.583874462577,6586.94249215
2016-01-26,0.567222222222,0.432777777778,6882.49389269
2016-01-27,0.828888888889,0.171111111111,7471.89021326
2016-01-28,0.565277777778,0.434722222222,6787.13673009
2016-01-29,0.847777777778,0.152222222222,7528.69912685
2016-02-01,0.786388888889,0.213611111111,7322.1550396
2016-02-02,0.880833333333,0.119166666667,7571.93643021
2016-02-03,0.737777777778,0.262222222222,7220.58289226
2016-02-04,0.767459033487,0.232540966513,7228.20193706
2016-02-05,0.941111111111,0.0588888888889,8285.74611546
2016-02-08,0.935050005096,0.0649499949043,8504.74879834
2016-02-09,0.720277777778,0.279722222222,7756.09581945
2016-02-10,0.723107947511,0.276892052489,7776.55467996
2016-02-11,0.899444444444,0.100555555556,8385.31982239
2016-02-12,0.838333333333,0.161666666667,8153.22634387
2016-02-15,0.939722222222,0.0602777777778,8504.62951089
2016-02-16,0.887777777778,0.112222222222,8274.06456259
2016-02-17,0.711111111111,0.288888888889,7678.93197527
2016-02-18,0.898055555556,0.101944444444,8397.09669508
2016-02-19,0.926944444444,0.0730555555556,8431.46473214
2016-02-22,0.884166666667,0.115833333333,8274.9911883
2016-02-23,0.849592307473,0.150407692527,8133.58149516
2016-02-24,0.786812811908,0.213187188092,7878.27500691
2016-02-25,0.856388888889,0.143611111111,8180.52761082
2016-02-26,0.863438535496,0.136561464504,8172.75262296
2016-02-29,0.8275620953,0.1724379047,8064.95166657
2016-03-01,0.862006594012,0.137993405988,8211.11442549
2016-03-02,0.820940906576,0.179059093424,8053.15664033
2016-03-03,0.782535057621,0.217464942379,7895.77006101
2016-03-04,0.786850421301,0.213149578699,7923.86316599
2016-03-07,0.717176993802,0.282823006198,7713.92101461
2016-03-08,0.752336228193,0.247663771807,7805.73043295
2016-03-09,0.820555555556,0.179444444444,8030.64084563
2016-03-10,0.836170449438,0.163829550562,8112.58569508
2016-03-11,0.935842013194,0.0641579868057,8952.43565626
2016-03-14,0.745555555556,0.254444444444,8114.7938731
2016-03-15,0.656733313498,0.343266686502,7800.08296559
2016-03-16,0.695663948774,0.304336051226,8009.85653417
2016-03-17,0.683333333333,0.316666666667,7946.44726782
2016-03-18,0.725044567205,0.274955432795,8067.86949139
2016-03-21,0.645661398681,0.354338601319,7811.0536977
2016-03-22,0.641666666667,0.358333333333,7807.80964995
2016-03-23,0.725555555556,0.274444444444,8101.67054895
2016-03-24,0.742358817038,0.257641182962,8129.46856957
2016-03-25,0.702986237762,0.297013762238,7979.12537953
2016-03-28,0.553611111111,0.446388888889,7490.7169028
2016-03-29,0.4625227705,0.5374772295,7271.1473896
2016-03-30,0.524954944938,0.475045055062,7407.65251924
2016-03-31,0.556388888889,0.443611111111,7462.45346405
2016-04-01,0.579166666667,0.420833333333,7500.89995652
2016-04-04,0.504627292607,0.495372707393,7345.54068655
2016-04-05,0.512222222222,0.487777777778,7346.95373503
2016-04-06,0.392170857829,0.607829142171,7100.18559675
2016-04-07,0.314186865775,0.685813134225,6982.18310522
2016-04-08,0.222578107799,0.777421892201,6874.06715985
2016-04-11,0.166193631879,0.833806368121,6817.5591936
2016-04-12,0.129860831288,0.870139168712,6807.25237837
2016-04-13,0.234932491854,0.765067508146,6868.99878786
2016-04-14,0.280883726238,0.719116273762,6913.29732771
2016-04-15,0.285555555556,0.714444444444,6914.71853977
2016-04-18,0.518333333333,0.481666666667,7059.14007886
2016-04-19,0.445821965859,0.554178034141,7012.92974395
2016-04-20,0.530965919182,0.469034080818,7168.88381272
2016-04-21,0.543055555556,0.456944444444,7198.45970299
2016-04-22,0.543888888889,0.456111111111,7198.44770556
2016-04-25,0.419765028887,0.580234971113,6969.63926421
2016-04-26,0.340757665867,0.659242334133,6835.29131512
2016-04-27,0.367777777778,0.632222222222,6877.58897628
2016-04-28,0.393611111111,0.606388888889,6923.48604225
2016-04-29,0.398611111111,0.601388888889,6932.56737882
2016-05-02,0.290750272911,0.709249727089,6760.20194685
2016-05-03,0.248247391844,0.751752608156,6700.94339061
2016-05-04,0.221931897785,0.778068102215,6661.86466587
2016-05-05,0.261008025292,0.738991974708,6706.3771187
2016-05-06,0.278055555556,0.721944444444,6717.8314278
2016-05-09,0.263191984018,0.736808015982,6703.22501943
2016-05-10,0.218432826427,0.781567173573,6644.97726678
2016-05-11,0.218841937675,0.781158062325,6653.55090033
2016-05-12,0.210831444843,0.789168555157,6647.74778469
2016-05-13,0.202836422605,0.797163577395,6635.71465779
2016-05-16,0.187735220833,0.812264779167,6622.62926344
2016-05-17,0.15267731071,0.84732268929,6575.13311472
2016-05-18,0.264644811245,0.735355188755,6647.10608246
2016-05-19,0.242094616024,0.757905383976,6621.24651403
2016-05-20,0.204039123761,0.795960876239,6582.6661054
2016-05-23,0.162221798091,0.837778201909,6548.30954395
2016-05-24,0.120811103462,0.879188896538,6502.05659576
2016-05-25,0.155131513652,0.844868486348,6522.87778599
2016-05-26,0.116976530073,0.883023469927,6485.16271187
2016-05-27,0.057607258274,0.942392741726,6396.52918005
2016-05-30,0.236666666667,0.763333333333,6448.78175407
2016-05-31,0.288775773111,0.711224226889,6508.48210199
2016-06-01,0.292790905782,0.707209094218,6503.22868325
2016-06-02,0.306542771608,0.693457228392,6527.81734514
2016-06-03,0.311944444444,0.688055555556,6543.50608028
2016-06-06,0.300942140254,0.699057859746,6503.59717571
2016-06-07,0.273888888889,0.726111111111,6489.04330086
2016-06-08,0.263301930264,0.736698069736,6468.4929731
2016-06-09,0.268195849487,0.731804150513,6473.8425894
2016-06-10,0.26896534803,0.73103465197,6473.83262618
2016-06-13,0.582777777778,0.417222222222,6963.12623277
2016-06-14,0.417777777778,0.582222222222,6572.05332348
2016-06-15,0.419444444444,0.580555555556,6566.61700008
2016-06-16,0.427222222222,0.572777777778,6592.46991946
2016-06-17,0.418611111111,0.581388888889,6532.27614744
2016-06-20,0.258700437272,0.741299562728,6235.12003086
2016-06-21,0.426111111111,0.573888888889,6510.23031634
2016-06-22,0.328333333333,0.671666666667,6303.18504822
2016-06-23,0.409439261747,0.590560738253,6419.02641481
2016-06-24,0.367795307892,0.632204692108,6350.99013717
2016-06-27,0.493611111111,0.506388888889,6626.25246595
2016-06-28,0.440005408803,0.559994591197,6495.22432503
2016-06-29,0.378205940105,0.621794059895,6347.93405972
2016-06-30,0.422777777778,0.577222222222,6412.92585953
2016-07-01,0.380644072416,0.619355927584,6344.48377229
2016-07-04,0.346767041757,0.653232958243,6279.10228181
2016-07-05,0.376111111111,0.623888888889,6308.56261214
2016-07-06,0.382222222222,0.617777777778,6341.27844072
2016-07-07,0.401666666667,0.598333333333,6376.27669911
2016-07-08,0.379243777721,0.620756222279,6316.10215922
2016-07-11,0.376644413428,0.623355586572,6296.70834469
2016-07-12,0.377321608387,0.622678391613,6298.16199387
2016-07-13,0.376845543529,0.623154456471,6282.7934101
2016-07-14,0.383418883997,0.616581116003,6309.50740755
2016-07-15,0.409444444444,0.590555555556,6374.45170791
2016-07-18,0.379720949191,0.620279050809,6271.46227323
2016-07-19,0.34378583499,0.65621416501,6255.13802253
2016-07-20,0.382761182479,0.617238817521,6285.60320129
2016-07-21,0.330343023906,0.669656976094,6192.41226126
2016-07-22,0.340477200617,0.659522799383,6244.13508154
2016-07-25,0.217737334428,0.782262665572,6041.90410082
2016-07-26,0.266944444444,0.733055555556,6077.00617738
2016-07-27,0.271215449751,0.728784550249,6092.23943966
2016-07-28,0.317777777778,0.682222222222,6144.55190341
2016-07-29,0.320271604938,0.679728395062,6144.52125651
2016-08-01,0.208284980228,0.791715019772,5983.07888549
2016-08-02,0.169783740791,0.830216259209,5966.23265832
2016-08-03,0.285833333333,0.714166666667,6054.57553647
2016-08-04,0.231308626099,0.768691373901,5992.61102143
2016-08-05,0.329694441769,0.670305558231,6085.54986261
2016-08-08,0.305710755021,0.694289244979,6069.35577109
2016-08-09,0.308046327084,0.691953672916,6066.35454816
2016-08-10,0.289175430967,0.710824569033,6026.05197218
2016-08-11,0.288389652839,0.711610347161,6010.0568689
2016-08-12,0.308611111111,0.691388888889,6047.10961861
2016-08-15,0.298198543275,0.701801456725,6037.93698382
2016-08-16,0.294824648802,0.705175351198,6023.27859331
2016-08-17,0.240636413248,0.759363586752,5966.52030356
2016-08-18,0.294444444444,0.705555555556,6004.33981903
2016-08-19,0.32,0.68,6044.60815461
2016-08-22,0.197910501081,0.802089498919,5901.78181163
2016-08-23,0.305326536579,0.694673463421,5981.69292833
2016-08-24,0.316226737533,0.683773262467,5996.73148459
2016-08-25,0.250506800858,0.749493199142,5906.7563816
2016-08-26,0.251955665724,0.748044334276,5904.73262842
2016-08-29,0.272907096442,0.727092903558,5929.7385448
2016-08-30,0.276908924704,0.723091075296,5929.69108521
2016-08-31,0.264589921897,0.735410078103,5915.33508758
2016-09-01,0.283104707147,0.716895292853,5934.88024034
2016-09-02,0.285833931211,0.714166068789,5936.80338312
2016-09-05,0.273807704725,0.726192295275,5918.39474155
2016-09-06,0.2635673777,0.7364326223,5896.02919588
2016-09-07,0.270600569115,0.729399430885,5911.02499297
2016-09-08,0.295366075806,0.704633924194,5935.00267735
2016-09-09,0.27249258385,0.72750741615,5901.92717038
2016-09-12,0.274055225949,0.725944774051,5901.90872518
2016-09-13,0.309980786796,0.690019213204,5940.08349505
2016-09-14,0.764722222222,0.235277777778,6860.39241087
2016-09-15,0.351944444444,0.648055555556,5759.96197205
2016-09-16,0.334293289387,0.665706710613,5725.45386902
2016-09-19,0.291359600722,0.708640399278,5656.64002579
2016-09-20,0.286874128074,0.713125871926,5651.76648612
2016-09-21,0.306477487484,0.693522512516,5661.80457787
2016-09-22,0.382222222222,0.617777777778,5801.00755896
2016-09-23,0.397359783301,0.602640216699,5830.83192583
2016-09-26,0.536088822984,0.463911177016,6109.11286424
2016-09-27,0.578263467089,0.421736532911,6211.16961875
2016-09-28,0.645055434953,0.354944565047,6388.24710127
2016-09-29,0.564867367463,0.435132632537,6162.25638595
2016-09-30,0.455,0.545,5910.99317692
2016-10-03,0.421289801725,0.578710198275,5849.33805202
2016-10-04,0.359480937648,0.640519062352,5676.95312441
2016-10-05,0.386245343808,0.613754656192,5744.23491087
2016-10-06,0.364038299285,0.635961700715,5705.5496256
2016-10-07,0.367665230246,0.632334769754,5728.0949341
2016-10-10,0.435833333333,0.564166666667,5831.52812931
2016-10-11,0.454158469379,0.545841530621,5866.1561584
2016-10-12,0.453926528676,0.546073471324,5886.31199836
2016-10-13,0.471330924274,0.528669075726,5932.69323681
2016-10-14,0.454619247902,0.545380752098,5890.87088254
2016-10-17,0.514171926223,0.485828073777,6024.56913668
2016-10-18,0.559400247088,0.440599752912,6087.14440697
2016-10-19,0.649543043772,0.350456956228,6336.15226365
2016-10-20,0.643527803798,0.356472196202,6290.47873258
2016-10-21,0.604034972086,0.395965027914,6193.05438103
2016-10-24,0.610951031887,0.389048968113,6202.24384729
2016-10-25,0.586737042828,0.413262957172,6147.50117231
2016-10-26,0.507777777778,0.492222222222,5947.72928829
2016-10-27,0.41687894986,0.58312105014,5768.31758116
2016-10-28,0.406957501415,0.593042498585,5747.26369363
2016-10-31,0.440159865986,0.559840134014,5821.68581912
2016-11-01,0.456574422119,0.543425577881,5837.24872258
2016-11-02,0.480430456149,0.519569543851,5902.44064219
2016-11-03,0.477098724791,0.522901275209,5874.84871122
2016-11-04,0.481329026315,0.518670973685,5893.74550826
2016-11-07,0.497297436993,0.502702563007,5914.33603605
2016-11-08,0.498364442714,0.501635557286,5915.39271529
2016-11-09,0.476873062136,0.523126937864,5885.19968155
2016-11-10,0.475578492699,0.524421507301,5876.2723076
2016-11-11,0.444385691208,0.555614308792,5830.70749363
2016-11-14,0.454701750373,0.545298249627,5849.34411642
2016-11-15,0.392690514657,0.607309485343,5727.27458419
2016-11-16,0.381682558318,0.618317441682,5724.23498681
2016-11-17,0.40755573549,0.59244426451,5754.90508376
2016-11-18,0.406757984442,0.593242015558,5752.19594308
2016-11-21,0.342108366399,0.657891633601,5631.61032141
2016-11-22,0.332359251014,0.667640748986,5625.78026699
2016-11-23,0.278604988238,0.721395011762,5540.89885213
2016-11-24,0.261199246836,0.738800753164,5502.41513876
2016-11-25,0.259079631657,0.740920368343,5491.73824002
2016-11-28,0.243958993224,0.756041006776,5479.48832338
2016-11-29,0.239679590619,0.760320409381,5471.34726898
2016-11-30,0.261207379396,0.738792620604,5485.76972237
2016-12-01,0.221745396305,0.778254603695,5445.11880844
2016-12-02,0.216072196559,0.783927803441,5436.65981271
2016-12-05,0.189361060856,0.810638939144,5390.94320114
2016-12-06,0.25970372846,0.74029627154,5454.41355757
2016-12-07,0.30480340652,0.69519659348,5517.44118799
2016-12-08,0.305615019617,0.694384980383,5516.46990419
2016-12-09,0.299171822309,0.700828177691,5500.75674665
2016-12-12,0.262822462897,0.737177537103,5445.58670126
2016-12-13,0.263681708088,0.736318291912,5443.22410888
2016-12-14,0.278400730199,0.721599269801,5464.33775675
2016-12-15,0.250198715409,0.749801284591,5429.56634791
2016-12-16,0.267993915785,0.732006084215,5441.67792892
2016-12-19,0.215081314054,0.784918685946,5388.02347842
2016-12-20,0.230345466263,0.769654533737,5403.69458538
2016-12-21,0.23379941896,0.76620058104,5407.6614257
2016-12-22,0.206404221814,0.793595778186,5372.14460037
2016-12-23,0.15855528225,0.84144471775,5321.27816884
2016-12-26,0.193662312893,0.806337687107,5343.67835214
2016-12-27,0.163581513714,0.836418486286,5324.34609402
2016-12-28,0.192943978074,0.807056021926,5339.39138115
2016-12-29,0.242396156873,0.757603843127,5377.04339574
2016-12-30,0.23174654098,0.76825345902,5365.0687625
2017-01-02,0.208826512877,0.791173487123,5344.89046335
2017-01-03,0.236249068903,0.763750931097,5362.13116355
2017-01-04,0.235691213689,0.764308786311,5361.92788516
2017-01-05,0.203941854223,0.796058145777,5335.20931266
2017-01-06,0.187933153355,0.812066846645,5325.69142441
2017-01-09,0.172117942159,0.827882057841,5318.13542253
2017-01-10,0.323139314878,0.676860685122,5411.38953795
2017-01-11,0.25960328558,0.74039671442,5341.00625721
2017-01-12,0.219814069972,0.780185930028,5301.64751196
2017-01-13,0.288048590134,0.711951409866,5357.82359489
2017-01-16,0.32341364635,0.67658635365,5383.16821676
2017-01-17,0.336111111111,0.663888888889,5395.88800359
2017-01-18,0.334061313021,0.665938686979,5387.91036461
2017-01-19,0.341653175126,0.658346824874,5398.43023221
2017-01-20,0.283985169635,0.716014830365,5333.17837543
2017-01-23,0.307704151437,0.692295848563,5353.60770854
2017-01-24,0.267222222222,0.732777777778,5306.45452837
2017-01-25,0.263991366204,0.736008633796,5304.24189565
2017-01-26,0.213611111111,0.786388888889,5262.77409567
2017-01-27,0.236569401286,0.763430598714,5273.25579497
2017-01-30,0.258633881782,0.741366118218,5290.70312974
2017-01-31,0.250277777778,0.749722222222,5282.14138995
2017-02-01,0.272251247908,0.727748752092,5298.4331712
2017-02-02,0.245555555556,0.754444444444,5278.17558451
2017-02-03,0.242971825216,0.757028174784,5274.10415916
2017-02-06,0.244010485005,0.755989514995,5274.09320316
2017-02-07,0.256574442902,0.743425557098,5280.02122929
2017-02-08,0.232328549097,0.767671450903,5267.10341885
2017-02-09,0.216230164797,0.783769835203,5253.46500975
2017-02-10,0.21935598802,0.78064401198,5258.86721357
2017-02-13,0.201776704768,0.798223295232,5245.90528285
2017-02-14,0.191416892079,0.808583107921,5242.40937637
2017-02-15,0.155213443238,0.844786556762,5222.701361
2017-02-16,0.115102889445,0.884897110555,5199.72930147
2017-02-17,0.113082124148,0.886917875852,5193.66332805
2017-02-20,0.138786415486,0.861213584514,5202.41703486
2017-02-21,0.108773182279,0.891226817721,5188.8018028
2017-02-22,0.108293655459,0.891706344541,5186.87068598
2017-02-23,0.112193738123,0.887806261877,5188.76061027
2017-02-24,0.0928657394564,0.907134260544,5163.72636677
2017-02-27,0.0938857054314,0.906114294569,5160.28437707
2017-02-28,0.0948472383841,0.905152761616,5161.14739374
2017-03-01,0.0906128983824,0.909387101618,5145.31307509
2017-03-02,0.270152472168,0.729847527832,5201.52432638
2017-03-03,0.378799333031,0.621200666969,5300.24611663
2017-03-06,0.264444444444,0.735555555556,5160.00067782
2017-03-07,0.417645667888,0.582354332112,5314.52437608
2017-03-08,0.360833333333,0.639166666667,5238.15497867
2017-03-09,0.355390254508,0.644609745492,5232.28970281
2017-03-10,0.285555555556,0.714444444444,5142.71779187
2017-03-13,0.353055555556,0.646944444444,5206.37735138
2017-03-14,0.338347525916,0.661652474084,5191.9714397
2017-03-15,0.3125,0.6875,5153.26660589
2017-03-16,0.32662579662,0.67337420338,5166.02185459
2017-03-17,0.246666666667,0.753333333333,5076.93150365
2017-03-20,0.44243394522,0.55756605478,5270.31019057
2017-03-21,0.430717322987,0.569282677013,5243.18204665
2017-03-22,0.508055555556,0.491944444444,5365.02669425
2017-03-23,0.909444444444,0.0905555555556,6806.21182277
2017-03-24,0.849444444444,0.150555555556,6591.60313528
2017-03-27,0.566944444444,0.433055555556,6023.92672651
2017-03-28,0.699722222222,0.300277777778,6237.07602509
2017-03-29,0.95,0.05,7817.01072496
2017-03-30,0.95,0.05,11881.5323582
2017-03-31,0.95,0.05,12197.9722539
2017-04-03,0.775689657726,0.224310342274,20552.4387199
2017-04-04,0.685302258173,0.314697741827,19589.3525951
2017-04-05,0.573984146969,0.426015853031,18684.0727328
2017-04-06,0.70378312731,0.29621687269,19956.1806381
2017-04-07,0.657848560588,0.342151439412,19425.3893738
2017-04-10,0.566769351986,0.433230648014,18496.7114148
2017-04-11,0.611811318321,0.388188681679,18934.8586709
2017-04-12,0.606983957211,0.393016042789,18824.1137872
2017-04-13,0.571270805755,0.428729194245,18575.8827072
2017-04-14,0.600737974391,0.399262025609,18679.4743166
2017-04-17,0.560580068926,0.439419931074,18346.3459359
2017-04-18,0.475283813129,0.524716186871,17572.8140059
2017-04-19,0.467165717661,0.532834282339,17473.5641635
2017-04-20,0.566567034151,0.433432965849,18440.0737063
2017-04-21,0.511702563195,0.488297436805,17831.3606666
2017-04-24,0.519423186427,0.480576813573,18016.0609708
2017-04-25,0.551212938395,0.448787061605,18163.0888831
2017-04-26,0.6338828429,0.3661171571,18918.8791567
2017-04-27,0.742522177902,0.257477822098,22242.5645066
2017-04-28,0.737704107492,0.262295892508,25481.6208006
2017-05-01,0.734670096996,0.265329903004,25477.9759243
2017-05-02,0.754580821165,0.245419178835,28002.7064894
2017-05-03,0.721008540443,0.278991459557,34543.4968912
2017-05-04,0.742144304985,0.257855695015,38089.176685
2017-05-05,0.720392137787,0.279607862213,40780.2954444
2017-05-08,0.67369959554,0.32630040446,57293.0920588
2017-05-09,0.672754736381,0.327245263619,64840.4771547
2017-05-10,0.658855283169,0.341144716831,64069.389159
2017-05-11,0.685968505849,0.314031494151,69400.4049762
2017-05-12,0.688616064637,0.311383935363,70159.6116196
2017-05-15,0.636068867265,0.363931132735,96526.2934969
2017-05-16,0.636331675948,0.363668324052,105965.831102
2017-05-17,0.602867318113,0.397132681887,102814.391675
2017-05-18,0.558441462232,0.441558537768,96724.7476637
2017-05-19,0.611341154749,0.388658845251,100487.383325
2017-05-22,0.554474778881,0.445525221119,96560.5808084
2017-05-23,0.472622212886,0.527377787114,91094.7398027
2017-05-24,0.361650933593,0.638349066407,83660.0464783
2017-05-25,0.452180710345,0.547819289655,88188.755087
2017-05-26,0.24520806287,0.75479193713,78628.0992579
2017-05-29,0.234489232113,0.765510767887,78094.7210183
2017-05-30,0.370836428978,0.629163571022,81962.1721078
2017-05-31,0.530111587339,0.469888412661,92865.6660546
2017-06-01,0.471152377343,0.528847622657,86933.8481689
2017-06-02,0.46523560072,0.53476439928,86407.3753215
2017-06-05,0.479913728493,0.520086271507,85288.8815668
2017-06-06,0.464326216608,0.535673783392,84163.2379842
2017-06-07,0.496221978133,0.503778021867,85673.3921915
2017-06-08,0.510715317664,0.489284682336,84855.0863512
2017-06-09,0.511779069154,0.488220930846,81525.0262757
2017-06-12,0.552306712622,0.447693287378,81968.5232903
2017-06-13,0.342512882638,0.657487117362,81882.4571895
2017-06-14,0.334640075865,0.665359924135,80031.4969933
2017-06-15,0.352906980798,0.647093019202,80641.5357595
2017-06-16,0.396817148106,0.603182851894,81669.2002706
2017-06-19,0.590546764698,0.409453235302,87671.6435566
2017-06-20,0.399501486625,0.600498513375,81692.7012669
2017-06-21,0.433374932338,0.566625067662,82322.4523255
2017-06-22,0.484437847117,0.515562152883,84074.7870153
2017-06-23,0.425749151616,0.574250848384,82097.5911435
2017-06-26,0.347328665679,0.652671334321,80109.5221827
2017-06-27,0.3584585444,0.6415414556,80831.3838734
2017-06-28,0.311728189007,0.688271810993,79477.1757145
2017-06-29,0.305932928878,0.694067071122,78557.7809917
2017-06-30,0.267026984915,0.732973015085,77773.0886681
2017-07-03,0.30490003435,0.69509996565,78525.5366191
2017-07-04,0.312997716756,0.687002283244,78979.926008
2017-07-05,0.307665096582,0.692334903418,78841.9363836
2017-07-06,0.230572972288,0.769427027712,76867.6251588
2017-07-07,0.223916050748,0.776083949252,76843.5496738
2017-07-10,0.0857990958533,0.914200904147,72923.5804857
2017-07-11,0.164963424446,0.835036575554,73546.6022868
2017-07-12,0.130898434157,0.869101565843,73337.4536809
2017-07-13,0.121575819517,0.878424180483,72927.8763171
2017-07-14,0.0838306916998,0.9161693083,72331.6931904
2017-07-17,0.101219267944,0.898780732056,72569.3398537
2017-07-18,0.0553925916631,0.944607408337,71914.7744204
2017-07-19,0.16670188368,0.83329811632,72621.0618239
2017-07-20,0.131019204044,0.868980795956,72050.8319203
2017-07-21,0.181376010958,0.818623989042,72775.3423885
2017-07-24,0.0848460864499,0.91515391355,71208.2397829
2017-07-25,0.0818194150911,0.918180584909,71135.1917114
2017-07-26,0.0862662972542,0.913733702746,71141.327394
2017-07-27,0.0557750808793,0.944224919121,70810.2779983
2017-07-28,0.0807972903224,0.919202709678,70944.8500103
2017-07-31,0.120490248633,0.879509751367,71231.4473374
2017-08-01,0.0880523471562,0.911947652844,70903.6141889
2017-08-02,0.0923677560422,0.907632243958,71045.7343327
2017-08-03,0.093565576386,0.906434423614,71030.5200824
2017-08-04,0.139976584236,0.860023415764,71420.963169
2017-08-07,0.201349876885,0.798650123115,72057.0570141
2017-08-08,0.139722222222,0.860277777778,71120.2978891
2017-08-09,0.139389914408,0.860610085592,70947.3222344
2017-08-10,0.131219861693,0.868780138307,70776.9862538
2017-08-11,0.101842660438,0.898157339562,70449.5373779
2017-08-14,0.0431769912806,0.956823008719,69861.151135
2017-08-15,0.0484596239262,0.951540376074,69910.2394288
2017-08-16,0.0431716549058,0.956828345094,69856.7650073
2017-08-17,0.0430708890258,0.956929110974,69839.545598
2017-08-18,0.0401731076986,0.959826892301,69756.8601733
2017-08-21,0.388888888889,0.611111111111,71354.8720412
2017-08-22,0.394680013689,0.605319986311,71767.1732863
2017-08-23,0.257206862827,0.742793137173,68477.5529789
2017-08-24,0.259444444444,0.740555555556,68428.5422122
2017-08-25,0.248409507834,0.751590492166,67854.4052524
2017-08-28,0.2880965692,0.7119034308,68670.1127563
2017-08-29,0.356025272441,0.643974727559,69741.8942429
2017-08-30,0.464257082104,0.535742917896,72664.1822948
2017-08-31,0.428055555556,0.571944444444,71827.1853848
2017-09-01,0.312776461737,0.687223538263,68447.0711415
2017-09-04,0.266111111111,0.733888888889,67643.2476399
2017-09-05,0.342750584417,0.657249415583,68846.8461579
2017-09-06,0.321111111111,0.678888888889,68405.9489027
2017-09-07,0.258611111111,0.741388888889,66958.2167014
2017-09-08,0.273333333333,0.726666666667,67021.6241918
2017-09-11,0.239166666667,0.760833333333,66716.4633972
2017-09-12,0.203888888889,0.796111111111,65860.0344342
2017-09-13,0.1207276877,0.8792723123,64010.2159264
2017-09-14,0.16,0.84,64615.9837214
2017-09-15,0.145833333333,0.854166666667,64513.5132242
2017-09-18,0.164444444444,0.835555555556,64614.222035
2017-09-19,0.147702219285,0.852297780715,64434.1163761
2017-09-20,0.121503732467,0.878496267533,63871.2605489
2017-09-21,0.13,0.87,63952.0090506
2017-09-22,0.148055555556,0.851944444444,64253.3304651
2017-09-25,0.186111111111,0.813888888889,64785.817454
2017-09-26,0.258594760333,0.741405239667,66097.7021991
2017-09-27,0.242804232404,0.757195767596,65477.6599971
2017-09-28,0.207777777778,0.792222222222,65033.6540272
2017-09-29,0.223611111111,0.776388888889,65251.7696906
2017-10-02,0.249444444444,0.750555555556,65496.9536822
2017-10-03,0.290277777778,0.709722222222,66312.5252992
2017-10-04,0.417295316161,0.582704683839,68507.6215996
2017-10-05,0.38659817844,0.61340182156,67951.5253647
2017-10-06,0.427777777778,0.572222222222,68655.8755307
2017-10-09,0.528451816037,0.471548183963,70911.2921592
2017-10-10,0.536944444444,0.463055555556,71636.4274487
2017-10-11,0.459558393835,0.540441606165,69172.4957761
2017-10-12,0.5375,0.4625,70943.9683199
2017-10-13,0.497777777778,0.502222222222,70264.8304794
2017-10-16,0.374004905948,0.625995094052,66679.6955759
2017-10-17,0.30589437678,0.69410562322,65314.0404353
2017-10-18,0.283611111111,0.716388888889,65026.1104635
2017-10-19,0.273524816513,0.726475183487,64534.0630211
2017-10-20,0.275971449253,0.724028550747,64661.1050508
2017-10-23,0.245833333333,0.754166666667,64155.8741794
2017-10-24,0.244444444444,0.755555555556,64039.789538
2017-10-25,0.240833333333,0.759166666667,64008.4214345
2017-10-26,0.226208885845,0.773791114155,63869.3257331
2017-10-27,0.225545406094,0.774454593906,63732.0121293
2017-10-30,0.246388888889,0.753611111111,64034.4300567
2017-10-31,0.224399259237,0.775600740763,63650.2309553
2017-11-01,0.189722222222,0.810277777778,63125.931857
2017-11-02,0.229633581118,0.770366418882,63751.2455167
2017-11-03,0.267222222222,0.732777777778,64156.3694708
2017-11-06,0.2309045626,0.7690954374,63769.2608675
2017-11-07,0.268055555556,0.731944444444,64072.2129313
2017-11-08,0.326111111111,0.673888888889,65002.1776159
2017-11-09,0.306388888889,0.693611111111,64872.6173415
2017-11-10,0.251602687803,0.748397312197,63750.545577
2017-11-13,0.233580600597,0.766419399403,63496.1559776
2017-11-14,0.269540746226,0.730459253774,63855.3322866
2017-11-15,0.286487503908,0.713512496092,64130.6360301
2017-11-16,0.386388888889,0.613611111111,65760.6758165
2017-11-17,0.370740211277,0.629259788723,65423.0797578
2017-11-20,0.475277777778,0.524722222222,67220.7189502
2017-11-21,0.423777637724,0.576222362276,66046.5189929
2017-11-22,0.466944444444,0.533055555556,66850.7395299
2017-11-23,0.483261170172,0.516738829828,67045.0910618
2017-11-24,0.487325550872,0.512674449128,67179.6865134
2017-11-27,0.508297061428,0.491702938572,67992.7578469
2017-11-28,0.678513465112,0.321486534888,72521.2392281
2017-11-29,0.382608974069,0.617391025931,64702.410454
2017-11-30,0.394437388878,0.605562611122,64732.4815119
2017-12-01,0.461212298228,0.538787701772,65993.3183054
2017-12-04,0.458779522917,0.541220477083,65857.7587525
2017-12-05,0.381001633432,0.618998366568,64315.1875274
2017-12-06,0.291471967928,0.708528032072,62680.5109655
2017-12-07,0.224747560432,0.775252439568,61443.1128574
2017-12-08,0.353887611821,0.646112388179,63479.6427223
2017-12-11,0.422777777778,0.577222222222,64568.1255456
2017-12-12,0.799444444444,0.200555555556,76827.1885451
2017-12-13,0.949722222222,0.0502777777778,94587.7288287
2017-12-14,0.818866938043,0.181133061957,171437.244379
2017-12-15,0.607998846524,0.392001153476,152725.026824
2017-12-18,0.647158906409,0.352841093591,154993.129765
2017-12-19,0.604234755415,0.395765244585,152141.78748
2017-12-20,0.565300518576,0.434699481424,149628.432439
2017-12-21,0.724565265649,0.275434734351,197635.458357
2017-12-22,0.606862077995,0.393137922005,182255.262501
2017-12-25,0.574154684896,0.425845315104,180088.282197
2017-12-26,0.664024886706,0.335975113294,189501.764873
2017-12-27,0.737583911126,0.262416088874,205948.311567
2017-12-28,0.744186972365,0.255813027635,212224.865848
2017-12-29,0.674207108111,0.325792891889,296145.677126
2018-01-01,0.685862418812,0.314137581188,308559.12908
2018-01-02,0.698273687838,0.301726312162,323010.834051
2018-01-03,0.670617445763,0.329382554237,378579.396318
2018-01-04,0.670612766426,0.329387233574,378579.392775
2018-01-05,0.593932692996,0.406067307004,358076.373625
2018-01-08,0.551810715431,0.448189284569,349580.217436
2018-01-09,0.474155602135,0.525844397865,321538.394462
2018-01-10,0.430106763619,0.569893236381,313377.825011
2018-01-11,0.426806026655,0.573193973345,311994.919186
2018-01-12,0.462202444713,0.537797555287,318189.406721
2018-01-15,0.345458400009,0.654541599991,291935.710779
2018-01-16,0.164143664103,0.835856335897,260890.682667
2018-01-17,0.201973197124,0.798026802876,266838.74119
2018-01-18,0.27078003644,0.72921996356,277515.008245
2018-01-19,0.265102772207,0.734897227793,276078.060528
2018-01-22,0.216730350265,0.783269649735,266560.74742
2018-01-23,0.215286684319,0.784713315681,266559.977771
2018-01-24,0.220650574533,0.779349425467,267414.977722
2018-01-25,0.189067134119,0.810932865881,264799.009793
2018-01-26,0.167129461189,0.832870538811,261327.063711
2018-01-29,0.182838664986,0.817161335014,263488.155976
2018-01-30,0.142759427966,0.857240572034,257407.793412
2018-01-31,0.149949035535,0.850050964465,258398.961006
2018-02-01,0.091630984586,0.908369015414,251932.481748
2018-02-02,0.0746661152817,0.925333884718,250677.597417
2018-02-05,0.0423535276847,0.957646472315,246122.389038
2018-02-06,0.0585743491946,0.941425650805,247363.695987
2018-02-07,0.0399285963519,0.960071403648,246477.539192
2018-02-08,0.0585510908957,0.941448909104,247368.009261
2018-02-09,0.0897934642628,0.910206535737,249936.972935
2018-02-12,0.114424240792,0.885575759208,252854.475222
2018-02-13,0.0972384878226,0.902761512177,251362.849065
2018-02-14,0.146136588227,0.853863411773,254897.199963
2018-02-15,0.141114208508,0.858885791492,254236.479764
2018-02-16,0.142003957616,0.857996042384,254236.027351
2018-02-19,0.142893706724,0.857106293276,254235.574939
2018-02-20,0.117061703608,0.882938296392,251608.693039
2018-02-21,0.0921361864704,0.90786381353,249346.810928
2018-02-22,0.0861623077724,0.913837692228,247878.041534
2018-02-23,0.103817393434,0.896182606566,249065.998574
2018-02-26,0.130732808625,0.869267191375,248760.546793
2018-02-27,0.132546145249,0.867453854751,248689.554861
2018-02-28,0.115134259013,0.884865740987,247180.361489
2018-03-01,0.135114151778,0.864885848222,248143.007292
2018-03-02,0.135622422567,0.864377577433,247511.760697
2018-03-05,0.167950956174,0.832049043826,249157.76894
2018-03-06,0.1487531912,0.8512468088,247313.544651
2018-03-07,0.135560916905,0.864439083095,245359.298085
2018-03-08,0.107700104901,0.892299895099,243470.531437
2018-03-09,0.113537086935,0.886462913065,244064.626011
2018-03-12,0.0884754892111,0.911524510789,242661.955103
2018-03-13,0.0810587802527,0.918941219747,242535.065981
2018-03-14,0.0454965081826,0.954503491817,240244.389917
2018-03-15,0.044986811869,0.955013188131,240188.614276
2018-03-16,0.043770483989,0.956229516011,240090.288461
2018-03-19,0.0842779108331,0.915722089167,240729.379885
2018-03-20,0.0691666666667,0.930833333333,240140.132915
2018-03-21,0.0594444444444,0.940555555556,239637.81796
2018-03-22,0.0439698357223,0.956030164278,239079.354022
2018-03-23,0.0422982751321,0.957701724868,238887.144743
2018-03-26,0.0354360460865,0.964563953913,237779.925794
2018-03-27,0.0361915996679,0.963808400332,237823.975911
2018-03-28,0.066710050788,0.933289949212,236753.472677
2018-03-29,0.0311082553433,0.968891744657,236608.143915
2018-03-30,0.0299841458806,0.970015854119,236626.750377
2018-04-02,0.0323546136969,0.967645386303,237293.117616
2018-04-03,0.091317405241,0.908682594759,236463.985717
2018-04-04,0.0398546508089,0.960145349191,236364.914035
2018-04-05,0.0274137924952,0.972586207505,236060.766408
2018-04-06,0.028002777682,0.971997222318,236219.407197
2018-04-09,0.0455360733363,0.954463926664,236295.900877
2018-04-10,0.0447736076133,0.955226392387,237367.525627
2018-04-11,0.0606433007664,0.939356699234,239365.724167
2018-04-12,0.169166666667,0.830833333333,239331.90428
2018-04-13,0.224125549514,0.775874450486,239160.399938
2018-04-16,0.222777777778,0.777222222222,240388.832472
2018-04-17,0.234377751312,0.765622248688,245163.415739
2018-04-18,0.238570882504,0.761429117496,250764.585925
2018-04-19,0.269439956002,0.730560043998,261471.50781
2018-04-20,0.401067460962,0.598932539038,257014.452948
2018-04-23,0.404444444444,0.595555555556,263654.149741
2018-04-24,0.465833333333,0.534166666667,248985.082033
2018-04-25,0.397499260293,0.602500739707,256427.641888
2018-04-26,0.300833333333,0.699166666667,251494.140772
2018-04-27,0.354444444444,0.645555555556,256723.554801
2018-04-30,0.357777777778,0.642222222222,253803.179487
2018-05-01,0.318611111111,0.681388888889,253783.298238
2018-05-02,0.370555555556,0.629444444444,255659.767515
