,BTC-USD,cash,value
2013-01-01,0.716264556481,0.283735443519,122.07886728
2013-01-02,0.706034558858,0.293965441142,121.944954371
2013-01-03,0.73942993731,0.26057006269,122.7152522
2013-01-04,0.757523886306,0.242476113694,123.38832154
2013-01-07,0.788624742541,0.211375257459,124.004077917
2013-01-08,0.813174146239,0.186825853761,125.077831288
2013-01-09,0.836636315887,0.163363684113,125.294119289
2013-01-10,0.846625047921,0.153374952079,128.10918119
2013-01-11,0.845349308484,0.154650691516,128.108854322
2013-01-14,0.846749781135,0.153250218865,129.334260418
2013-01-15,0.824732158108,0.175267841892,128.945767631
2013-01-16,0.8454616912,0.1545383088,132.52381506
2013-01-17,0.849812296062,0.150187703938,138.380242869
2013-01-18,0.850680609096,0.149319390904,139.89741598
2013-01-21,0.853756279085,0.146243720915,148.234060393
2013-01-22,0.851799345436,0.148200654564,151.697714815
2013-01-23,0.850077860203,0.149922139797,153.493412631
2013-01-24,0.722777777778,0.277222222222,148.982068503
2013-01-25,0.825357372749,0.174642627251,152.139059129
2013-01-28,0.875712444156,0.124287555844,161.652792455
2013-01-29,0.869274969184,0.130725030816,167.774510873
2013-01-30,0.866471661694,0.133528338306,169.042732351
2013-01-31,0.866219232614,0.133780767386,174.320166824
2013-02-01,0.864198504516,0.135801495484,174.985132625
2013-02-04,0.855031052588,0.144968947412,174.465697522
2013-02-05,0.868483223822,0.131516776178,175.702648809
2013-02-06,0.866254152969,0.133745847031,179.997120917
2013-02-07,0.871323625249,0.128676374751,187.13806973
2013-02-08,0.866876267491,0.133123732509,190.889836724
2013-02-11,0.874169486865,0.125830513135,205.421283375
2013-02-12,0.873974700887,0.126025299113,209.208420193
2013-02-13,0.730555555556,0.269444444444,202.103868638
2013-02-14,0.8875,0.1125,220.475024403
2013-02-15,0.875826338371,0.124173661629,219.607456202
2013-02-18,0.851347190855,0.148652809145,218.532375925
2013-02-19,0.889155244405,0.110844755595,235.571971356
2013-02-20,0.884064256005,0.115935743995,237.206731368
2013-02-21,0.883312551946,0.116687448054,237.913482716
2013-02-22,0.885231324616,0.114768675384,241.445347734
2013-02-25,0.885008690769,0.114991309231,242.504840917
2013-02-26,0.887951683431,0.112048316569,247.446409762
2013-02-27,0.871763104594,0.128236895406,246.025723329
2013-02-28,0.88904461382,0.11095538618,263.234972705
2013-03-01,0.889346217335,0.110653782665,271.085767456
2013-03-04,0.891974323205,0.108025676795,282.615107018
2013-03-05,0.897091821946,0.102908178054,311.76075533
2013-03-06,0.895374694735,0.104625305265,316.543670534
2013-03-07,0.894772347224,0.105227652776,323.313152311
2013-03-08,0.895922191479,0.104077808521,338.326491124
2013-03-11,0.899351709917,0.100648290083,367.276238315
2013-03-12,0.625277777778,0.374722222222,339.031928798
2013-03-13,0.758333333333,0.241666666667,351.538991217
2013-03-14,0.767946012403,0.232053987597,352.953332907
2013-03-15,0.758275369354,0.241724630646,351.682944365
2013-03-18,0.894444444444,0.105555555556,378.010681609
2013-03-19,0.902468511202,0.0975314887983,427.413462909
2013-03-20,0.905005341715,0.0949946582848,462.303490221
2013-03-21,0.906497695606,0.0935023043936,503.558988389
2013-03-22,0.878888888889,0.121111111111,497.218429724
2013-03-25,0.895191482162,0.104808517838,520.53675273
2013-03-26,0.898453860815,0.101546139185,551.557154874
2013-03-27,0.904052199446,0.0959478005538,617.329942539
2013-03-28,0.825,0.175,600.038379842
2013-03-29,0.9,0.1,624.771483263
2013-04-01,0.913473862583,0.0865261374174,795.500174909
2013-04-02,0.915044924597,0.0849550754027,900.317103084
2013-04-03,0.870833333333,0.129166666667,882.665456598
2013-04-04,0.922634755595,0.0773652444052,941.930528676
2013-04-05,0.916965830567,0.083034169433,943.81251769
2013-04-08,0.740007955555,0.259992044445,1473.5617782
2013-04-09,0.240622158791,0.759377841209,1164.12271556
2013-04-10,0.0877183643785,0.912281635621,1095.80041158
2013-04-11,0.0653924416796,0.93460755832,1089.68287262
2013-04-12,0.0192073481123,0.980792651888,1074.9930865
2013-04-15,0.0151455290423,0.984854470958,1069.52048573
2013-04-16,0.0288657268745,0.971134273126,1075.35784153
2013-04-17,0.0572769284693,0.942723071531,1080.62336942
2013-04-18,0.0889529739948,0.911047026005,1085.94196919
2013-04-19,0.114481055856,0.885518944144,1092.53515641
2013-04-22,0.14253482651,0.85746517349,1109.15712244
2013-04-23,0.176310652913,0.823689347087,1120.91407949
2013-04-24,0.141773636181,0.858226363819,1104.85571849
2013-04-25,0.137623732613,0.862376267387,1099.53896192
2013-04-26,0.108392918314,0.891607081686,1089.65417725
2013-04-29,0.140688777147,0.859311222853,1099.96447207
2013-04-30,0.0830725250406,0.916927474959,1074.4848705
2013-05-01,0.0531218982396,0.94687810176,1066.66543763
2013-05-02,0.0527744884325,0.947225511567,1062.31150511
2013-05-03,0.0817007630821,0.918299236918,1070.72396527
2013-05-06,0.0794973535847,0.920502646415,1068.16699285
2013-05-07,0.0817994688831,0.918200531117,1070.95601504
2013-05-08,0.0830471056771,0.916952894323,1070.64322525
2013-05-09,0.0867922573446,0.913207742655,1074.50464993
2013-05-10,0.0880979373302,0.91190206267,1072.86663485
2013-05-13,0.088120193633,0.911879806367,1069.39472186
2013-05-14,0.0909546392607,0.909045360739,1071.77848845
2013-05-15,0.0946820621361,0.905317937864,1075.18200956
2013-05-16,0.125488463644,0.874511536356,1079.67963772
2013-05-17,0.126776265197,0.873223734803,1079.35815078
2013-05-20,0.128047254901,0.871952745099,1078.99939427
2013-05-21,0.129875973417,0.870124026583,1080.02033075
2013-05-22,0.126295814021,0.873704185979,1082.84024739
2013-05-23,0.152680496982,0.847319503018,1090.15895871
2013-05-24,0.134845758699,0.865154241301,1088.73433523
2013-05-27,0.134236818111,0.865763181889,1085.40413529
2013-05-28,0.162364917649,0.837635082351,1089.02017579
2013-05-29,0.137809953253,0.862190046747,1084.36179743
2013-05-30,0.139653103517,0.860346896483,1084.38104913
2013-05-31,0.141723345658,0.858276654342,1084.9417995
2013-06-03,0.135320519203,0.864679480797,1075.54486567
2013-06-04,0.136919813778,0.863080186222,1076.14189844
2013-06-05,0.112247015375,0.887752984625,1072.55332598
2013-06-06,0.111100196354,0.888899803646,1064.47616767
2013-06-07,0.0822998626263,0.917700137374,1061.10725203
2013-06-10,0.108369820441,0.891630179559,1061.95203741
2013-06-11,0.108574368112,0.891425631888,1061.71890888
2013-06-12,0.0848164095887,0.915183590411,1056.5592193
2013-06-13,0.0796308130621,0.920369186938,1053.14928792
2013-06-14,0.0800367673472,0.919963232653,1052.98040033
2013-06-17,0.0991738597157,0.900826140284,1059.32743009
2013-06-18,0.102788924142,0.897211075858,1060.20213945
2013-06-19,0.170273456005,0.829726543995,1063.12493933
2013-06-20,0.179086403892,0.820913596108,1060.1897782
2013-06-21,0.154067887744,0.845932112256,1057.88632116
2013-06-24,0.125355137406,0.874644862594,1050.50218649
2013-06-25,0.135980432007,0.864019567993,1051.33521414
2013-06-26,0.136111111111,0.863888888889,1048.22289942
2013-06-27,0.0879952742693,0.912004725731,1038.21073712
2013-06-28,0.0902777777778,0.909722222222,1038.53473071
2013-07-01,0.0808333333333,0.919166666667,1033.99347142
2013-07-02,0.0338888888889,0.966111111111,1023.26629883
2013-07-03,0.0720936825446,0.927906317455,1023.69458946
2013-07-04,0.0285323425861,0.971467657414,1012.98475043
2013-07-05,0.0667955913054,0.933204408695,1013.3976318
2013-07-08,0.153888888889,0.846111111111,1020.07474391
2013-07-09,0.208055555556,0.791944444444,1043.12967332
2013-07-10,0.213333333333,0.786666666667,1045.53940221
2013-07-11,0.276944444444,0.723055555556,1057.98459098
2013-07-12,0.330833333333,0.669166666667,1071.38811861
2013-07-15,0.291944444444,0.708055555556,1066.91250111
2013-07-16,0.339166666667,0.660833333333,1071.30902261
2013-07-17,0.233055555556,0.766944444444,1040.02694007
2013-07-18,0.248055555556,0.751944444444,1045.19741816
2013-07-19,0.2375,0.7625,1039.04114537
2013-07-22,0.300833333333,0.699166666667,1054.70334526
2013-07-23,0.303611111111,0.696388888889,1053.13474261
2013-07-24,0.314722222222,0.685277777778,1059.37431693
2013-07-25,0.318333333333,0.681666666667,1056.16402227
2013-07-26,0.307777777778,0.692222222222,1050.47711855
2013-07-29,0.425833333333,0.574166666667,1096.7327204
2013-07-30,0.429166666667,0.570833333333,1089.14631085
2013-07-31,0.416666666667,0.583333333333,1079.40418286
2013-08-01,0.420277777778,0.579722222222,1081.56117276
2013-08-02,0.437222222222,0.562777777778,1083.48419094
2013-08-05,0.445,0.555,1090.74268548
2013-08-06,0.445555555556,0.554444444444,1088.1422363
2013-08-07,0.401666666667,0.598333333333,1074.61346365
2013-08-08,0.404722222222,0.595277777778,1073.55848942
2013-08-09,0.407777777778,0.592222222222,1074.39823875
2013-08-12,0.494444444444,0.505555555556,1102.3178408
2013-08-13,0.500833333333,0.499166666667,1117.03716043
2013-08-14,0.501944444444,0.498055555556,1104.24827895
2013-08-15,0.486111111111,0.513888888889,1099.17906568
2013-08-16,0.510833333333,0.489166666667,1117.57674952
2013-08-19,0.573611111111,0.426388888889,1160.26224453
2013-08-20,0.605555555556,0.394444444444,1171.72950886
2013-08-21,0.579166666667,0.420833333333,1164.19255602
2013-08-22,0.5575,0.4425,1144.87032562
2013-08-23,0.561944444444,0.438055555556,1150.73576345
2013-08-26,0.644166666667,0.355833333333,1213.80412623
2013-08-27,0.643611111111,0.356388888889,1198.72731811
2013-08-28,0.6475,0.3525,1201.955957
2013-08-29,0.725,0.275,1254.35165259
2013-08-30,0.726666666667,0.273333333333,1273.91296576
2013-09-02,0.755,0.245,1293.54733987
2013-09-03,0.57577385767,0.42422614233,1215.19746778
2013-09-04,0.570874239432,0.429125760568,1202.99876799
2013-09-05,0.461692598073,0.538307401927,1158.99540009
2013-09-06,0.521388888889,0.478611111111,1190.01236014
2013-09-09,0.574628326343,0.425371673657,1207.36285978
2013-09-10,0.705833333333,0.294166666667,1256.68005296
2013-09-11,0.653659985022,0.346340014978,1239.39330493
2013-09-12,0.683611111111,0.316388888889,1246.94026624
2013-09-13,0.627885266083,0.372114733917,1222.87911993
2013-09-16,0.635,0.365,1236.57592107
2013-09-17,0.659157483007,0.340842516993,1243.63159396
2013-09-18,0.619446442288,0.380553557712,1212.26166498
2013-09-19,0.571696813687,0.428303186313,1205.25625679
2013-09-20,0.575833333333,0.424166666667,1208.18398772
2013-09-23,0.577777777778,0.422222222222,1210.25189327
2013-09-24,0.577222222222,0.422777777778,1211.3909802
2013-09-25,0.624444444444,0.375555555556,1222.16281207
2013-09-26,0.633764160089,0.366235839911,1232.33431705
2013-09-27,0.688658509185,0.311341490815,1252.28264876
2013-09-30,0.65862848801,0.34137151199,1238.90166436
2013-10-01,0.418888888889,0.581111111111,1137.76668198
2013-10-02,0.506388888889,0.493611111111,1168.56210534
2013-10-03,0.567903815056,0.432096184944,1194.78077732
2013-10-04,0.567713568549,0.432286431451,1194.18556131
2013-10-07,0.567426006803,0.432573993197,1193.14390433
2013-10-08,0.603866871468,0.396133128532,1207.99995003
2013-10-09,0.627590353406,0.372409646594,1212.70496761
2013-10-10,0.626863156321,0.373136843679,1211.02413613
2013-10-11,0.660327940552,0.339672059448,1226.07209219
2013-10-14,0.826961206672,0.173038793328,1311.84079352
2013-10-15,0.745833333333,0.254166666667,1275.47721568
2013-10-16,0.811111111111,0.188888888889,1305.01827994
2013-10-17,0.874936988169,0.125063011831,1376.68098823
2013-10-18,0.926823571324,0.0731764286764,1482.99880534
2013-10-21,0.916505648476,0.0834943515235,1631.84091665
2013-10-22,0.928610757174,0.0713892428262,1815.87684698
2013-10-23,0.673888888889,0.326111111111,1659.71765854
2013-10-24,0.606111111111,0.393888888889,1610.35177576
2013-10-25,0.537222222222,0.462777777778,1564.19582706
2013-10-28,0.663333333333,0.336666666667,1645.60568993
2013-10-29,0.730635477466,0.269364522534,1693.42637971
2013-10-30,0.662222222222,0.337777777778,1647.39495946
2013-10-31,0.705451079862,0.294548920138,1663.8900076
2013-11-01,0.711388888889,0.288611111111,1676.43982391
2013-11-04,0.921944444444,0.0780555555556,1813.99350192
2013-11-05,0.92698459262,0.0730154073797,1906.26029644
2013-11-06,0.92668203649,0.0733179635098,1996.25276482
2013-11-07,0.931488080024,0.0685119199761,2315.28703818
2013-11-08,0.924808395217,0.0751916047833,2631.0735024
2013-11-11,0.930659754107,0.0693402458928,2685.74731299
2013-11-12,0.930666217142,0.0693337828581,2803.2086041
2013-11-13,0.930399651266,0.0696003487337,3179.4139834
2013-11-14,0.917620263573,0.0823797364273,3169.47019713
2013-11-15,0.918877511735,0.0811224882654,3172.95243662
2013-11-18,0.602354741994,0.397645258006,5532.55701494
2013-11-19,0.442512255178,0.557487744822,4938.40281073
2013-11-20,0.414691979838,0.585308020162,4912.02928451
2013-11-21,0.536076165944,0.463923834056,5316.58278687
2013-11-22,0.570154204459,0.429845795541,5454.54472856
2013-11-25,0.591390381859,0.408609618141,5562.94189933
2013-11-26,0.571275459006,0.428724540994,6117.11161742
2013-11-27,0.58684645426,0.41315354574,6513.03711107
2013-11-28,0.591206354305,0.408793645695,6589.09325075
2013-11-29,0.61127673394,0.38872326606,6962.39295877
2013-12-02,0.518427736669,0.481572263331,6572.22728151
2013-12-03,0.552629512531,0.447370487469,6753.09669514
2013-12-04,0.581355488067,0.418644511933,7020.15382961
2013-12-05,0.481706483735,0.518293516265,6586.46787785
2013-12-06,0.327119115217,0.672880884783,5835.87696089
2013-12-09,0.380802771405,0.619197228595,6002.48782772
2013-12-10,0.435880786083,0.564119213917,6287.63886454
2013-12-11,0.357874229418,0.642125770582,5985.32856097
2013-12-12,0.36532870487,0.63467129513,5938.72694537
2013-12-13,0.384023495012,0.615976504988,6027.30580217
2013-12-16,0.268974950532,0.731025049468,5589.52776186
2013-12-17,0.228661569255,0.771338430745,5500.27909409
2013-12-18,0.118529261874,0.881470738126,5193.50206453
2013-12-19,0.224603833946,0.775396166054,5410.07307645
2013-12-20,0.169336700571,0.830663299429,5273.57857689
2013-12-23,0.215997980541,0.784002019459,5360.17183174
2013-12-24,0.207151836448,0.792848163552,5343.07562062
2013-12-25,0.215820650049,0.784179349951,5350.08168679
2013-12-26,0.258859425502,0.741140574498,5504.51330765
2013-12-27,0.257322033566,0.742677966434,5506.39467179
2013-12-30,0.231776258654,0.768223741346,5509.24939615
2013-12-31,0.231243168443,0.768756831557,5511.00187809
2014-01-01,0.249187024088,0.750812975912,5526.64070537
2014-01-02,0.271824250772,0.728175749228,5595.64334726
2014-01-03,0.298504066856,0.701495933144,5643.96169672
2014-01-06,0.373987979074,0.626012020926,5888.05497894
2014-01-07,0.281121130074,0.718878869926,5598.66943201
2014-01-08,0.322319181711,0.677680818289,5703.78470045
2014-01-09,0.321534295939,0.678465704061,5700.07973355
2014-01-10,0.334997285648,0.665002714352,5740.68760588
2014-01-13,0.313666857822,0.686333142178,5670.56049652
2014-01-14,0.302204346696,0.697795653304,5663.44434859
2014-01-15,0.324274734751,0.675725265249,5704.09878877
2014-01-16,0.297372086011,0.702627913989,5649.37099354
2014-01-17,0.286279956411,0.713720043589,5613.74682787
2014-01-20,0.334657664055,0.665342335945,5724.41639386
2014-01-21,0.336062339662,0.663937660338,5736.96085259
2014-01-22,0.332403917774,0.667596082226,5714.38731513
2014-01-23,0.32313124811,0.67686875189,5700.73665979
2014-01-24,0.298884257486,0.701115742514,5646.66586777
2014-01-27,0.322268674576,0.677731325424,5696.16917922
2014-01-28,0.314778043301,0.685221956699,5674.98402936
2014-01-29,0.43542520374,0.56457479626,5660.16998441
2014-01-30,0.466061293626,0.533938706374,5701.72440558
2014-01-31,0.45748645056,0.54251354944,5694.46427428
2014-02-03,0.479437483353,0.520562516647,5674.38061243
2014-02-04,0.461532740493,0.538467259507,5659.38889739
2014-02-05,0.426499357974,0.573500642026,5596.70888484
2014-02-06,0.313532277935,0.686467722065,5396.04441197
2014-02-07,0.154301058941,0.845698941059,5122.79940327
2014-02-10,0.0852175310207,0.914782468979,4993.89198611
2014-02-11,0.082683692933,0.917316307067,4991.19094077
2014-02-12,0.0598219846056,0.940178015394,4956.93185927
2014-02-13,0.0155991873394,0.984400812661,4912.08638624
2014-02-14,0.0194409693689,0.980559030631,4908.00782459
2014-02-17,0.0136330560525,0.986366943948,4873.32624877
2014-02-18,0.0453535735229,0.954646426477,4878.31514287
2014-02-19,0.00739575435908,0.992604245641,4853.58987152
2014-02-20,0.00545820328046,0.99454179672,4833.03321587
2014-02-21,0.00726419623886,0.992735803761,4832.93073781
2014-02-24,0.122128361045,0.877871638955,4851.50887966
2014-02-25,0.064988864058,0.935011135942,4721.04206516
2014-02-26,0.139167553321,0.860832446679,5753.6301112
2014-02-27,0.139929729309,0.860070270691,5758.15147156
2014-02-28,0.135554527949,0.864445472051,5727.68873848
2014-03-03,0.153930554075,0.846069445925,5847.04962889
2014-03-04,0.153965269773,0.846034730227,5846.59990246
2014-03-05,0.153381819409,0.846618180591,5841.77025694
2014-03-06,0.151544061863,0.848455938137,5828.10298026
2014-03-07,0.144450802008,0.855549197992,5785.1360096
2014-03-10,0.143803159785,0.856196840215,5780.03997508
2014-03-11,0.143055967584,0.856944032416,5774.2350215
2014-03-12,0.145252634676,0.854747365324,5788.80955765
2014-03-13,0.147467973257,0.852532026743,5796.41213558
2014-03-14,0.144386161669,0.855613838331,5781.34528612
2014-03-17,0.14296821564,0.85703178436,5770.94398863
2014-03-18,0.141587205761,0.858412794239,5760.80577903
2014-03-19,0.140890291961,0.859109708039,5755.39798906
2014-03-20,0.133802013101,0.866197986899,5715.90102788
2014-03-21,0.130547095958,0.869452904042,5693.75256675
2014-03-24,0.134196023463,0.865803976537,5718.04197378
2014-03-25,0.133304209973,0.866695790027,5711.72743209
2014-03-26,0.133259123423,0.866740876577,5711.13174207
2014-03-27,0.132365875175,0.867634124825,5572.87888218
2014-03-28,0.137993100146,0.862006899854,5608.37852301
2014-03-31,0.133830453427,0.866169546573,5577.64685397
2014-04-01,0.122656943072,0.877343056928,5514.68799292
2014-04-02,0.125223034903,0.874776965097,5533.71450842
2014-04-03,0.126644047922,0.873355952078,5546.49292643
2014-04-04,0.130061644507,0.869938355493,5565.88483881
2014-04-07,0.13192638645,0.86807361355,5581.62057594
2014-04-08,0.129247072827,0.870752927173,5567.06423718
2014-04-09,0.104064122465,0.895935877535,5452.59360982
2014-04-10,0.121840018793,0.878159981207,5527.04557832
2014-04-11,0.120929232184,0.879070767816,5530.91309405
2014-04-14,0.150517255973,0.849482744027,5666.49878716
2014-04-15,0.150613804862,0.849386195138,5683.51522518
2014-04-16,0.139485568214,0.860514431786,5627.76635003
2014-04-17,0.133139137381,0.866860862619,5601.96919434
2014-04-18,0.138063532686,0.861936467314,5633.45980342
2014-04-21,0.132923487017,0.867076512983,5605.61425754
2014-04-22,0.132219470625,0.867780529375,5604.67638697
2014-04-23,0.135084140007,0.864915859993,5624.42853211
2014-04-24,0.123656399738,0.876343600262,5570.02684421
2014-04-25,0.12238684977,0.87761315023,5560.20728501
2014-04-28,0.119259555129,0.880740444871,5542.74015325
2014-04-29,0.118623937094,0.881376062906,5542.0083584
2014-04-30,0.121858924739,0.878141075261,5563.39775135
2014-05-01,0.119799664602,0.880200335398,5553.87351381
2014-05-02,0.11541346173,0.88458653827,5531.83537476
2014-05-05,0.113420254161,0.886579745839,5522.42756713
2014-05-06,0.116988524566,0.883011475434,5543.2362546
2014-05-07,0.11500483258,0.88499516742,5535.32807745
2014-05-08,0.11552052743,0.88447947257,5541.58603878
2014-05-09,0.733333333333,0.266666666667,5544.02450749
2014-05-12,0.675277777778,0.324722222222,5381.70878504
2014-05-13,0.705277777778,0.294722222222,5454.3801771
2014-05-14,0.711944444444,0.288055555556,5501.87446358
2014-05-15,0.733888888889,0.266111111111,5550.00062572
2014-05-16,0.730555555556,0.269444444444,5542.42543238
2014-05-19,0.848888888889,0.151111111111,5825.45028256
2014-05-20,0.872777777778,0.127222222222,5868.7613499
2014-05-21,0.894444444444,0.105555555556,6146.45419153
2014-05-22,0.893055555556,0.106944444444,6175.55403529
2014-05-23,0.903333333333,0.0966666666667,6200.66126791
2014-05-26,0.902222222222,0.0977777777778,6734.78456846
2014-05-27,0.901111111111,0.0988888888889,6742.65571567
2014-05-28,0.875,0.125,6673.98387031
2014-05-29,0.898888888889,0.101111111111,7169.68506426
2014-05-30,0.897777777778,0.102222222222,7333.39979593
2014-06-02,0.91,0.09,7768.65037913
2014-06-03,0.795487895798,0.204512104202,7444.83839093
2014-06-04,0.88,0.12,7640.62599223
2014-06-05,0.850277777778,0.149722222222,7540.69104074
2014-06-06,0.848333333333,0.151666666667,7553.07906586
2014-06-09,0.861111111111,0.138888888889,7591.73615722
2014-06-10,0.795,0.205,7464.43291513
2014-06-11,0.665918755498,0.334081244502,7039.78558791
2014-06-12,0.678333333333,0.321666666667,7143.46597439
2014-06-13,0.6425,0.3575,6929.2949548
2014-06-16,0.671111111111,0.328888888889,7094.37781177
2014-06-17,0.667777777778,0.332222222222,7103.13734205
2014-06-18,0.648333333333,0.351666666667,7055.63216758
2014-06-19,0.627222222222,0.372777777778,6983.58764626
2014-06-20,0.639722222222,0.360277777778,7030.08618851
2014-06-23,0.618611111111,0.381388888889,6967.53982471
2014-06-24,0.564722222222,0.435277777778,6818.14852378
2014-06-25,0.609444444444,0.390555555556,6914.14300092
2014-06-26,0.625277777778,0.374722222222,7055.26282033
2014-06-27,0.620555555556,0.379444444444,7021.01305646
2014-06-30,0.741944444444,0.258055555556,7352.24699225
2014-07-01,0.740277777778,0.259722222222,7373.66836325
2014-07-02,0.718611111111,0.281388888889,7308.37634909
2014-07-03,0.694444444444,0.305555555556,7192.27348189
2014-07-04,0.691388888889,0.308611111111,7184.22969176
2014-07-07,0.6675,0.3325,7123.00762799
2014-07-08,0.685277777778,0.314722222222,7182.13718205
2014-07-09,0.6625,0.3375,7145.41371844
2014-07-10,0.703333333333,0.296666666667,7255.97955541
2014-07-11,0.703055555556,0.296944444444,7280.15163818
2014-07-14,0.656111111111,0.343888888889,7148.34858517
2014-07-15,0.623611111111,0.376388888889,7111.57517172
2014-07-16,0.674444444444,0.325555555556,7195.89056654
2014-07-17,0.6725,0.3275,7202.75131241
2014-07-18,0.670555555556,0.329444444444,7199.40608029
2014-07-21,0.6475,0.3525,7164.3748486
2014-07-22,0.644722222222,0.355277777778,7158.07979956
2014-07-23,0.565833333333,0.434166666667,7009.92787579
2014-07-24,0.559166666667,0.440833333333,7000.81370252
2014-07-25,0.553611111111,0.446388888889,6971.42667196
2014-07-28,0.522222222222,0.477777777778,6904.80344391
2014-07-29,0.465,0.535,6774.06930815
2014-07-30,0.523611111111,0.476388888889,6912.21818997
2014-07-31,0.542777777778,0.457222222222,6968.85808167
2014-08-01,0.533611111111,0.466388888889,6924.17241453
2014-08-04,0.514166666667,0.485833333333,6905.4378515
2014-08-05,0.512222222222,0.487777777778,6911.49599847
2014-08-06,0.525,0.475,6929.52510512
2014-08-07,0.528611111111,0.471388888889,6948.21050274
2014-08-08,0.502222222222,0.497777777778,6908.86206522
2014-08-11,0.44,0.56,6779.46943073
2014-08-12,0.393055555556,0.606944444444,6644.67250149
2014-08-13,0.360555555556,0.639444444444,6464.76118239
2014-08-14,0.334166666667,0.665833333333,6425.9137157
2014-08-15,0.389444444444,0.610555555556,6535.90428098
2014-08-18,0.326944444444,0.673055555556,6355.43385853
2014-08-19,0.386388888889,0.613611111111,6490.46376489
2014-08-20,0.384444444444,0.615555555556,6496.06076803
2014-08-21,0.38,0.62,6487.14182713
2014-08-22,0.323333333333,0.676666666667,6398.53550964
2014-08-25,0.372222222222,0.627777777778,6459.84908863
2014-08-26,0.3725,0.6275,6472.36228619
2014-08-27,0.366388888889,0.633611111111,6451.34606205
2014-08-28,0.364722222222,0.635277777778,6459.69045183
2014-08-29,0.358055555556,0.641944444444,6429.30598043
2014-09-01,0.293055555556,0.706944444444,6305.69383274
2014-09-02,0.290277777778,0.709722222222,6309.89701735
2014-09-03,0.297777777778,0.702222222222,6351.64162574
2014-09-04,0.286944444444,0.713055555556,6323.26897033
2014-09-05,0.283611111111,0.716388888889,6326.29871013
2014-09-08,0.276388888889,0.723611111111,6290.81639038
2014-09-09,0.275277777778,0.724722222222,6308.35095398
2014-09-10,0.2725,0.7275,6303.94189371
2014-09-11,0.27,0.73,6301.18594929
2014-09-12,0.2675,0.7325,6302.71911716
2014-09-15,0.246111111111,0.753888888889,6262.24310021
2014-09-16,0.242777777778,0.757222222222,6243.54029324
2014-09-17,0.201111111111,0.798888888889,6122.1316441
2014-09-18,0.182777777778,0.817222222222,6044.86622353
2014-09-19,0.227988615644,0.772011384356,6082.89009495
2014-09-22,0.296189259908,0.703810740092,6167.55078302
2014-09-23,0.243832705742,0.756167294258,6112.24591286
2014-09-24,0.224166666667,0.775833333333,6071.69279116
2014-09-25,0.198611111111,0.801388888889,6045.57391741
2014-09-26,0.170555555556,0.829444444444,6029.11094321
2014-09-29,0.165,0.835,6001.12951666
2014-09-30,0.16173946609,0.83826053391,5987.51675221
2014-10-01,0.146666666667,0.853333333333,5967.89143158
2014-10-02,0.143449971097,0.856550028903,5940.60750821
2014-10-03,0.128529627741,0.871470372259,5874.58817015
2014-10-06,0.12659172154,0.87340827846,5866.31585373
2014-10-07,0.178958218408,0.821041781592,5908.8133026
2014-10-08,0.200739673363,0.799260326637,5938.86330041
2014-10-09,0.202506084172,0.797493915828,5941.48907553
2014-10-10,0.200012706955,0.799987293045,5939.83215043
2014-10-13,0.311021944171,0.688978055829,6056.70680612
2014-10-14,0.2875,0.7125,6037.80448647
2014-10-15,0.264444444444,0.735555555556,5978.44932049
2014-10-16,0.265,0.735,5981.40281792
2014-10-17,0.286126981631,0.713873018369,6024.53946828
2014-10-20,0.269722222222,0.730277777778,5986.778502
2014-10-21,0.245,0.755,5972.05999848
2014-10-22,0.181852931078,0.818147068922,5882.05418761
2014-10-23,0.18128649149,0.81871350851,5880.00644044
2014-10-24,0.159320937993,0.840679062007,5854.63376757
2014-10-27,0.166666666667,0.833333333333,5863.62912537
2014-10-28,0.170277777778,0.829722222222,5866.29903532
2014-10-29,0.101648274677,0.898351725323,5820.21426096
2014-10-30,0.152801635996,0.847198364004,5836.84441788
2014-10-31,0.115278719926,0.884721280074,5818.3595503
2014-11-03,0.0772540316542,0.922745968346,5790.9071442
2014-11-04,0.0877241991373,0.912275800863,5795.92802513
2014-11-05,0.143178946306,0.856821053694,5810.89430527
2014-11-06,0.168296341104,0.831703658896,5834.42067632
2014-11-07,0.153599244451,0.846400755549,5817.89572497
2014-11-10,0.221706984819,0.778293015181,5883.29400085
2014-11-11,0.220949405993,0.779050594007,5877.14726477
2014-11-12,0.414450617784,0.585549382216,6111.93177645
2014-11-13,0.413752846407,0.586247153593,6092.51020578
2014-11-14,0.296360869094,0.703639130906,5902.03762423
2014-11-17,0.2513337708,0.7486662292,5849.35287918
2014-11-18,0.234992328058,0.765007671942,5828.05990012
2014-11-19,0.246215956118,0.753784043882,5836.1409442
2014-11-20,0.181944444444,0.818055555556,5744.62563865
2014-11-21,0.169609079468,0.830390920532,5728.33365758
2014-11-24,0.227836796086,0.772163203914,5802.58331397
2014-11-25,0.226963459698,0.773036540302,5794.13546631
2014-11-26,0.205555555556,0.794444444444,5755.23973269
2014-11-27,0.209483933233,0.790516066767,5766.48073601
2014-11-28,0.229355422457,0.770644577543,5794.98731251
2014-12-01,0.23016108627,0.76983891373,5798.57385294
2014-12-02,0.234123386191,0.765876613809,5805.69479291
2014-12-03,0.231193176551,0.768806823449,5792.53973834
2014-12-04,0.214321229202,0.785678770798,5767.0887017
2014-12-05,0.236249802735,0.763750197265,5792.91079907
2014-12-08,0.201000792858,0.798999207142,5746.619431
2014-12-09,0.17136303276,0.82863696724,5705.95806928
2014-12-10,0.153611111111,0.846388888889,5693.97574362
2014-12-11,0.154186188569,0.845813811431,5693.31447273
2014-12-12,0.175312923889,0.824687076111,5707.54026944
2014-12-15,0.142866910983,0.857133089017,5684.47166019
2014-12-16,0.104789306785,0.895210693215,5648.47564435
2014-12-17,0.0523058795566,0.947694120443,5629.63266302
2014-12-18,0.0350848779123,0.964915122088,5620.54873651
2014-12-19,0.0797853979629,0.920214602037,5624.78289659
2014-12-22,0.140719724268,0.859280275732,5642.57484521
2014-12-23,0.151218411228,0.848781588772,5653.05860535
2014-12-24,0.0953483371701,0.90465166283,5619.71693293
2014-12-25,0.0740425336336,0.925957466366,5613.82028576
2014-12-26,0.139459984433,0.860540015567,5627.43285617
2014-12-29,0.0607156139664,0.939284386034,5588.89158858
2014-12-30,0.0487865734863,0.951213426514,5585.68527213
2014-12-31,0.0813684231162,0.918631576884,5591.43488648
2015-01-01,0.0721304748725,0.927869525128,5586.55115312
2015-01-02,0.0728999154749,0.927100084525,5586.95278495
2015-01-05,0.03568415077,0.96431584923,5534.47178912
2015-01-06,0.0801748494875,0.919825150512,5539.32861229
2015-01-07,0.131543160861,0.868456839139,5553.05617303
2015-01-08,0.0727981106031,0.927201889397,5530.75373468
2015-01-09,0.125204442379,0.874795557621,5537.70814096
2015-01-12,0.0365123746144,0.963487625386,5491.92542148
2015-01-13,0.0366580228424,0.963341977158,5456.08741235
2015-01-14,0.0403594926262,0.959640507374,5404.99882592
2015-01-15,0.247274237524,0.752725762476,5462.21195498
2015-01-16,0.24464853904,0.75535146096,5443.79702717
2015-01-19,0.284764853652,0.715235146348,5501.05200666
2015-01-20,0.257665055303,0.742334944697,5462.2038194
2015-01-21,0.354574078002,0.645425921998,5579.09697201
2015-01-22,0.386111111111,0.613888888889,5618.06990029
2015-01-23,0.38364840183,0.61635159817,5613.10771823
2015-01-26,0.593333333333,0.406666666667,5954.43347197
2015-01-27,0.568611111111,0.431388888889,5876.63469441
2015-01-28,0.370277777778,0.629722222222,5530.65576355
2015-01-29,0.355579745697,0.644420254303,5511.61390275
2015-01-30,0.353745953416,0.646254046584,5493.60311008
2015-02-02,0.394503304381,0.605496695619,5552.07395877
2015-02-03,0.322769423778,0.677230576222,5446.41220424
2015-02-04,0.323876311507,0.676123688493,5439.97532663
2015-02-05,0.263122750186,0.736877249814,5361.19541964
2015-02-06,0.29712174445,0.70287825555,5402.84957673
2015-02-09,0.294414772527,0.705585227473,5383.98295141
2015-02-10,0.286354347433,0.713645652567,5379.08300482
2015-02-11,0.285315089819,0.714684910181,5373.19019688
2015-02-12,0.289523266686,0.710476733314,5393.91124068
2015-02-13,0.408625634946,0.591374365054,5494.01978287
2015-02-16,0.415091972711,0.584908027289,5490.71295361
2015-02-17,0.488611111111,0.511388888889,5561.21429937
2015-02-18,0.440555555556,0.559444444444,5471.38879934
2015-02-19,0.538611111111,0.461388888889,5539.26193127
2015-02-20,0.605,0.395,5570.62075149
2015-02-23,0.538852754093,0.461147245907,5491.38353538
2015-02-24,0.541235994341,0.458764005659,5492.22538111
2015-02-25,0.530533822211,0.469466177789,5472.71412057
2015-02-26,0.529705152731,0.470294847269,5462.92686711
2015-02-27,0.691632161693,0.308367838307,5668.59179744
2015-03-02,0.82419228368,0.17580771632,5980.95579217
2015-03-03,0.853950070727,0.146049929273,6104.89186552
2015-03-04,0.75,0.25,5941.50572527
2015-03-05,0.760415994663,0.239584005337,5995.65190818
2015-03-06,0.751714641631,0.248285358369,5951.34010936
2015-03-09,0.877308926729,0.122691073271,6236.5634784
2015-03-10,0.868324748231,0.131675251769,6261.91382807
2015-03-11,0.890552554559,0.109447445442,6340.59394722
2015-03-12,0.876033986999,0.123966013001,6306.98821227
2015-03-13,0.788611111111,0.211388888889,6181.0676783
2015-03-16,0.833398939967,0.166601060033,6234.84661442
2015-03-17,0.776944444444,0.223055555556,6144.17461826
2015-03-18,0.466666666667,0.533333333333,5647.8097663
2015-03-19,0.476111111111,0.523888888889,5699.35408389
2015-03-20,0.475277777778,0.524722222222,5708.17492378
2015-03-23,0.519444444444,0.480555555556,5745.84822068
2015-03-24,0.368055555556,0.631944444444,5533.61920517
2015-03-25,0.366666666667,0.633333333333,5530.71818008
2015-03-26,0.365277777778,0.634722222222,5544.26727208
2015-03-27,0.363888888889,0.636111111111,5537.64627869
2015-03-30,0.355705971586,0.644294028414,5512.64438118
2015-03-31,0.360277777778,0.639722222222,5529.40137651
2015-04-01,0.408055555556,0.591944444444,5580.39164655
2015-04-02,0.407222222222,0.592777777778,5597.30986277
2015-04-03,0.404166666667,0.595833333333,5583.05115814
2015-04-06,0.402222222222,0.597777777778,5583.7424364
2015-04-07,0.340679793621,0.659320206379,5508.56913343
2015-04-08,0.300555555556,0.699444444444,5498.5481284
2015-04-09,0.251388888889,0.748611111111,5439.74693738
2015-04-10,0.25,0.75,5449.91175548
2015-04-13,0.165,0.835,5342.6182899
2015-04-14,0.214166666667,0.785833333333,5362.26509461
2015-04-15,0.214166666667,0.785833333333,5388.02896973
2015-04-16,0.213055555556,0.786944444444,5360.71599655
2015-04-17,0.212929195629,0.787070804371,5364.60819179
2015-04-20,0.265833333333,0.734166666667,5417.20983035
2015-04-21,0.266388888889,0.733611111111,5417.51234584
2015-04-22,0.268888888889,0.731111111111,5427.50041858
2015-04-23,0.266944444444,0.733055555556,5400.76183714
2015-04-24,0.216393971604,0.783606028396,5369.37975761
2015-04-27,0.216944444444,0.783055555556,5367.67565159
2015-04-28,0.217777777778,0.782222222222,5365.65234998
2015-04-29,0.275975121536,0.724024878464,5418.76271533
2015-04-30,0.275555555556,0.724444444444,5402.50611129
2015-05-01,0.278611111111,0.721388888889,5416.08948116
2015-05-04,0.280555555556,0.719444444444,5419.1506518
2015-05-05,0.257049862699,0.742950137301,5381.62078109
2015-05-06,0.331666666667,0.668333333333,5427.19180452
2015-05-07,0.343888888889,0.656111111111,5472.62540515
2015-05-08,0.341944444444,0.658055555556,5454.55511362
2015-05-11,0.344444444444,0.655555555556,5455.92048608
2015-05-12,0.296388888889,0.703611111111,5414.99853718
2015-05-13,0.31,0.69,5418.38665462
2015-05-14,0.318784103186,0.681215896814,5420.42151876
2015-05-15,0.313277875339,0.686722124661,5413.30524536
2015-05-18,0.291388888889,0.708611111111,5382.88694206
2015-05-19,0.298888888889,0.701111111111,5395.93964738
2015-05-20,0.303708825525,0.696291174475,5405.68998584
2015-05-21,0.359722222222,0.640277777778,5439.93732311
2015-05-22,0.357222222222,0.642777777778,5428.28340561
2015-05-25,0.356388888889,0.643611111111,5419.35392399
2015-05-26,0.358055555556,0.641944444444,5414.86376495
2015-05-27,0.359722222222,0.640277777778,5415.09126522
2015-05-28,0.330555555556,0.669444444444,5412.39804141
2015-05-29,0.305555555556,0.694444444444,5383.40833314
2015-06-01,0.2355043253,0.7644956747,5329.97074073
2015-06-02,0.234722222222,0.765277777778,5329.12955151
2015-06-03,0.219703385747,0.780296614253,5321.38468862
2015-06-04,0.233611111111,0.766388888889,5326.82451375
2015-06-05,0.223245583772,0.776754416228,5323.68084408
2015-06-08,0.268333333333,0.731666666667,5348.72966404
2015-06-09,0.27563553864,0.72436446136,5343.83031476
2015-06-10,0.286956723618,0.713043276382,5350.73696611
2015-06-11,0.295610539279,0.704389460721,5354.52386644
2015-06-12,0.313658369667,0.686341630333,5368.22384683
2015-06-15,0.453055555556,0.546944444444,5492.48457496
2015-06-16,0.446388888889,0.553611111111,5468.13373753
2015-06-17,0.455,0.545,5478.5101799
2015-06-18,0.400555555556,0.599444444444,5434.71679838
2015-06-19,0.406388888889,0.593611111111,5442.24183291
2015-06-22,0.404444444444,0.595555555556,5431.21966602
2015-06-23,0.392777777778,0.607222222222,5402.29091306
2015-06-24,0.405555555556,0.594444444444,5419.81554473
2015-06-25,0.408611111111,0.591388888889,5423.32072532
2015-06-26,0.480638641905,0.519361358095,5493.58632176
2015-06-29,0.57663131122,0.42336868878,5633.6841054
2015-06-30,0.508333333333,0.491666666667,5553.03612203
2015-07-01,0.494166666667,0.505833333333,5522.88585505
2015-07-02,0.496388888889,0.503611111111,5528.43491921
2015-07-03,0.558333333333,0.441666666667,5583.14148813
2015-07-06,0.608055555556,0.391944444444,5650.36238881
2015-07-07,0.611944444444,0.388055555556,5681.70503651
2015-07-08,0.615555555556,0.384444444444,5688.14029556
2015-07-09,0.695309769417,0.304690230583,5875.74991302
2015-07-10,0.761404686797,0.238595313203,5995.32451396
2015-07-13,0.716712478473,0.283287521527,5916.49641271
2015-07-14,0.668412141442,0.331587858558,5863.64428781
2015-07-15,0.602246802518,0.397753197482,5768.48173739
2015-07-16,0.620857368926,0.379142631074,5806.35476115
2015-07-17,0.580734551476,0.419265448524,5734.13429165
2015-07-20,0.59112579762,0.40887420238,5746.66294084
2015-07-21,0.598611111111,0.401388888889,5763.50834518
2015-07-22,0.59696835156,0.40303164844,5751.76803045
2015-07-23,0.713654920153,0.286345079847,5910.69243936
2015-07-24,0.719521760416,0.280478239584,5916.03836408
2015-07-27,0.755508336503,0.244491663497,5988.77567837
2015-07-28,0.713622830842,0.286377169158,5906.2035891
2015-07-29,0.682577588765,0.317422411235,5886.11658773
2015-07-30,0.66494775414,0.33505224586,5839.88510863
2015-07-31,0.614372803346,0.385627196654,5794.70700756
2015-08-03,0.664181908162,0.335818091838,5842.78238643
2015-08-04,0.645067475194,0.354932524806,5807.36621927
2015-08-05,0.592177879092,0.407822120908,5757.32100186
2015-08-06,0.592192089868,0.407807910132,5755.97089515
2015-08-07,0.394444444444,0.605555555556,5517.28156346
2015-08-10,0.4814543444,0.5185456556,5604.20020548
2015-08-11,0.470335332041,0.529664667959,5590.3498546
2015-08-12,0.426259121012,0.573740878988,5548.446404
2015-08-13,0.441111111111,0.558888888889,5562.57238992
2015-08-14,0.390059180283,0.609940819717,5520.29668081
2015-08-17,0.291232139062,0.708767860938,5405.2883779
2015-08-18,0.143055555556,0.856944444444,5271.67491372
2015-08-19,0.211010130307,0.788989869693,5299.90538394
2015-08-20,0.201545613053,0.798454386947,5289.05142262
2015-08-21,0.171379117468,0.828620882532,5275.63490898
2015-08-24,0.109722222222,0.890277777778,5239.47549254
2015-08-25,0.147511202708,0.852488797292,5250.72774769
2015-08-26,0.128312540354,0.871687459646,5242.82726893
2015-08-27,0.180796251648,0.819203748352,5269.2348649
2015-08-28,0.177743989614,0.822256010386,5256.31014208
2015-08-31,0.165555555556,0.834444444444,5250.79372654
2015-09-01,0.176655151793,0.823344848207,5256.23484463
2015-09-02,0.146111111111,0.853888888889,5246.0609787
2015-09-03,0.187677239074,0.812322760926,5259.37219448
2015-09-04,0.210918250991,0.789081749009,5273.81275588
2015-09-07,0.27408529027,0.72591470973,5318.77404417
2015-09-08,0.242186416842,0.757813583158,5283.54513854
2015-09-09,0.254581604668,0.745418395332,5287.03081158
2015-09-10,0.26045915791,0.73954084209,5297.27326218
2015-09-11,0.220893220779,0.779106779221,5272.16054972
2015-09-14,0.182195062248,0.817804937752,5241.79512734
2015-09-15,0.180015151501,0.819984848499,5237.90908975
2015-09-16,0.206485271772,0.793514728228,5254.65325384
2015-09-17,0.21447296878,0.78552703122,5252.1877927
2015-09-18,0.192302798416,0.807697201584,5246.62716427
2015-09-21,0.190782999275,0.809217000725,5241.81676044
2015-09-22,0.192693984121,0.807306015879,5241.27415701
2015-09-23,0.22334731646,0.77665268354,5257.9820168
2015-09-24,0.236642952998,0.763357047002,5264.23230525
2015-09-25,0.232159176376,0.767840823624,5260.32176833
2015-09-28,0.246376359932,0.753623640068,5272.75300066
2015-09-29,0.244303245136,0.755696754864,5268.45682262
2015-09-30,0.247948414588,0.752051585412,5274.53778137
2015-10-01,0.24910224637,0.75089775363,5272.64701716
2015-10-02,0.293074789907,0.706925210093,5282.57487071
2015-10-05,0.339040503092,0.660959496908,5331.21617004
2015-10-06,0.313371285294,0.686628714706,5307.76819738
2015-10-07,0.308630686573,0.691369313427,5304.98350523
2015-10-08,0.337883058233,0.662116941767,5314.54086983
2015-10-09,0.343458079198,0.656541920802,5324.13368234
2015-10-12,0.364646565108,0.635353434892,5349.50553025
2015-10-13,0.400945153581,0.599054846419,5376.98785887
2015-10-14,0.424788250747,0.575211749253,5394.78056415
2015-10-15,0.481666666667,0.518333333333,5470.17858283
2015-10-16,0.530843603513,0.469156396487,5536.96514226
2015-10-19,0.532355569238,0.467644430762,5538.80380947
2015-10-20,0.526767890426,0.473232109574,5509.91127589
2015-10-21,0.578797183928,0.421202816072,5588.84354279
2015-10-22,0.596674786253,0.403325213747,5618.13789552
2015-10-23,0.646944444444,0.353055555556,5685.90120241
2015-10-26,0.669166666667,0.330833333333,5719.38961278
2015-10-27,0.757777777778,0.242222222222,5846.10003085
2015-10-28,0.812573254658,0.187426745342,5979.02838139
2015-10-29,0.86380558506,0.13619441494,6139.97307568
2015-10-30,0.877978277875,0.122021722125,6367.98584805
2015-11-02,0.886627358293,0.113372641707,6917.63344428
2015-11-03,0.895649478416,0.104350521584,7552.8478608
2015-11-04,0.895898513509,0.104101486491,7627.90702816
2015-11-05,0.714444444444,0.285555555556,7315.12753358
2015-11-06,0.614166666667,0.385833333333,7137.73402688
2015-11-09,0.690297883343,0.309702116657,7260.14186118
2015-11-10,0.355555555556,0.644444444444,6681.90048768
2015-11-11,0.202222222222,0.797777777778,6454.49172539
2015-11-12,0.33353771307,0.66646228693,6577.81478306
2015-11-13,0.325078066808,0.674921933192,6577.1783474
2015-11-16,0.311996269973,0.688003730027,6554.23217186
2015-11-17,0.314098926568,0.685901073432,6577.14143749
2015-11-18,0.343654185807,0.656345814193,6589.2054428
2015-11-19,0.289209376505,0.710790623495,6514.84023136
2015-11-20,0.267734071125,0.732265928875,6492.21293077
2015-11-23,0.261422224209,0.738577775791,6497.53594242
2015-11-24,0.24788764356,0.75211235644,6477.50964283
2015-11-25,0.28925610842,0.71074389158,6523.29437758
2015-11-26,0.3957039478,0.6042960522,6673.17370025
2015-11-27,0.437488500845,0.562511499155,6715.81442464
2015-11-30,0.526109336298,0.473890663702,6865.56834084
2015-12-01,0.4375,0.5625,6709.97404909
2015-12-02,0.424013992603,0.575986007397,6695.0425821
2015-12-03,0.423720358235,0.576279641765,6697.63792147
2015-12-04,0.434295571281,0.565704428719,6708.22053618
2015-12-07,0.582777777778,0.417222222222,6969.19675504
2015-12-08,0.682777777778,0.317222222222,7136.7746126
2015-12-09,0.70558106189,0.29441893811,7199.73219983
2015-12-10,0.706670327754,0.293329672246,7193.48484431
2015-12-11,0.895,0.105,7611.1500152
2015-12-14,0.841666666667,0.158333333333,7491.79041352
2015-12-15,0.9,0.1,7785.59979752
2015-12-16,0.841944444444,0.158055555556,7653.41176901
2015-12-17,0.848563969606,0.151436030394,7675.3177566
2015-12-18,0.898356389364,0.101643610636,7783.96283532
2015-12-21,0.736111111111,0.263888888889,7395.17949032
2015-12-22,0.73390615573,0.26609384427,7388.18412634
2015-12-23,0.746510372912,0.253489627088,7455.03097458
2015-12-24,0.828663545711,0.171336454289,7586.57920146
2015-12-25,0.825148907626,0.174851092374,7601.37056145
2015-12-28,0.617222222222,0.382777777778,7152.32031658
2015-12-29,0.67216247678,0.32783752322,7257.95960478
2015-12-30,0.643399640831,0.356600359169,7203.70040458
2015-12-31,0.638548709397,0.361451290603,7233.99097388
2016-01-01,0.67105403354,0.32894596646,7276.9562046
2016-01-04,0.665241917898,0.334758082102,7269.3379695
2016-01-05,0.63928067131,0.36071932869,7245.31719167
2016-01-06,0.63066071118,0.36933928882,7241.11335613
2016-01-07,0.776388888889,0.223611111111,7517.23808395
2016-01-08,0.746958366529,0.253041633471,7463.44322992
2016-01-11,0.717638737449,0.282361262551,7399.64092383
2016-01-12,0.709784736123,0.290215263877,7367.75615899
2016-01-13,0.615555555556,0.384444444444,7215.34331276
2016-01-14,0.597807335594,0.402192664406,7183.76716032
2016-01-15,0.330555555556,0.669444444444,6611.29942233
2016-01-18,0.35035047488,0.64964952512,6682.40147211
2016-01-19,0.339592834574,0.660407165426,6652.20995134
2016-01-20,0.46033176138,0.53966823862,6859.95154273
2016-01-21,0.445300165306,0.554699834694,6826.72342959
2016-01-22,0.338611111111,0.661388888889,6621.05448073
2016-01-25,0.378491478631,0.621508521369,6679.83905493
2016-01-26,0.348260614701,0.651739385299,6660.27626218
2016-01-27,0.377543257529,0.622456742471,6691.10891185
2016-01-28,0.324600072023,0.675399927977,6592.48783643
2016-01-29,0.322913387529,0.677086612471,6595.84265433
2016-02-01,0.280331733995,0.719668266005,6549.92119222
2016-02-02,0.282501053505,0.717498946495,6558.4895064
2016-02-03,0.273226388328,0.726773611672,6529.17526845
2016-02-04,0.333150647537,0.666849352463,6638.24643488
2016-02-05,0.323525308744,0.676474691256,6614.4300733
2016-02-08,0.273035712864,0.726964287136,6537.28653066
2016-02-09,0.273451446452,0.726548553548,6550.15848647
2016-02-10,0.307049287224,0.692950712776,6581.07008353
2016-02-11,0.283586343585,0.716413656415,6567.92084109
2016-02-12,0.307660093993,0.692339906007,6590.1672957
2016-02-15,0.366577539369,0.633422460631,6679.42309565
2016-02-16,0.379397199919,0.620602800081,6711.95472354
2016-02-17,0.428055555556,0.571944444444,6778.55215944
2016-02-18,0.439180737395,0.560819262605,6808.06719993
2016-02-19,0.435639159197,0.564360840803,6797.95504704
2016-02-22,0.528588200408,0.471411799592,6922.4162753
2016-02-23,0.433055555556,0.566944444444,6771.71058922
2016-02-24,0.438078327527,0.561921672473,6791.35939214
2016-02-25,0.439808676026,0.560191323974,6796.69092553
2016-02-26,0.47569302956,0.52430697044,6823.33899286
2016-02-29,0.504772837563,0.495227162437,6890.53833711
2016-03-01,0.493212273941,0.506787726059,6873.09366892
2016-03-02,0.463165568485,0.536834431515,6804.95821678
2016-03-03,0.432703061759,0.567296938241,6761.61345424
2016-03-04,0.380968949104,0.619031050896,6690.7023835
2016-03-07,0.409734295176,0.590265704824,6723.91061306
2016-03-08,0.38558880386,0.61441119614,6703.88644952
2016-03-09,0.402236563299,0.597763436701,6709.06703339
2016-03-10,0.411312089217,0.588687910783,6729.04074387
2016-03-11,0.430865147966,0.569134852034,6750.6346591
2016-03-14,0.407757218376,0.592242781624,6717.0489844
2016-03-15,0.406754879786,0.593245120214,6722.4500146
2016-03-16,0.409684708734,0.590315291266,6727.55443268
2016-03-17,0.413605062775,0.586394937225,6742.42967722
2016-03-18,0.359577515225,0.640422484775,6675.09026176
2016-03-21,0.389478821203,0.610521178797,6692.06079765
2016-03-22,0.398442543753,0.601557456247,6724.3138903
2016-03-23,0.399419681212,0.600580318788,6729.26352881
2016-03-24,0.3941042751,0.6058957249,6714.77048058
2016-03-25,0.391488741261,0.608511258739,6720.91711999
2016-03-28,0.388591609025,0.611408390975,6716.38988654
2016-03-29,0.37804716632,0.62195283368,6700.16816623
2016-03-30,0.384830610043,0.615169389957,6719.87727305
2016-03-31,0.38216264945,0.61783735055,6719.71720844
2016-04-01,0.402785367698,0.597214632302,6737.19412081
2016-04-04,0.424829435112,0.575170564888,6760.00779494
2016-04-05,0.414287781116,0.585712218884,6754.36023219
2016-04-06,0.406490053674,0.593509946326,6746.82397478
2016-04-07,0.392335107698,0.607664892302,6730.65923348
2016-04-08,0.396625225057,0.603374774943,6732.88011183
2016-04-11,0.443632649979,0.556367350021,6775.0329266
2016-04-12,0.436904964779,0.563095035221,6765.96484194
2016-04-13,0.438540135025,0.561459864975,6769.78629406
2016-04-14,0.491978539371,0.508021460629,6801.65680449
2016-04-15,0.573046772584,0.426953227416,6811.33724932
2016-04-18,0.597042169031,0.402957830969,6855.24913395
2016-04-19,0.626746681307,0.373253318693,6913.61106143
2016-04-20,0.682385057424,0.317614942576,6993.24507816
2016-04-21,0.650129262207,0.349870737793,6949.70346439
2016-04-22,0.690213680259,0.309786319741,6997.8850916
2016-04-25,0.781666666667,0.218333333333,7167.55417828
2016-04-26,0.603055555556,0.396944444444,6936.78334857
2016-04-27,0.605960658088,0.394039341912,6950.51069384
2016-04-28,0.667813038431,0.332186961569,7010.7409432
2016-04-29,0.604038728877,0.395961271123,6943.51892716
2016-05-02,0.619050413199,0.380949586801,6959.59376794
2016-05-03,0.585834739627,0.414165260373,6916.39370142
2016-05-04,0.596298042024,0.403701957976,6936.98892642
2016-05-05,0.691916169345,0.308083830655,7041.72592637
2016-05-06,0.678190084693,0.321809915307,7029.87747013
2016-05-09,0.601888596456,0.398111403544,6934.23412105
2016-05-10,0.619701265168,0.380298734832,6963.17453653
2016-05-11,0.633372433148,0.366627566852,6981.40272695
2016-05-12,0.635116556956,0.364883443044,6990.9213474
2016-05-13,0.653687997934,0.346312002066,7000.71103576
2016-05-16,0.62756032923,0.37243967077,6968.38441199
2016-05-17,0.628347437482,0.371652562518,6977.73924257
2016-05-18,0.530200826613,0.469799173387,6864.86878924
2016-05-19,0.523324260251,0.476675739749,6860.25611259
2016-05-20,0.525492244688,0.474507755312,6872.66274464
2016-05-23,0.54640973838,0.45359026162,6892.50148631
2016-05-24,0.578055555556,0.421944444444,6923.07605932
2016-05-25,0.608221976576,0.391778023424,6954.00382286
2016-05-26,0.773333333333,0.226666666667,7145.46578035
2016-05-27,0.851732915105,0.148267084895,7729.40352987
2016-05-30,0.851238069408,0.148761930592,7788.40334966
2016-05-31,0.851473836129,0.148526163871,7894.66950467
2016-06-01,0.849740673943,0.150259326057,7890.89008391
2016-06-02,0.85834911259,0.14165088741,8264.51123904
2016-06-03,0.860318885579,0.139681114421,8326.04749491
2016-06-06,0.860545451429,0.139454548571,8371.5005267
2016-06-07,0.862914190912,0.137085809088,8433.18257595
2016-06-08,0.823628179031,0.176371820969,8359.5821308
2016-06-09,0.830880929566,0.169119070434,8397.81272238
2016-06-10,0.858713648176,0.141286351824,8562.9375157
2016-06-13,0.869367834318,0.130632165682,9725.45808566
2016-06-14,0.86753768153,0.13246231847,9794.88178818
2016-06-15,0.874712317724,0.125287682276,10661.321129
2016-06-16,0.796666666667,0.203333333333,10447.6463085
2016-06-17,0.831228014209,0.168771985791,10557.4012331
2016-06-20,0.411388888889,0.588611111111,9543.13422011
2016-06-21,0.193333333333,0.806666666667,9087.62828948
2016-06-22,0.258784891481,0.741215108519,9176.6669927
2016-06-23,0.354050178589,0.645949821411,9313.01520037
2016-06-24,0.371486172197,0.628513827803,9346.01274183
2016-06-27,0.323693674517,0.676306325483,9247.76044084
2016-06-28,0.29919020052,0.70080979948,9208.60079668
2016-06-29,0.390668518722,0.609331481278,9352.02697439
2016-06-30,0.395661794975,0.604338205025,9376.77429422
2016-07-01,0.453468771504,0.546531228496,9505.03557641
2016-07-04,0.346616556434,0.653383443566,9290.89735062
2016-07-05,0.386872361201,0.613127638799,9334.0234462
2016-07-06,0.284502151497,0.715497848503,9131.33144763
2016-07-07,0.341049712926,0.658950287074,9243.04317709
2016-07-08,0.321410224702,0.678589775298,9190.66832154
2016-07-11,0.365151004821,0.634848995179,9274.85931024
2016-07-12,0.337222222222,0.662777777778,9226.87596489
2016-07-13,0.330007268175,0.669992731825,9208.41288722
2016-07-14,0.335914857328,0.664085142672,9240.48088338
2016-07-15,0.333356676117,0.666643323883,9224.05205418
2016-07-18,0.359809534393,0.640190465607,9272.07708399
2016-07-19,0.337194845528,0.662805154472,9238.39361637
2016-07-20,0.336525209248,0.663474790752,9239.41124348
2016-07-21,0.308166360353,0.691833639647,9175.76770908
2016-07-22,0.326202387093,0.673797612907,9193.04943808
2016-07-25,0.320539061166,0.679460938834,9189.38005918
2016-07-26,0.326078589442,0.673921410558,9189.99931311
2016-07-27,0.319428033177,0.680571966823,9188.00263839
2016-07-28,0.32799454768,0.67200545232,9193.68585112
2016-07-29,0.320767340798,0.679232659202,9190.38268878
2016-08-01,0.0627777777778,0.937222222222,8550.31930706
2016-08-02,0.171944444444,0.828055555556,8603.97549465
2016-08-03,0.177330883468,0.822669116532,8629.46792135
2016-08-04,0.178269723256,0.821730276744,8625.30200128
2016-08-05,0.210983291887,0.789016708113,8656.33619359
2016-08-08,0.226784916779,0.773215083221,8652.31960775
2016-08-09,0.232496678297,0.767503321703,8671.32754012
2016-08-10,0.230072882863,0.769927117137,8660.72586359
2016-08-11,0.231165132043,0.768834867957,8658.33046254
2016-08-12,0.229891069292,0.770108930708,8649.62911492
2016-08-15,0.19130867925,0.80869132075,8634.01815391
2016-08-16,0.187358167605,0.812641832395,8611.63781571
2016-08-17,0.188685898563,0.811314101437,8614.5797358
2016-08-18,0.190405483227,0.809594516773,8617.87216383
2016-08-19,0.230909374999,0.769090625001,8640.20119218
2016-08-22,0.212395549152,0.787604450848,8643.12951068
2016-08-23,0.200160732412,0.799839267588,8630.66867641
2016-08-24,0.203040102896,0.796959897104,8625.54461783
2016-08-25,0.204741303699,0.795258696301,8629.79456979
2016-08-26,0.197548850474,0.802451149526,8602.20642664
2016-08-29,0.208029627461,0.791970372539,8622.82654589
2016-08-30,0.205633852388,0.794366147612,8612.11367605
2016-08-31,0.206694975089,0.793305024911,8606.2537102
2016-09-01,0.210833333333,0.789166666667,8616.46159276
2016-09-02,0.268281603825,0.731718396175,8689.95375808
2016-09-05,0.292777777778,0.707222222222,8734.7538325
2016-09-06,0.3225,0.6775,8745.85555271
2016-09-07,0.335555555556,0.664444444444,8802.55506649
2016-09-08,0.336111111111,0.663888888889,8791.15071622
2016-09-09,0.338611111111,0.661388888889,8797.56417705
2016-09-12,0.303611111111,0.696388888889,8721.15893204
2016-09-13,0.306111111111,0.693888888889,8725.16702029
2016-09-14,0.305,0.695,8718.89041711
2016-09-15,0.305833333333,0.694166666667,8717.43098392
2016-09-16,0.297222222222,0.702777777778,8714.2144503
2016-09-19,0.316111111111,0.683888888889,8723.11353715
2016-09-20,0.291111111111,0.708888888889,8668.07743049
2016-09-21,0.293055555556,0.706944444444,8661.56947858
2016-09-22,0.303611111111,0.696388888889,8692.4971684
2016-09-23,0.306111111111,0.693888888889,8691.00739012
2016-09-26,0.311944444444,0.688055555556,8703.63846685
2016-09-27,0.313055555556,0.686944444444,8700.02687641
2016-09-28,0.316666666667,0.683333333333,8700.09948718
2016-09-29,0.333333333333,0.666666666667,8715.50362227
2016-09-30,0.366388888889,0.633611111111,8740.13620985
2016-10-03,0.339722222222,0.660277777778,8716.46874751
2016-10-04,0.368888888889,0.631111111111,8729.8858166
2016-10-05,0.37,0.63,8725.38654188
2016-10-06,0.374166666667,0.625833333333,8752.08499259
2016-10-07,0.384444444444,0.615555555556,8760.52754748
2016-10-10,0.444444444444,0.555555555556,8883.95149437
2016-10-11,0.4425,0.5575,8856.45121824
2016-10-12,0.444722222222,0.555277777778,8854.00590386
2016-10-13,0.449166666667,0.550833333333,8868.31569496
2016-10-14,0.451388888889,0.548611111111,8862.7130312
2016-10-17,0.425,0.575,8851.6437721
2016-10-18,0.4075,0.5925,8814.19186461
2016-10-19,0.408888888889,0.591111111111,8810.05164368
2016-10-20,0.4125,0.5875,8822.09903859
2016-10-21,0.475833333333,0.524166666667,8965.62786386
2016-10-24,0.473888888889,0.526111111111,8936.46603461
2016-10-25,0.525277777778,0.474722222222,9089.68505862
2016-10-26,0.541388888889,0.458611111111,9143.44034059
2016-10-27,0.571111111111,0.428888888889,9171.50807321
2016-10-28,0.619166666667,0.380833333333,9389.94876612
2016-10-31,0.566388888889,0.433611111111,9256.6713751
2016-11-01,0.648055555556,0.351944444444,9466.12800835
2016-11-02,0.655277777778,0.344722222222,9523.00784986
2016-11-03,0.477164546415,0.522835453585,9106.11684737
2016-11-04,0.533055555556,0.466944444444,9214.39970911
2016-11-07,0.570833333333,0.429166666667,9236.95208208
2016-11-08,0.583888888889,0.416111111111,9277.85770723
2016-11-09,0.609444444444,0.390555555556,9357.61439793
2016-11-10,0.588055555556,0.411944444444,9303.10643296
2016-11-11,0.589166666667,0.410833333333,9306.15040324
2016-11-14,0.540555555556,0.459444444444,9225.48108223
2016-11-15,0.589444444444,0.410555555556,9270.91140964
2016-11-16,0.664444444444,0.335555555556,9493.94449714
2016-11-17,0.662222222222,0.337777777778,9470.48430493
2016-11-18,0.703055555556,0.296944444444,9549.9522698
2016-11-21,0.662222303379,0.337777696621,9452.42271932
2016-11-22,0.705833333333,0.294166666667,9563.48367159
2016-11-23,0.665297354582,0.334702645418,9488.25429222
2016-11-24,0.655630875501,0.344369124499,9439.03952223
2016-11-25,0.667024263064,0.332975736936,9481.60825722
2016-11-28,0.6525,0.3475,9420.80992067
2016-11-29,0.649444444444,0.350555555556,9414.55350385
2016-11-30,0.672263948476,0.327736051524,9497.06099287
2016-12-01,0.715,0.285,9583.49797224
2016-12-02,0.741666666667,0.258333333333,9749.78072384
2016-12-05,0.681597078999,0.318402921001,9592.99048094
2016-12-06,0.686474517678,0.313525482322,9626.46297244
2016-12-07,0.721111111111,0.278888888889,9689.8961132
2016-12-08,0.736284845259,0.263715154741,9716.35982553
2016-12-09,0.741021852404,0.258978147596,9734.80269168
2016-12-12,0.765794426639,0.234205573361,9809.16597925
2016-12-13,0.766097610339,0.233902389661,9811.76678542
2016-12-14,0.742864339105,0.257135660895,9789.69954797
2016-12-15,0.740265701729,0.259734298271,9777.57342077
2016-12-16,0.766344173242,0.233655826758,9840.9599949
2016-12-19,0.769592894728,0.230407105272,9915.56991162
2016-12-20,0.794175835315,0.205824164685,10005.0766999
2016-12-21,0.834727424424,0.165272575576,10303.7818858
2016-12-22,0.875205080565,0.124794919435,10623.9708734
2016-12-23,0.875034858245,0.124965141755,11240.2030678
2016-12-26,0.803611111111,0.196388888889,11037.1482958
2016-12-27,0.873424861236,0.126575138764,11306.2273654
2016-12-28,0.874210465284,0.125789534716,11800.9589624
2016-12-29,0.87183480897,0.12816519103,11789.3392497
2016-12-30,0.834888623506,0.165111376494,11661.0638349
2017-01-02,0.879045887437,0.120954112563,12249.1074355
2017-01-03,0.877676820887,0.122323179113,12421.0725585
2017-01-04,0.880119350388,0.119880649612,13498.187812
2017-01-05,0.4475,0.5525,11958.6670262
2017-01-06,0.2525,0.7475,11396.4839723
2017-01-09,0.28288096692,0.71711903308,11440.0855415
2017-01-10,0.291277938793,0.708722061207,11456.4255035
2017-01-11,0.149722222222,0.850277777778,11014.956258
2017-01-12,0.161944444444,0.838055555556,11066.5958092
2017-01-13,0.203229306604,0.796770693396,11098.3009993
2017-01-16,0.205555555556,0.794444444444,11105.1239247
2017-01-17,0.280122152527,0.719877847473,11303.3177222
2017-01-18,0.256111111111,0.743888888889,11205.673884
2017-01-19,0.272750585587,0.727249414413,11281.700301
2017-01-20,0.257903173481,0.742096826519,11273.4708803
2017-01-23,0.304244292391,0.695755707609,11365.5266026
2017-01-24,0.268888888889,0.731111111111,11260.883568
2017-01-25,0.270381936579,0.729618063421,11263.0891265
2017-01-26,0.277224331197,0.722775668803,11335.052168
2017-01-27,0.276726236976,0.723273763024,11343.4375732
2017-01-30,0.296116738764,0.703883261236,11352.3117222
2017-01-31,0.348320494252,0.651679505748,11514.7732291
2017-02-01,0.375290438961,0.624709561039,11584.6153238
2017-02-02,0.415756782031,0.584243217969,11679.1177902
2017-02-03,0.422748002076,0.577251997924,11722.7757482
2017-02-06,0.430277777778,0.569722222222,11779.6575961
2017-02-07,0.481128864194,0.518871135806,11901.7167409
2017-02-08,0.483333333333,0.516666666667,11934.0506612
2017-02-09,0.374166666667,0.625833333333,11513.6659514
2017-02-10,0.386388888889,0.613611111111,11595.5578855
2017-02-13,0.387185637473,0.612814362527,11585.4219568
2017-02-14,0.428409442647,0.571590557353,11643.0342146
2017-02-15,0.425277777778,0.574722222222,11642.2200058
2017-02-16,0.442777777778,0.557222222222,11758.5315765
2017-02-17,0.491568730686,0.508431269314,11845.6737883
2017-02-20,0.53590952512,0.46409047488,12000.9788236
2017-02-21,0.608298352056,0.391701647944,12246.9807948
2017-02-22,0.611158903258,0.388841096742,12256.4377941
2017-02-23,0.694287327186,0.305712672814,12598.6203633
2017-02-24,0.704695081049,0.295304918951,12632.5634636
2017-02-27,0.713894218064,0.286105781936,12725.758174
2017-02-28,0.715318531618,0.284681468382,12729.0867443
2017-03-01,0.7825,0.2175,12983.1614948
2017-03-02,0.865555555556,0.134444444444,13253.745251
2017-03-03,0.909793216655,0.0902067833454,13506.9369606
2017-03-06,0.876010561746,0.123989438254,13445.8036346
2017-03-07,0.775,0.225,13034.3999946
2017-03-08,0.573333333333,0.426666666667,12327.0180222
2017-03-09,0.666750989519,0.333249010481,12598.2839569
2017-03-10,0.510277777778,0.489722222222,12038.1338499
2017-03-13,0.717149980086,0.282850019914,12728.4833531
2017-03-14,0.719538465206,0.280461534794,12764.9362609
2017-03-15,0.732081778892,0.267918221108,12840.6857375
2017-03-16,0.563888888889,0.436111111111,12232.5994806
2017-03-17,0.400277777778,0.599722222222,11634.1508529
2017-03-20,0.364538463813,0.635461536187,11528.2907004
2017-03-21,0.453611111111,0.546388888889,11822.6018597
2017-03-22,0.346111111111,0.653888888889,11454.2565625
2017-03-23,0.339002317201,0.660997682799,11417.3710986
2017-03-24,0.215555555556,0.784444444444,11058.5502053
2017-03-27,0.319087934242,0.680912065758,11322.310095
2017-03-28,0.319416384912,0.680583615088,11313.5736331
2017-03-29,0.305461969383,0.694538030617,11299.4378068
2017-03-30,0.354396376547,0.645603623453,11435.5295728
2017-03-31,0.36318504069,0.63681495931,11461.6893067
2017-04-03,0.436944444444,0.563055555556,11673.5520565
2017-04-04,0.420726369222,0.579273630778,11620.0718972
2017-04-05,0.486385735099,0.513614264901,11873.3877744
2017-04-06,0.48548200917,0.51451799083,11882.0539117
2017-04-07,0.47661421805,0.52338578195,11834.8421348
2017-04-10,0.533888888889,0.466111111111,12024.5741382
2017-04-11,0.525105915215,0.474894084785,11981.2276967
2017-04-12,0.459000329224,0.540999670776,11791.3208995
2017-04-13,0.46243042522,0.53756957478,11796.4452889
2017-04-14,0.463835483641,0.536164516359,11794.8352489
2017-04-17,0.503554605009,0.496445394991,11929.3036592
2017-04-18,0.533085753807,0.466914246193,11974.0171894
2017-04-19,0.557295460464,0.442704539536,12093.7847909
2017-04-20,0.585331028683,0.414668971317,12156.0372587
2017-04-21,0.576519920545,0.423480079455,12106.0430428
2017-04-24,0.602912849062,0.397087150938,12237.240212
2017-04-25,0.645157662842,0.354842337158,12366.5585956
2017-04-26,0.713333333333,0.286666666667,12652.0534522
2017-04-27,0.713201200219,0.286798799781,12629.7671529
2017-04-28,0.724062921951,0.275937078049,12674.6372517
2017-05-01,0.8925,0.1075,13423.8085469
2017-05-02,0.911156910402,0.0888430895977,13751.6616
2017-05-03,0.907161542578,0.0928384574216,14014.7472766
2017-05-04,0.892366714836,0.107633285164,13938.9916235
2017-05-05,0.908558556928,0.0914414430724,14248.1353532
2017-05-08,0.906824231041,0.093175768959,15522.9712434
2017-05-09,0.912626180439,0.0873738195607,15977.3886528
2017-05-10,0.908076963632,0.0919230363681,16534.5053004
2017-05-11,0.6925,0.3075,15430.7682635
2017-05-12,0.792359583638,0.207640416362,15918.1065573
2017-05-15,0.742378892196,0.257621107804,15670.6175391
2017-05-16,0.853055555556,0.146944444444,16151.4772795
2017-05-17,0.923611111111,0.0763888888889,16758.9174882
2017-05-18,0.908471186716,0.0915288132843,17424.9458545
2017-05-19,0.922314931877,0.0776850681226,18055.3572236
2017-05-22,0.911109856589,0.0888901434109,19951.6232812
2017-05-23,0.921402170205,0.0785978297954,21332.8503748
2017-05-24,0.7725,0.2275,20216.8996613
2017-05-25,0.701960850802,0.298039149198,19792.3317182
2017-05-26,0.512636918109,0.487363081891,18594.4737236
2017-05-29,0.636818461865,0.363181538135,19241.2360129
2017-05-30,0.753888888889,0.246111111111,19856.3221738
2017-05-31,0.856944444444,0.143055555556,20562.9741816
2017-06-01,0.9175,0.0825,21144.5803159
2017-06-02,0.942465968681,0.0575340313193,21554.7708859
2017-06-05,0.954158774608,0.0458412253924,24148.8615115
2017-06-06,0.8502117725,0.1497882275,22707.2070303
2017-06-07,0.931196461431,0.0688035385693,23473.189331
2017-06-08,0.950627609212,0.0493723907883,23571.0849376
2017-06-09,0.996446310038,0.00355368996153,24276.8959394
2017-06-12,0.719444444444,0.280555555556,22701.5459345
2017-06-13,0.460833333333,0.539166666667,21211.4305619
2017-06-14,0.415323680351,0.584676319649,21111.3128625
2017-06-15,0.466752626712,0.533247373288,21346.7761768
2017-06-16,0.596691782066,0.403308217934,21923.7860009
2017-06-19,0.698638546173,0.301361453827,22408.8557533
2017-06-20,0.617560825025,0.382439174975,21969.1934219
2017-06-21,0.649208563397,0.350791436603,22197.1027357
2017-06-22,0.640555555556,0.359444444444,22130.7680867
2017-06-23,0.525389673184,0.474610326816,21496.8290282
2017-06-26,0.515369512199,0.484630487801,21468.9522449
2017-06-27,0.508759588486,0.491240411514,21442.9566202
2017-06-28,0.497930541928,0.502069458072,21360.5973921
2017-06-29,0.40545281796,0.59454718204,21033.6990231
2017-06-30,0.364435902674,0.635564097326,20839.6803176
2017-07-03,0.510064644502,0.489935355498,21437.991368
2017-07-04,0.523055555556,0.476944444444,21481.5120946
2017-07-05,0.507770017171,0.492229982829,21422.67512
2017-07-06,0.433566314022,0.566433685978,21002.3190329
2017-07-07,0.451475054636,0.548524945364,21186.4372064
2017-07-10,0.270833333333,0.729166666667,20282.6512763
2017-07-11,0.33295779401,0.66704220599,20466.6360313
2017-07-12,0.292708548414,0.707291451586,20349.87012
2017-07-13,0.202014291001,0.797985708999,20023.2278273
2017-07-14,0.0929603968242,0.907039603176,19550.5432567
2017-07-17,0.295,0.705,19860.8098869
2017-07-18,0.292729238865,0.707270761135,19765.6935739
2017-07-19,0.6225,0.3775,21233.5359641
2017-07-20,0.475346298664,0.524653701336,20347.3792549
2017-07-21,0.575833333333,0.424166666667,20927.6257672
2017-07-24,0.398611111111,0.601388888889,19842.2822457
2017-07-25,0.379246333148,0.620753666852,19770.0273433
2017-07-26,0.476666666667,0.523333333333,20155.3312915
2017-07-27,0.530277777778,0.469722222222,20563.5645502
2017-07-28,0.481944444444,0.518055555556,20277.2669546
2017-07-31,0.484805058056,0.515194941944,20325.4287608
2017-08-01,0.483677441879,0.516322558121,20230.4604378
2017-08-02,0.534722222222,0.465277777778,20550.485687
2017-08-03,0.585833333333,0.414166666667,20816.5084671
2017-08-04,0.810555555556,0.189444444444,22436.5706093
2017-08-07,0.9,0.1,23361.3719334
2017-08-08,0.85,0.15,22865.0473087
2017-08-09,0.9,0.1,23309.0779798
2017-08-10,0.918721247967,0.0812787520329,24708.9872306
2017-08-11,0.922930579277,0.0770694207232,26058.5278474
2017-08-14,0.927914618526,0.0720853814737,27860.2346973
2017-08-15,0.931194723766,0.0688052762338,29262.5032655
2017-08-16,0.8625,0.1375,28584.8346644
2017-08-17,0.761111111111,0.238888888889,27579.3583461
2017-08-18,0.797222222222,0.202777777778,27807.9723373
2017-08-21,0.757097818854,0.242902181146,27481.383768
2017-08-22,0.767820288592,0.232179711408,27742.3631487
2017-08-23,0.860833333333,0.139166666667,28649.4126164
2017-08-24,0.89763443891,0.10236556109,28910.4283982
2017-08-25,0.893355590056,0.106644409944,28838.1870315
2017-08-28,0.92410685675,0.0758931432499,30287.0076746
2017-08-29,0.919928393564,0.0800716064363,30199.7700296
2017-08-30,0.919424844493,0.0805751555069,31121.5436877
2017-08-31,0.918971048629,0.0810289513714,32249.7974526
2017-09-01,0.736944444444,0.263055555556,30142.6557319
2017-09-04,0.643333333333,0.356666666667,29337.4544088
2017-09-05,0.7425,0.2575,30229.6106888
2017-09-06,0.740555555556,0.259444444444,30311.5317556
2017-09-07,0.584722222222,0.415277777778,28805.8780971
2017-09-08,0.581666666667,0.418333333333,28839.4651904
2017-09-11,0.518392803836,0.481607196164,28154.548544
2017-09-12,0.421666666667,0.578333333333,27137.2100811
2017-09-13,0.194722222222,0.805277777778,25272.7929853
2017-09-14,0.332777777778,0.667222222222,25981.1614022
2017-09-15,0.319415732578,0.680584267422,25945.9642414
2017-09-18,0.379722222222,0.620277777778,26411.8219731
2017-09-19,0.36389687607,0.63610312393,26344.856657
2017-09-20,0.280427806647,0.719572193353,25687.1789661
2017-09-21,0.278333333333,0.721666666667,25654.3801853
2017-09-22,0.325984737274,0.674015262726,26023.6622292
2017-09-25,0.372777777778,0.627222222222,26255.9719495
2017-09-26,0.444348875355,0.555651124645,27056.5295641
2017-09-27,0.443333333333,0.556666666667,27009.2890501
2017-09-28,0.429166666667,0.570833333333,26943.3560012
2017-09-29,0.479333167723,0.520666832277,27461.7303231
2017-10-02,0.477777777778,0.522222222222,27321.4816831
2017-10-03,0.443405995494,0.556594004506,27030.8896479
2017-10-04,0.478603938742,0.521396061258,27321.316582
2017-10-05,0.479166666667,0.520833333333,27473.9950063
2017-10-06,0.526197636185,0.473802363815,27663.9330121
2017-10-09,0.633918920302,0.366081079698,28733.8514172
2017-10-10,0.640833333333,0.359166666667,28966.2744686
2017-10-11,0.876388888889,0.123611111111,31295.2618193
2017-10-12,0.938055555556,0.0619444444444,32324.7815194
2017-10-13,0.930612459302,0.0693875406976,33332.4611733
2017-10-16,0.8375,0.1625,32122.1682315
2017-10-17,0.836388888889,0.163611111111,32012.8141219
2017-10-18,0.885833333333,0.114166666667,32599.6192762
2017-10-19,0.936411953376,0.0635880466243,34088.8191603
2017-10-20,0.927003578578,0.0729964214218,34160.2870501
2017-10-23,0.731944444444,0.268055555556,31545.3003473
2017-10-24,0.783888888889,0.216111111111,32467.7428345
2017-10-25,0.846277794788,0.153722205212,33145.7975202
2017-10-26,0.824587576545,0.175412423455,32558.292498
2017-10-27,0.797096655089,0.202903344911,32379.8200836
2017-10-30,0.934166666667,0.0658333333333,34163.9320821
2017-10-31,0.92555024199,0.0744497580097,35866.9837988
2017-11-01,0.925440757126,0.0745592428738,37341.2360031
2017-11-02,0.924801850019,0.0751981499806,38813.1140106
2017-11-03,0.923171057064,0.0768289429363,39463.4031895
2017-11-06,0.875833333333,0.124166666667,38477.2779658
2017-11-07,0.927878987019,0.0721210129808,39168.4300258
2017-11-08,0.925747570539,0.0742524294606,40915.9812412
2017-11-09,0.820833333333,0.179166666667,39306.0526818
2017-11-10,0.643055555556,0.356944444444,36741.7211673
2017-11-13,0.615277777778,0.384722222222,36583.7986394
2017-11-14,0.642981275442,0.357018724558,36839.4495621
2017-11-15,0.814722222222,0.185277777778,39292.1373589
2017-11-16,0.927777777778,0.0722222222222,41791.4877908
2017-11-17,0.883333333333,0.116666666667,41028.9276651
2017-11-20,0.925511933621,0.0744880663789,43590.0196343
2017-11-21,0.881388888889,0.118611111111,42878.1323875
2017-11-22,0.923411714055,0.0765882859452,43502.5880911
2017-11-23,0.859166666667,0.140833333333,42418.3770972
2017-11-24,0.885717259495,0.114282740505,43268.5955922
2017-11-27,0.925230274543,0.0747697254568,50427.7500658
2017-11-28,0.916036200529,0.0839637994713,51255.2297491
2017-11-29,0.900352815707,0.0996471842928,50930.5254689
2017-11-30,0.922848880385,0.0771511196145,51435.9273325
2017-12-01,0.917274008169,0.0827259918314,55799.8806737
2017-12-04,0.927453584586,0.0725464154136,59392.2407659
2017-12-05,0.914910062715,0.0850899372846,59595.5314172
2017-12-06,0.928977115466,0.0710228845342,69327.246065
2017-12-07,0.926272611484,0.0737273885161,83849.131322
2017-12-08,0.804166666667,0.195833333333,80129.3859079
2017-12-11,0.884659104035,0.115340895965,82867.5076243
2017-12-12,0.932418120845,0.067581879155,84399.6498217
2017-12-13,0.801111111111,0.198888888889,80706.311883
2017-12-14,0.819278163113,0.180721836887,81422.5456415
2017-12-15,0.930716405794,0.0692835942058,86011.4540125
2017-12-18,0.922604799412,0.0773952005882,92227.3789782
2017-12-19,0.730833333333,0.269166666667,85696.1315932
2017-12-20,0.599166666667,0.400833333333,81881.0913945
2017-12-21,0.530129808862,0.469870191138,79398.6864751
2017-12-22,0.357237387461,0.642762612539,74079.7449551
2017-12-25,0.365346247246,0.634653752754,74405.3239193
2017-12-26,0.510123061353,0.489876938647,78167.3004235
2017-12-27,0.474444444444,0.525555555556,77302.3434097
2017-12-28,0.40008275516,0.59991724484,74871.8307467
2017-12-29,0.397495571268,0.602504428732,74858.7060837
2018-01-01,0.329236690376,0.670763309624,72891.6028271
2018-01-02,0.401113571811,0.598886428189,75221.1226509
2018-01-03,0.445277777778,0.554722222222,76038.5467039
2018-01-04,0.442777777778,0.557222222222,76090.5154628
2018-01-05,0.571170045849,0.428829954151,80013.9783512
2018-01-08,0.398333333333,0.601666666667,74657.8812571
2018-01-09,0.358855628409,0.641144371591,73645.1177563
2018-01-10,0.39303159827,0.60696840173,74464.9012171
2018-01-11,0.2825,0.7175,71291.3582455
2018-01-12,0.305517639871,0.694482360129,72096.0370131
2018-01-15,0.285800688625,0.714199311375,71760.7257509
2018-01-16,0.156111111111,0.843888888889,68212.6237333
2018-01-17,0.143055555556,0.856944444444,68097.9723781
2018-01-18,0.141666666667,0.858333333333,68108.9516009
2018-01-19,0.167289548944,0.832710451056,68404.9106246
2018-01-22,0.11815166609,0.88184833391,67696.9381493
2018-01-23,0.116944444444,0.883055555556,67729.0466706
2018-01-24,0.16549644069,0.83450355931,68139.5628146
2018-01-25,0.136111111111,0.863888888889,67886.1976072
2018-01-26,0.134444444444,0.865555555556,67826.8180197
2018-01-29,0.148611111111,0.851388888889,67931.6331076
2018-01-30,0.0825,0.9175,66911.9002166
2018-01-31,0.0819444444444,0.918055555556,66977.0277786
2018-02-01,0.0466666666667,0.953333333333,66376.5612502
2018-02-02,0.0450061603885,0.954993839612,66293.6115631
2018-02-05,0.0125760500884,0.987423949912,65640.1701033
2018-02-06,0.0245600888286,0.975439911171,65729.7103543
2018-02-07,0.0326207995809,0.967379200419,65705.8564066
2018-02-08,0.0598199997472,0.940180000253,65891.2097212
2018-02-09,0.0883492348418,0.911650765158,66095.9454353
2018-02-12,0.118361697894,0.881638302106,66236.2263393
2018-02-13,0.0763407156616,0.923659284338,65908.7273224
2018-02-14,0.14852109889,0.85147890111,66454.3032833
2018-02-15,0.195365827925,0.804634172075,67019.3523473
2018-02-16,0.208549868273,0.791450131727,67220.1475407
2018-02-19,0.309980534102,0.690019465898,68575.6647658
2018-02-20,0.313581915485,0.686418084515,68716.3203845
2018-02-21,0.253566440645,0.746433559355,67227.011184
2018-02-22,0.207121078979,0.792878921021,66191.7308017
2018-02-23,0.223995996984,0.776004003016,66646.2089693
2018-02-26,0.229812230533,0.770187769467,66867.2940458
2018-02-27,0.275668077254,0.724331922746,67260.9716473
2018-02-28,0.236986482055,0.763013517945,66800.8523159
2018-03-01,0.293652044063,0.706347955937,67706.0017396
2018-03-02,0.328172410449,0.671827589551,67908.5453711
2018-03-05,0.343704951016,0.656295048984,68709.9040492
2018-03-06,0.296000344455,0.703999655545,67249.4625672
2018-03-07,0.235541489023,0.764458510977,65747.334376
2018-03-08,0.182776792036,0.817223207964,64787.5499761
2018-03-09,0.185155315388,0.814844684612,64705.8148773
2018-03-12,0.151602942772,0.848397057228,64558.4878916
2018-03-13,0.153551455958,0.846448544042,64577.5066793
2018-03-14,0.118277607738,0.881722392262,63554.5216891
2018-03-15,0.119255954786,0.880744045214,63600.8656118
2018-03-16,0.119808611714,0.880191388286,63614.4142318
2018-03-19,0.135828498677,0.864171501323,63925.6806857
2018-03-20,0.155432256921,0.844567743079,64223.323325
2018-03-21,0.159857498636,0.840142501364,64212.2628815
2018-03-22,0.142173117296,0.857826882704,63995.6786809
2018-03-23,0.134707846915,0.865292153085,64213.1500214
2018-03-26,0.114286908045,0.885713091955,63122.027189
2018-03-27,0.108753671333,0.891246328667,63260.8629542
2018-03-28,0.118135010232,0.881864989768,62520.9373055
2018-03-29,0.0932851175685,0.906714882431,62255.4976808
2018-03-30,0.0661708482183,0.933829151782,62328.2534162
2018-04-02,0.0841611535608,0.915838846439,62617.906915
2018-04-03,0.102564136011,0.897435863989,62176.1408533
2018-04-04,0.0806804478399,0.91931955216,62150.0233617
2018-04-05,0.0288899125735,0.971110087426,62028.9044163
2018-04-06,0.0389182552386,0.961081744761,62104.0655628
2018-04-09,0.0372708161002,0.9627291839,62087.7732289
2018-04-10,0.0374009627906,0.962599037209,62123.4399165
2018-04-11,0.0802242022322,0.919775797768,62435.2880141
2018-04-12,0.148985771371,0.851014228629,62408.5859604
2018-04-13,0.180365091611,0.819634908389,62550.1691641
2018-04-16,0.184497886718,0.815502113282,62407.5540571
2018-04-17,0.190568164692,0.809431835308,62797.4454102
2018-04-18,0.192209587792,0.807790412208,62960.8383271
2018-04-19,0.199675278091,0.800324721909,63799.0054693
2018-04-20,0.219838354798,0.780161645202,63880.7182488
2018-04-23,0.248307011502,0.751692988498,65010.4507277
2018-04-24,0.277615342452,0.722384657548,63697.033608
2018-04-25,0.309062424453,0.690937575547,64508.2440014
2018-04-26,0.251245679287,0.748754320713,63763.6895067
2018-04-27,0.273427020135,0.726572979865,64502.173306
2018-04-30,0.278760415184,0.721239584816,63983.6133352
2018-05-01,0.269831547257,0.730168452743,63982.4707327
2018-05-02,0.281736308033,0.718263691967,64157.6654574
