,perf
2010-07-19,
2010-07-20,0.0010206212988422296
2010-07-21,0.0007426986339741546
2010-07-22,0.0008762427718245498
2010-07-23,0.0007913277302859703
2010-07-26,0.0008506735193673125
2010-07-27,0.0008389619336840078
2010-07-28,0.0009563447369295955
2010-07-29,0.0008823639450501486
2010-07-30,0.0009366560947123032
2010-08-02,0.0008552690507389184
2010-08-03,0.000823154808622699
2010-08-04,0.0008664272987430917
2010-08-05,0.0008802588933414219
2010-08-06,0.0008452432155446142
2010-08-09,0.000963304389725293
2010-08-10,0.0009323010447678915
2010-08-11,0.0009635717977308256
2010-08-12,0.000906714466330499
2010-08-13,0.0009330404282491427
2010-08-16,0.000963245469172375
2010-08-17,0.0009357241700531919
2010-08-18,0.0009178353256257221
2010-08-19,0.0009013225461542115
2010-08-20,0.0009137071307578447
2010-08-23,0.0008944422213744154
2010-08-24,0.0008916900914624968
2010-08-25,0.0008806815718148226
2010-08-26,0.0008944422213744154
2010-08-27,0.0008820576367707819
2010-08-30,0.0008244161209436567
2010-08-31,0.0008521101118670031
2010-09-01,0.0008588836421680058
2010-09-02,0.0008234030679512452
2010-09-03,0.0008387988639278743
2010-09-06,0.0008199470078398638
2010-09-07,0.0008309704505169181
2010-09-08,0.0008208099160898728
2010-09-09,0.0008276326018888042
2010-09-10,0.0008457605387587777
2010-09-13,0.0008227102311115268
2010-09-14,0.0008050163161938853
2010-09-15,0.0008157693042653953
2010-09-16,0.000785760783779684
2010-09-17,0.0007964528480545735
2010-09-20,0.000809564984937758
2010-09-21,0.0008047824036545392
2010-09-22,0.0008058792196589324
2010-09-23,0.0008047019068397926
2010-09-24,0.000802798043987913
2010-09-27,0.0008014974410480519
2010-09-28,0.0008014626821911022
2010-09-29,0.0008013054343955782
2010-09-30,0.0008019762691719069
2010-10-01,0.000795180857740337
2010-10-04,0.0007951003876431666
2010-10-05,0.0008093501777748862
2010-10-06,0.0008633412181326855
2010-10-07,0.001119122161116516
2010-10-08,0.001208677705385393
2010-10-11,0.001222851964190538
2010-10-12,0.0013529974314014134
2010-10-13,0.00131434036193284
2010-10-14,0.0013529974314014145
2010-10-15,0.0013014546721099834
2010-10-18,0.0012499119128185504
2010-10-19,0.001275683292464268
2010-10-20,0.0013787688110471358
2010-10-21,0.0013207832068442764
2010-10-22,0.0013594402763128508
2010-10-25,0.0019367191803768764
2010-10-26,0.0024185015241675106
2010-10-27,0.002228383878402612
2010-10-28,0.0023547176131400557
2010-10-29,0.002440391989703938
2010-11-01,0.0023989806054255714
2010-11-02,0.0023797062771999463
2010-11-03,0.0023726501352422614
2010-11-04,0.0027425389718893226
2010-11-05,0.0030726501766488363
2010-11-08,0.0028873696908989
2010-11-09,0.0026302903005317032
2010-11-10,0.0027219461703347565
2010-11-11,0.002644544237398181
2010-11-12,0.002798055557259098
2010-11-15,0.0027979970924797174
2010-11-16,0.002574536378466158
2010-11-17,0.0025854096999586088
2010-11-18,0.0026565124747823217
2010-11-19,0.002692344966974044
2010-11-22,0.002716514752401058
2010-11-23,0.002699157184526295
2010-11-24,0.00269934025278921
2010-11-25,0.0026899597297002924
2010-11-26,0.002703007369552053
2010-11-29,0.0025243159807235584
2010-11-30,0.002502365322278614
2010-12-01,0.002512225085724513
2010-12-02,0.00253455570368583
2010-12-03,0.002529489421254842
2010-12-06,0.002471782835566614
2010-12-07,0.002484948006242099
2010-12-08,0.0024891454112120908
2010-12-09,0.002457335581021838
2010-12-10,0.0024590737305435735
2010-12-13,0.002469060638972406
2010-12-14,0.0024784872479109914
2010-12-15,0.0024703247783901473
2010-12-16,0.0024797903019208463
2010-12-17,0.0024699339930920636
2010-12-20,0.0024925936940300908
2010-12-21,0.002457131879773116
2010-12-22,0.0024664931549012825
2010-12-23,0.0024664866446203965
2010-12-24,0.002464175343902193
2010-12-27,0.0024835770493895175
2010-12-28,0.0025069970793299957
2010-12-29,0.0025421128539131694
2010-12-30,0.0025420105675580695
2010-12-31,0.0025419228065283388
2011-01-03,0.002529167751928527
2011-01-04,0.0025384298440227506
2011-01-05,0.0025375397430911074
2011-01-06,0.002532872503997789
2011-01-07,0.002624303086746017
2011-01-10,0.002658042858686676
2011-01-11,0.0026579645151328453
2011-01-12,0.002613044412714285
2011-01-13,0.0026066319212742013
2011-01-14,0.0030421825682317564
2011-01-17,0.002668722874591108
2011-01-18,0.002488678164938322
2011-01-19,0.00248864495456235
2011-01-20,0.0027651859199401556
2011-01-21,0.0029576379979687744
2011-01-24,0.0029576379979687744
2011-01-25,0.0028879056422177344
2011-01-26,0.0029372113483043297
2011-01-27,0.0029667947719562867
2011-01-28,0.0031414778449487895
2011-01-31,0.0036627095950070346
2011-02-01,0.004930570608662046
2011-02-02,0.005043269365431351
2011-02-03,0.004860133885681233
2011-02-04,0.0057124182337491185
2011-02-07,0.006268868345297489
2011-02-08,0.006466091169643729
2011-02-09,0.007677602804913453
2011-02-10,0.006894762748830043
2011-02-11,0.007354989490071886
2011-02-14,0.00735496433103856
2011-02-15,0.007233821121110297
2011-02-16,0.0072336172057197515
2011-02-17,0.0071786466787200996
2011-02-18,0.006414187643412896
2011-02-21,0.006194956925351651
2011-02-22,0.0062860861199980494
2011-02-23,0.006369269570631525
2011-02-24,0.006658173809343033
2011-02-25,0.0063246653684221315
2011-02-28,0.006177725907237203
2011-03-01,0.006321827193418528
2011-03-02,0.0063754819040471
2011-03-03,0.006373008061866757
2011-03-04,0.006259529171012927
2011-03-07,0.006217407978688187
2011-03-08,0.006180518501299
2011-03-09,0.00616781504104349
2011-03-10,0.006322969272308392
2011-03-11,0.006177383883961215
2011-03-14,0.006210504738319991
2011-03-15,0.006152065005055201
2011-03-16,0.006130372780413801
2011-03-17,0.006057593731316186
2011-03-18,0.006039542906187299
2011-03-21,0.0059253479812269964
2011-03-22,0.006000252023335881
2011-03-23,0.006073746095563146
2011-03-24,0.0061078199984469245
2011-03-25,0.0061448021396668774
2011-03-28,0.005927368182157591
2011-03-29,0.00592261051700049
2011-03-30,0.005913913416516858
2011-03-31,0.005895134072650192
2011-04-01,0.005907238789264842
2011-04-04,0.00578616870237402
2011-04-05,0.005821759837594433
2011-04-06,0.005840540674906455
2011-04-07,0.005834501141632076
2011-04-08,0.005802909073747457
2011-04-11,0.005969658851429867
2011-04-12,0.0061048994085349095
2011-04-13,0.006305581512218768
2011-04-14,0.006271104974557592
2011-04-15,0.006495921244611491
2011-04-18,0.007146515313001548
2011-04-19,0.006838796512596944
2011-04-20,0.00718848736459419
2011-04-21,0.008363710331398376
2011-04-22,0.010083906073315467
2011-04-25,0.010617759924255163
2011-04-26,0.011270247964292535
2011-04-27,0.013109077895306845
2011-04-28,0.017083323230079144
2011-04-29,0.020758627273300318
2011-05-02,0.02022930071806819
2011-05-03,0.020222031533964634
2011-05-04,0.019765217158902768
2011-05-05,0.020365482204033048
2011-05-06,0.021457925778136634
2011-05-09,0.03420984806580379
2011-05-10,0.03305948862809963
2011-05-11,0.03569175188573002
2011-05-12,0.042367057455386416
2011-05-13,0.0393066811494805
2011-05-16,0.03928511849573653
2011-05-17,0.03864295851641728
2011-05-18,0.03852116257043433
2011-05-19,0.03642812188915051
2011-05-20,0.03694374309660613
2011-05-23,0.03853096915438781
2011-05-24,0.03997510353754935
2011-05-25,0.040631756158149054
2011-05-26,0.04006489794631314
2011-05-27,0.03972145222943876
2011-05-30,0.04039810875891621
2011-05-31,0.04184258828325468
2011-06-01,0.04372805176418191
2011-06-02,0.05131186130333353
2011-06-03,0.060420876716145946
2011-06-06,0.0688556588322962
2011-06-07,0.07719776239738158
2011-06-08,0.0762910309032004
2011-06-09,0.07023934697816736
2011-06-10,0.06377296319778766
2011-06-13,0.06395860782262276
2011-06-14,0.06396829888542163
2011-06-15,0.06382597306965894
2011-06-16,0.06375052504095499
2011-06-17,0.06381968567677603
2011-06-20,0.06385512344438544
2011-06-21,0.06385512344438544
2011-06-22,0.06385512344438544
2011-06-23,0.06385512344438544
2011-06-24,0.06385512344438544
2011-06-27,0.06382311524694137
2011-06-28,0.06381739943003344
2011-06-29,0.06377453123190618
2011-06-30,0.06373452091365407
2011-07-01,0.06373452091365407
2011-07-04,0.06359129459403282
2011-07-05,0.06367205068851106
2011-07-06,0.06367205068851106
2011-07-07,0.06365175426533907
2011-07-08,0.06365477713687531
2011-07-11,0.06363820862281666
2011-07-12,0.06363393811404004
2011-07-13,0.06363493449175327
2011-07-14,0.06361598414820124
2011-07-15,0.06360294327086803
2011-07-18,0.06362208035327016
2011-07-19,0.06359612840241406
2011-07-20,0.06357808334295945
2011-07-21,0.06359432637790176
2011-07-22,0.06358473136239856
2011-07-25,0.06363510345037919
2011-07-26,0.06364744646176525
2011-07-27,0.06350053949846479
2011-07-28,0.06349952423527022
2011-07-29,0.06350723796471246
2011-08-01,0.06306457163887387
2011-08-02,0.06263432243310135
2011-08-03,0.06281422802832103
2011-08-04,0.06252043470223931
2011-08-05,0.06178808555796502
2011-08-08,0.06218532907257528
2011-08-09,0.06217582314968507
2011-08-10,0.06194270554126394
2011-08-11,0.061941768360272265
2011-08-12,0.06225699003352778
2011-08-15,0.06266897007724095
2011-08-16,0.06265343178728365
2011-08-17,0.0625476598786962
2011-08-18,0.0633505015015676
2011-08-19,0.063051680834096
2011-08-22,0.06224110248414449
2011-08-23,0.06203056427962445
2011-08-24,0.05902239718018721
2011-08-25,0.05552973057412158
2011-08-26,0.056229361686790456
2011-08-29,0.05663027240241039
2011-08-30,0.05535348882541112
2011-08-31,0.055370049126121444
2011-09-01,0.056159557532186474
2011-09-02,0.05579064510477398
2011-09-05,0.05210160012154746
2011-09-06,0.052244983072009775
2011-09-07,0.051788867898237084
2011-09-08,0.05173177676231023
2011-09-09,0.05173177676231023
2011-09-12,0.0517065575211386
2011-09-13,0.05145523884172576
2011-09-14,0.048077443924664995
2011-09-15,0.04805495838776602
2011-09-16,0.048000296638059096
2011-09-19,0.04935614524149936
2011-09-20,0.04680454208977311
2011-09-21,0.04617976125678092
2011-09-22,0.046648973775638994
2011-09-23,0.04634478695116824
2011-09-26,0.043917302440891794
2011-09-27,0.04364210662807829
2011-09-28,0.04365168910885799
2011-09-29,0.04400409942800532
2011-09-30,0.04371143297939297
2011-10-03,0.04346372076179691
2011-10-04,0.043272122021056444
2011-10-05,0.04302414560394002
2011-10-06,0.04253436373385795
2011-10-07,0.04235637050159963
2011-10-10,0.042258533955802285
2011-10-11,0.042380938296368895
2011-10-12,0.04209972694347436
2011-10-13,0.041988676566397036
2011-10-14,0.0417650415195992
2011-10-17,0.04062174989778255
2011-10-18,0.040368861907941235
2011-10-19,0.040446681226670785
2011-10-20,0.04117459138824952
2011-10-21,0.04458665114832009
2011-10-24,0.04081361545899387
2011-10-25,0.04081123466475879
2011-10-26,0.042588533094193345
2011-10-27,0.044056822670850884
2011-10-28,0.048299942153947645
2011-10-31,0.043829083984916334
2011-11-01,0.042840770954219856
2011-11-02,0.0437660320501867
2011-11-03,0.042754940324323164
2011-11-04,0.0423674561418242
2011-11-07,0.04141013204896289
2011-11-08,0.041669575844562136
2011-11-09,0.04084688946674357
2011-11-10,0.03990239235881857
2011-11-11,0.04171734361139216
2011-11-14,0.03332968807090813
2011-11-15,0.03336192762905298
2011-11-16,0.03371958383610377
2011-11-17,0.03248326572125502
2011-11-18,0.03237736724337921
2011-11-21,0.03253590147201811
2011-11-22,0.03264426733398873
2011-11-23,0.032643644400155415
2011-11-24,0.03291644425054516
2011-11-25,0.03318712269885771
2011-11-28,0.03334613664142634
2011-11-29,0.03421587652286424
2011-11-30,0.035479588667312344
2011-12-01,0.03611021255874789
2011-12-02,0.03655923732483158
2011-12-05,0.03455811969053264
2011-12-06,0.03557657766826706
2011-12-07,0.03526111998603164
2011-12-08,0.03518583072831138
2011-12-09,0.03510866301268879
2011-12-12,0.03639116295358934
2011-12-13,0.0373551016837071
2011-12-14,0.03637306936234734
2011-12-15,0.036820857769047935
2011-12-16,0.03681794278447452
2011-12-19,0.04001835304088744
2011-12-20,0.044906958668036415
2011-12-21,0.04422482765029478
2011-12-22,0.04422482765029478
2011-12-23,0.04490695866803642
2011-12-26,0.045702778188735006
2011-12-27,0.04627122070351971
2011-12-28,0.047635482739002956
2011-12-29,0.047408105733089075
2011-12-30,0.04831761375674455
2012-01-02,0.05934539854356696
2012-01-03,0.055479989443031986
2012-01-04,0.06332449614705939
2012-01-05,0.07901350955511223
2012-01-06,0.07617129698119016
2012-01-09,0.07196482237178535
2012-01-10,0.07230588788065603
2012-01-11,0.07844506704032823
2012-01-12,0.07730818201075938
2012-01-13,0.07287433039544085
2012-01-16,0.07594391997527694
2012-01-17,0.0634414916869889
2012-01-18,0.06490392041718343
2012-01-19,0.06728677508211987
2012-01-20,0.06804785131364768
2012-01-23,0.067133090000005
2012-01-24,0.06671051659070212
2012-01-25,0.06344575761342104
2012-01-26,0.06145397864289702
2012-01-27,0.06125815449946785
2012-01-30,0.06204022866348297
2012-01-31,0.061999932045814055
2012-02-01,0.06432258695346435
2012-02-02,0.0644288238938106
2012-02-03,0.06368237406248108
2012-02-06,0.06097449841515061
2012-02-07,0.061878502432191035
2012-02-08,0.06153524151601079
2012-02-09,0.0623945027356158
2012-02-10,0.06273976956220796
2012-02-13,0.05976443601960488
2012-02-14,0.057263785190812676
2012-02-15,0.057061037782776
2012-02-16,0.05698467205321881
2012-02-17,0.05710744945504243
2012-02-20,0.057023962720811255
2012-02-21,0.056908262687306026
2012-02-22,0.05704429794686695
2012-02-23,0.05796116396358056
2012-02-24,0.05800717600333712
2012-02-27,0.057838427204937135
2012-02-28,0.05761881855303152
2012-02-29,0.05759299303398491
2012-03-01,0.05774345270813183
2012-03-02,0.05717751094728374
2012-03-05,0.05781561995398537
2012-03-06,0.05784103150106304
2012-03-07,0.05770516758626349
2012-03-08,0.05767706593680164
2012-03-09,0.05748343931871242
2012-03-12,0.05756351111952465
2012-03-13,0.05862201900232929
2012-03-14,0.05899286370294171
2012-03-15,0.058751644046303377
2012-03-16,0.05878750526500795
2012-03-19,0.05533575802283909
2012-03-20,0.05593865132878612
2012-03-21,0.055784772140720154
2012-03-22,0.05527382777449912
2012-03-23,0.055227425666810236
2012-03-26,0.055772822947710465
2012-03-27,0.0556755492047193
2012-03-28,0.05576820471459261
2012-03-29,0.055989494244041114
2012-03-30,0.05628453105159311
2012-04-02,0.05653036571647546
2012-04-03,0.05626985952218156
2012-04-04,0.05633027933698772
2012-04-05,0.05652220478699305
2012-04-06,0.05474210226443032
2012-04-09,0.05540865412454152
2012-04-10,0.05593445902854423
2012-04-11,0.055867052052072645
2012-04-12,0.05599497311819887
2012-04-13,0.056130907947953126
2012-04-16,0.05626648586078813
2012-04-17,0.057242768694161214
2012-04-18,0.057391432252244946
2012-04-19,0.058977046612264425
2012-04-20,0.05813274395423933
2012-04-23,0.05660569616043115
2012-04-24,0.05683102534864274
2012-04-25,0.05658543509749504
2012-04-26,0.05665414571347212
2012-04-27,0.05556744493817963
2012-04-30,0.055715547398526875
2012-05-01,0.05624446045366965
2012-05-02,0.05672269713182984
2012-05-03,0.056198963774340985
2012-05-04,0.056279436364658854
2012-05-07,0.056024200048755246
2012-05-08,0.055938099917375785
2012-05-09,0.05427256969651852
2012-05-10,0.054943099860914675
2012-05-11,0.05486480661316183
2012-05-14,0.05555147699301765
2012-05-15,0.05596670864633957
2012-05-16,0.05605219992534753
2012-05-17,0.05622491603413512
2012-05-18,0.05604187659151971
2012-05-21,0.056039805451479796
2012-05-22,0.056375083065562555
2012-05-23,0.05614891112746204
2012-05-24,0.05640143435911959
2012-05-25,0.05584280227756143
2012-05-28,0.05628185921194928
2012-05-29,0.056157625624639884
2012-05-30,0.05653171594825323
2012-05-31,0.05751392722920646
2012-06-01,0.05729565805566131
2012-06-04,0.05936921520434032
2012-06-05,0.05958748437788546
2012-06-06,0.06100623400592893
2012-06-07,0.06144277235301923
2012-06-08,0.06067883024561122
2012-06-11,0.06220671446042724
2012-06-12,0.06471680995619634
2012-06-13,0.06493507912974149
2012-06-14,0.07093748140223258
2012-06-15,0.06984613553450703
2012-06-18,0.07093748140223259
2012-06-19,0.07279276937736606
2012-06-20,0.0729019039641386
2012-06-21,0.07148315433609541
2012-06-22,0.07017353929482474
2012-06-25,0.07006440470805217
2012-06-26,0.07257450020382099
2012-06-27,0.07213796185673077
2012-06-28,0.07257450020382099
2012-06-29,0.0730110385509112
2012-07-02,0.07039180846836991
2012-07-03,0.07104661598900526
2012-07-04,0.07279276937736616
2012-07-05,0.07257450020382106
2012-07-06,0.07377498065831915
2012-07-09,0.07857690247631145
2012-07-10,0.07803122954244872
2012-07-11,0.08468843933557403
2012-07-12,0.08370622805462119
2012-07-13,0.08228747842657817
2012-07-16,0.09603843635991831
2012-07-17,0.09942160854986658
2012-07-18,0.09680237846732603
2012-07-19,0.09298266793028767
2012-07-20,0.09658410929378113
2012-07-23,0.09385574462446801
2012-07-24,0.09603843635991857
2012-07-25,0.09712978222764382
2012-07-26,0.09712978222764382
2012-07-27,0.0970206476408713
2012-07-30,0.10204083863240741
2012-07-31,0.1042235303678578
2012-08-01,0.11491871987156442
2012-08-02,0.1197206416895547
2012-08-03,0.1198297762763272
2012-08-06,0.12113939131759724
2012-08-07,0.12070285297050723
2012-08-08,0.12070285297050723
2012-08-09,0.12430429433399974
2012-08-10,0.1256139093752697
2012-08-13,0.13303506127579945
2012-08-14,0.14460332747368346
2012-08-15,0.14733169214299552
2012-08-16,0.12602197360657197
2012-08-17,0.12617326829351172
2012-08-20,0.11701222978322431
2012-08-21,0.11675409831885351
2012-08-22,0.1173240382277791
2012-08-23,0.11836478158860907
2012-08-24,0.11812739295926662
2012-08-27,0.1192274694342506
2012-08-28,0.11916830679601889
2012-08-29,0.11874829084551049
2012-08-30,0.1169828757486135
2012-08-31,0.11659019993473649
2012-09-03,0.11728286591280115
2012-09-04,0.11858673460751624
2012-09-05,0.11905861516172196
2012-09-06,0.11848012922212967
2012-09-07,0.1185851589463556
2012-09-10,0.11932723361633145
2012-09-11,0.11941664099500064
2012-09-12,0.11953496331915368
2012-09-13,0.12032515765282134
2012-09-14,0.12057563372143888
2012-09-17,0.12214958781834166
2012-09-18,0.12340824624231111
2012-09-19,0.12205557025413126
2012-09-20,0.12242080625479101
2012-09-21,0.12184047537150318
2012-09-24,0.1216768771255464
2012-09-25,0.12194346735503665
2012-09-26,0.12205954265264703
2012-09-27,0.12242755742025481
2012-09-28,0.12227829435944063
2012-10-01,0.12457954591936003
2012-10-02,0.12486334413838474
2012-10-03,0.12460945765705107
2012-10-04,0.12361031437652531
2012-10-05,0.12249732148954434
2012-10-08,0.11915676671608677
2012-10-09,0.12012240508793817
2012-10-10,0.11967323655639237
2012-10-11,0.11953616024220796
2012-10-12,0.11887797024232798
2012-10-15,0.1188189841647559
2012-10-16,0.1186281065236575
2012-10-17,0.11923549352330941
2012-10-18,0.11825225224947786
2012-10-19,0.11824087586388687
2012-10-22,0.11787527658434906
2012-10-23,0.11786305619410449
2012-10-24,0.11471680130157916
2012-10-25,0.1130232604853941
2012-10-26,0.11313360017857323
2012-10-29,0.11349784786899726
2012-10-30,0.11398004325144619
2012-10-31,0.11459180409190138
2012-11-01,0.11308989763046771
2012-11-02,0.11292517326702474
2012-11-05,0.11311301223044559
2012-11-06,0.11268010361466252
2012-11-07,0.11285193344991747
2012-11-08,0.11294268040809902
2012-11-09,0.11185347028265741
2012-11-12,0.11346408701344413
2012-11-13,0.11284659751248861
2012-11-14,0.11284434695155421
2012-11-15,0.11523623059925073
2012-11-16,0.12089515263760113
2012-11-19,0.12140960009563298
2012-11-20,0.12068937365438841
2012-11-21,0.12110093162081387
2012-11-22,0.12778874857522765
2012-11-23,0.12706852213398312
2012-11-26,0.12603962721791953
2012-11-27,0.1255251797598877
2012-11-28,0.12706852213398315
2012-11-29,0.12809741705004674
2012-11-30,0.12933209094932308
2012-12-03,0.130463875356993
2012-12-04,0.13797480824425715
2012-12-05,0.1376661397694381
2012-12-06,0.13684302383658728
2012-12-07,0.13890081366871432
2012-12-10,0.13818058722746987
2012-12-11,0.13951815061835243
2012-12-12,0.14095860350084133
2012-12-13,0.14095860350084133
2012-12-14,0.13992970858477782
2012-12-17,0.13632857637855553
2012-12-18,0.1368430238365873
2012-12-19,0.13992970858477788
2012-12-20,0.13910659265192707
2012-12-21,0.13890081366871437
2012-12-24,0.13766613976943815
2012-12-25,0.13735747129461906
2012-12-26,0.13859214519389532
2012-12-27,0.13807769773586356
2012-12-28,0.13807769773586356
2012-12-31,0.13900370316032074
2013-01-01,0.13684302383658736
2013-01-02,0.13663724485337464
2013-01-03,0.1378719187526509
2013-01-04,0.1389008136687144
2013-01-07,0.13982681909317157
2013-01-08,0.14137016146726683
2013-01-09,0.14167882994208586
2013-01-10,0.14548574113152082
2013-01-11,0.14548574113152082
2013-01-14,0.14713197299722236
2013-01-15,0.1466175255391906
2013-01-16,0.15155622113629522
2013-01-17,0.15947871198998362
2013-01-18,0.16153650182211038
2013-01-21,0.17285433560985827
2013-01-22,0.17758726251269863
2013-01-23,0.18005661031125045
2013-01-24,0.17388324081487086
2013-01-25,0.17902771539518728
2013-01-28,0.19260911799827318
2013-01-29,0.20094318739628336
2013-01-30,0.2026923087535907
2013-01-31,0.2099974523686898
2013-02-01,0.21092345779314658
2013-02-04,0.21020323135190241
2013-02-05,0.2119523527092097
2013-02-06,0.21791994322237562
2013-02-07,0.22790022390818734
2013-02-08,0.23314758798010873
2013-02-11,0.2536225968097624
2013-02-12,0.25897285037328954
2013-02-13,0.24899257997642857
2013-02-14,0.28006518586363083
2013-02-15,0.2788305222533046
2013-02-18,0.2772871901681595
2013-02-19,0.30270088430596226
2013-02-20,0.3050673426129065
2013-02-21,0.30609623752896925
2013-02-22,0.3112407121092829
2013-02-25,0.3127840544833769
2013-02-26,0.3199863188958159
2013-02-27,0.3179285290636905
2013-02-28,0.34344513327099446
2013-03-01,0.35496874604194656
2013-03-04,0.37194553273487746
2013-03-05,0.4149533402262915
2013-03-06,0.42205269456922395
2013-03-07,0.4321358647466355
2013-03-08,0.45456577391679553
2013-03-11,0.49798515995252446
2013-03-12,0.4556975686134167
2013-03-13,0.4827574740390088
2013-03-14,0.48532971132916447
2013-03-15,0.483066173380675
2013-03-18,0.5309097561107239
2013-03-19,0.6084884430707622
2013-03-20,0.6635343107911332
2013-03-21,0.7289720274526746
2013-03-22,0.7188889087200139
2013-03-25,0.7572666376443768
2013-03-26,0.8076825091093054
2013-03-27,0.9148933387850442
2013-03-28,0.8867016386628533
2013-03-29,0.9311498990367182
2013-04-01,1.2138902528373046
2013-04-02,1.3890081366841076
2013-04-03,1.3590617897335993
2013-04-04,1.4589530536965827
2013-04-05,1.4621309099816755
2013-04-08,2.3551641085408743
2013-04-09,1.9210654845465267
2013-04-10,1.9210654845465267
2013-04-11,1.9210654845465267
2013-04-12,1.9210654845465267
2013-04-15,1.9210654845465267
2013-04-16,1.9210654845465267
2013-04-17,1.9210654845465267
2013-04-18,1.9210654845465267
2013-04-19,1.9210654845465267
2013-04-22,1.9210654845465267
2013-04-23,1.9210654845465267
2013-04-24,1.9210654845465267
2013-04-25,1.9210654845465267
2013-04-26,1.9210654845465267
2013-04-29,1.9210654845465267
2013-04-30,1.9210654845465267
2013-05-01,1.9210654845465267
2013-05-02,1.9210654845465267
2013-05-03,1.9210654845465267
2013-05-06,1.9210654845465267
2013-05-07,1.9210654845465267
2013-05-08,1.921036394309655
2013-05-09,1.9212595555514265
2013-05-10,1.9210179688687685
2013-05-13,1.9203189599987773
2013-05-14,1.9209051574303841
2013-05-15,1.921944750565188
2013-05-16,1.9235484689983062
2013-05-17,1.9234184776114807
2013-05-20,1.9232625861968475
2013-05-21,1.9236377507373716
2013-05-22,1.9248310467611018
2013-05-23,1.9283880442154389
2013-05-24,1.9277485747312186
2013-05-27,1.9259304609895829
2013-05-28,1.9280303958466227
2013-05-29,1.9256298988053147
2013-05-30,1.9256154357326487
2013-05-31,1.9259667114132932
2013-06-03,1.9193336750826027
2013-06-04,1.9197662434133678
2013-06-05,1.9169663009973825
2013-06-06,1.9092262133443467
2013-06-07,1.9062936186609925
2013-06-10,1.9072765420318885
2013-06-11,1.9070636714578721
2013-06-12,1.9023682516072724
2013-06-13,1.8981279638099544
2013-06-14,1.8979157116018768
2013-06-17,1.9049003614760984
2013-06-18,1.9061426625780236
2013-06-19,1.9094345021475119
2013-06-20,1.9009370073661132
2013-06-21,1.8923632100877954
2013-06-24,1.859035257401859
2013-06-25,1.8626740712337033
2013-06-26,1.848688508249638
2013-06-27,1.808166684930414
2013-06-28,1.8090722485187618
2013-07-01,1.7911647731560916
2013-07-02,1.7518344107126032
2013-07-03,1.7558870997149114
2013-07-04,1.703484858053287
2013-07-05,1.706476247029575
2013-07-08,1.737834832406875
2013-07-09,1.8406487893731298
2013-07-10,1.8521172542334012
2013-07-11,1.9122381907085866
2013-07-12,1.9676112141589897
2013-07-15,1.9508631142356967
2013-07-16,1.970256497449334
2013-07-17,1.8505429018950055
2013-07-18,1.8758057897210694
2013-07-19,1.8447841718427342
2013-07-22,1.9222472350161408
2013-07-23,1.9151847577379184
2013-07-24,1.942713162067916
2013-07-25,1.9278141701723603
2013-07-26,1.9023930611558801
2013-07-29,2.117104181458448
2013-07-30,2.0863802948968733
2013-07-31,2.0493032560695754
2013-08-01,2.0576779881972533
2013-08-02,2.065319649318676
2013-08-05,2.093465732833497
2013-08-06,2.0831596898617626
2013-08-07,2.0295816861563387
2013-08-08,2.025162152918774
2013-08-09,2.0285018657019496
2013-08-12,2.1454572228892457
2013-08-13,2.203400229236251
2013-08-14,2.1530916054822646
2013-08-15,2.1335162655001683
2013-08-16,2.2071195829835313
2013-08-19,2.372531147106222
2013-08-20,2.4136394785206607
2013-08-21,2.388191477817918
2013-08-22,2.319873580431088
2013-08-23,2.3412106227102107
2013-08-26,2.5700462492241996
2013-08-27,2.5205206782201843
2013-08-28,2.5310915184132345
2013-08-29,2.7019841581555504
2013-08-30,2.760122937477704
2013-09-02,2.818848957423979
2013-09-03,2.5939282031530486
2013-09-04,2.5487092069450927
2013-09-05,2.384683518202868
2013-09-06,2.5052962489069173
2013-09-09,2.5746279258795437
2013-09-10,2.758668809444807
2013-09-11,2.705281484281952
2013-09-12,2.7307132258051126
2013-09-13,2.654029671539184
2013-09-16,2.70139853676178
2013-09-17,2.72585983260849
2013-09-18,2.621803063059315
2013-09-19,2.597730135736199
2013-09-20,2.6087960081195103
2013-09-23,2.616561320752671
2013-09-24,2.6208323261792725
2013-09-25,2.661600945512346
2013-09-26,2.697127531335183
2013-09-27,2.766434122077973
2013-09-30,2.7237243201884076
2013-10-01,2.3848960536918407
2013-10-02,2.503822039724202
2013-10-03,2.6120843681613914
2013-10-04,2.609793210224068
2013-10-07,2.605784170664244
2013-10-08,2.6632491647110283
2013-10-09,2.680622407670751
2013-10-10,2.674704114376405
2013-10-11,2.7279689640308282
2013-10-14,3.0181580630546176
2013-10-15,2.917546637948736
2013-10-16,3.0086123671237677
2013-10-17,3.212699403399585
2013-10-18,3.4965883049261826
2013-10-21,3.875361729467694
2013-10-22,4.352264621807438
2013-10-23,3.9515362111734
2013-10-24,3.777804717054441
2013-10-25,3.59818180447252
2013-10-28,3.9153432095982907
2013-10-29,4.0875503035210095
2013-10-30,3.9361595515389007
2013-10-31,3.9961480991641247
2013-11-01,4.038915891979852
2013-11-04,4.506902762206833
2013-11-05,4.755562053413578
2013-11-06,4.997787313356448
2013-11-07,5.859768180368282
2013-11-08,6.717964619209628
2013-11-11,6.868977102473995
2013-11-12,7.191817843227994
2013-11-13,8.229033675973321
2013-11-14,8.201593875090456
2013-11-15,8.211434633522321
2013-11-18,14.84497599229086
2013-11-19,13.362657271602338
2013-11-20,13.331095917296192
2013-11-21,13.753547146739454
2013-11-22,13.962971700559972
2013-11-25,14.11342484307229
2013-11-26,14.944196100899028
2013-11-27,15.676584830354587
2013-11-28,15.832653280761344
2013-11-29,16.646587396281426
2013-12-02,15.79266224457098
2013-12-03,16.17631689825555
2013-12-04,16.80815634215127
2013-12-05,15.839213436630505
2013-12-06,14.214115625086402
2013-12-09,14.25998534860323
2013-12-10,14.358225682802923
2013-12-11,14.202639014018928
2013-12-12,14.189735688308302
2013-12-13,14.207092488513332
2013-12-16,14.113977063663274
2013-12-17,14.110568542149755
2013-12-18,14.104571760418672
2013-12-19,14.104571760418672
2013-12-20,14.104571760418672
2013-12-23,14.104571760418672
2013-12-24,14.104571760418672
2013-12-25,14.104571760418672
2013-12-26,14.104571760418672
2013-12-27,14.104571760418672
2013-12-30,14.104571760418672
2013-12-31,14.102257335007602
2014-01-01,14.10756603554897
2014-01-02,14.134767147898204
2014-01-03,14.1570264939033
2014-01-06,14.282413431596254
2014-01-07,14.053561267385337
2014-01-08,14.10116740878488
2014-01-09,14.098967378249407
2014-01-10,14.122017391873346
2014-01-13,14.08102759889513
2014-01-14,14.076391986873888
2014-01-15,14.096773368264598
2014-01-16,14.062411170611794
2014-01-17,14.042360089782328
2014-01-20,14.104321379632811
2014-01-21,14.112386866298804
2014-01-22,14.0972695309749
2014-01-23,14.088133468370083
2014-01-24,14.050183943327365
2014-01-27,14.081963197763416
2014-01-28,14.066899429453354
2014-01-29,14.046734817210739
2014-01-30,14.100871817806786
2014-01-31,14.089709462024269
2014-02-03,14.058583637739678
2014-02-04,14.036316927701394
2014-02-05,13.937535272905453
2014-02-06,13.654538221317651
2014-02-07,13.216410180684656
2014-02-10,12.941984758437995
2014-02-11,12.93741050728113
2014-02-12,12.881933185910057
2014-02-13,12.732236349088494
2014-02-14,12.705514235946923
2014-02-17,12.370358048877877
2014-02-18,12.432021340659327
2014-02-19,12.121801669158632
2014-02-20,11.839311029106915
2014-02-21,11.836326730985974
2014-02-24,12.254322446607835
2014-02-25,11.164738859861316
2014-02-26,22.27538868525734
2014-02-27,22.3893535863623
2014-02-28,21.598851807728973
2014-03-03,24.29987789319015
2014-03-04,24.287880004193482
2014-03-05,24.158784796096107
2014-03-06,23.78790700266642
2014-03-07,22.741100521308425
2014-03-10,22.621693765588514
2014-03-11,22.48490307282171
2014-03-12,22.81019109484565
2014-03-13,22.987922685629222
2014-03-14,22.631232245684007
2014-03-17,22.385950747878397
2014-03-18,22.15175534118251
2014-03-19,22.037396525968944
2014-03-20,21.2053551983884
2014-03-21,20.742353990110317
2014-03-24,21.181233351927784
2014-03-25,21.04908087782378
2014-03-26,21.037195237083022
2014-03-27,18.25974256778079
2014-03-28,18.557920448825303
2014-03-31,18.265806685524637
2014-04-01,17.731367191270607
2014-04-02,17.83288705987692
2014-04-03,17.913379309445297
2014-04-04,18.046468429198004
2014-04-07,18.151111696019186
2014-04-08,18.034962972630712
2014-04-09,17.241905961688442
2014-04-10,17.542858967442555
2014-04-11,17.565213385413898
2014-04-14,18.34380892783085
2014-04-15,18.48569861064639
2014-04-16,18.007136098005393
2014-04-17,17.813620934473175
2014-04-18,18.003868246391967
2014-04-21,17.793150713880074
2014-04-22,17.787344330428635
2014-04-23,17.90756968284842
2014-04-24,17.524058477570545
2014-04-25,17.45938259792736
2014-04-28,17.362017239603553
2014-04-29,17.357653730093674
2014-04-30,17.480177336781086
2014-05-01,17.424096817408287
2014-05-02,17.29134193522139
2014-05-05,17.236688399215286
2014-05-06,17.33149148451917
2014-05-07,17.280961167045167
2014-05-08,17.31537408656725
2014-05-09,17.34757793838277
2014-05-12,16.967075991132553
2014-05-13,17.125919900387927
2014-05-14,17.233263070285915
2014-05-15,17.363021661081074
2014-05-16,17.342481958957833
2014-05-19,18.09356067368235
2014-05-20,18.222190303764787
2014-05-21,19.028778571041777
2014-05-22,19.129580663209637
2014-05-23,19.217088640899114
2014-05-26,21.04995832507093
2014-05-27,21.07728343183152
2014-05-28,20.840234380201696
2014-05-29,22.60996670373005
2014-05-30,23.18449275560955
2014-06-02,24.7175478818128
2014-06-03,23.59138798715965
2014-06-04,24.376007585893433
2014-06-05,24.015266448386573
2014-06-06,24.061790144414832
2014-06-09,24.207637524670528
2014-06-10,23.73982025514471
2014-06-11,22.04799552543557
2014-06-12,22.536120153261127
2014-06-13,21.54177660965808
2014-06-16,22.341905608614546
2014-06-17,22.38325949226085
2014-06-18,22.16024146983654
2014-06-19,21.81242484482291
2014-06-20,22.044671433736077
2014-06-23,21.739317498324038
2014-06-24,20.989036250172095
2014-06-25,21.51519292226423
2014-06-26,22.236303306049887
2014-06-27,22.063872275323575
2014-06-30,23.74868147196844
2014-07-01,23.842096213690272
2014-07-02,23.55815836868669
2014-07-03,23.038647627673903
2014-07-04,23.001724352439368
2014-07-07,22.719629975798412
2014-07-08,23.0032004711367
2014-07-09,22.83298472615464
2014-07-10,23.368741782117176
2014-07-11,23.479511607820772
2014-07-14,22.87766044918069
2014-07-15,22.70042917113424
2014-07-16,23.13538642417201
2014-07-17,23.168246440660088
2014-07-18,23.152369690772165
2014-07-21,22.985847602551463
2014-07-22,22.954831054426013
2014-07-23,22.22301148081466
2014-07-24,22.17242677835972
2014-07-25,22.006272039804315
2014-07-28,21.628547672620538
2014-07-29,20.84457368645585
2014-07-30,21.727412203829733
2014-07-31,22.06870007485737
2014-08-01,21.808493830549008
2014-08-04,21.699401194892296
2014-08-05,21.736626230269334
2014-08-06,21.848299051321867
2014-08-07,21.960709731611686
2014-08-08,21.727412203829736
2014-08-11,20.917028393736945
2014-08-12,19.99747687984524
2014-08-13,18.914596666814298
2014-08-14,18.714347164731375
2014-08-15,19.291629840622612
2014-08-18,18.257589203938824
2014-08-19,18.849876924426272
2014-08-20,18.878632025447963
2014-08-21,18.828899252994226
2014-08-22,18.328745500734374
2014-08-25,18.664186657989017
2014-08-26,18.729661178659693
2014-08-27,18.605062143160747
2014-08-28,18.648178516219712
2014-08-29,18.472897947776847
2014-09-01,17.799008468678014
2014-09-02,17.81868971619354
2014-09-03,18.021101248571867
2014-09-04,17.871315393630205
2014-09-05,17.887514335972178
2014-09-08,17.694489103033344
2014-09-09,17.78051220408276
2014-09-10,17.756635155832143
2014-09-11,17.741790499963443
2014-09-12,17.74975594370234
2014-09-15,17.526981115546427
2014-09-16,17.425915214785203
2014-09-17,16.778482831670896
2014-09-18,16.439878986020613
2014-09-19,16.562867698406436
2014-09-22,16.93796173810358
2014-09-23,16.629620500161295
2014-09-24,16.41862920338812
2014-09-25,16.289253743495017
2014-09-26,16.228113915238826
2014-09-29,16.118690993062078
2014-09-30,16.067579893734994
2014-10-01,15.99074099728382
2014-10-02,15.894763302257964
2014-10-03,15.65884798996649
2014-10-06,15.632408526357708
2014-10-07,15.755405371524574
2014-10-08,15.90014810962914
2014-10-09,15.914151217061702
2014-10-10,15.904397097690886
2014-10-13,16.576130033209513
2014-10-14,16.457578749133297
2014-10-15,16.06796766464613
2014-10-16,16.084791371992512
2014-10-17,16.33440379779151
2014-10-20,16.085725804093283
2014-10-21,15.996787269189717
2014-10-22,15.399173050795914
2014-10-23,15.386372629945768
2014-10-24,15.223936508700756
2014-10-27,15.275181934524579
2014-10-28,15.289620281638848
2014-10-29,14.979268041317164
2014-10-30,15.057689986038735
2014-10-31,14.947082926567276
2014-11-03,14.79647969102429
2014-11-04,14.816921072300952
2014-11-05,14.87900259243283
2014-11-06,15.011010915093497
2014-11-07,14.901681598483014
2014-11-10,15.315249320374678
2014-11-11,15.27193636942648
2014-11-12,16.91124279680621
2014-11-13,16.78167730375144
2014-11-14,15.497798291740231
2014-11-17,15.160766864643245
2014-11-18,15.021374224711444
2014-11-19,15.07590591616743
2014-11-20,14.458832602971851
2014-11-21,14.352851084810538
2014-11-24,14.805517615493699
2014-11-25,14.74734010779646
2014-11-26,14.478183096752478
2014-11-27,14.545340848812774
2014-11-28,14.731976135245176
2014-12-01,14.755709210741369
2014-12-02,14.805323965161028
2014-12-03,14.711004447053105
2014-12-04,14.529045825260303
2014-12-05,14.701960947413063
2014-12-08,14.372552173665971
2014-12-09,14.090832058487804
2014-12-10,14.015234512001443
2014-12-11,14.011112706386383
2014-12-12,14.09768268021017
2014-12-15,13.954185758698555
2014-12-16,13.70902375828586
2014-12-17,13.633227008006862
2014-12-18,13.590244248690682
2014-12-19,13.616439908737899
2014-12-22,13.739060169512076
2014-12-23,13.806607423301646
2014-12-24,13.562532184059927
2014-12-25,13.518708504030423
2014-12-26,13.607764882571857
2014-12-29,13.325155340293325
2014-12-30,13.305621327212128
2014-12-31,13.342332322387335
2015-01-01,13.307230286559117
2015-01-02,13.309039226757362
2015-01-05,13.010725671853786
2015-01-06,13.035853400170218
2015-01-07,13.123484165273753
2015-01-08,12.966633643897639
2015-01-09,13.012251367183117
2015-01-12,12.719052391589004
2015-01-13,12.478170174557638
2015-01-14,12.18735012321431
2015-01-15,12.476877712459805
2015-01-16,12.366597561375833
2015-01-19,12.685568252272576
2015-01-20,12.462810675680823
2015-01-21,13.152358989592646
2015-01-22,13.384332202871274
2015-01-23,13.353847962327073
2015-01-26,15.482571960145217
2015-01-27,15.142643047914898
2015-01-28,13.569848097212898
2015-01-29,13.466898832368527
2015-01-30,13.363803845191883
2015-02-02,13.653731435709208
2015-02-03,13.09554142033534
2015-02-04,13.057159701499446
2015-02-05,12.67149186152409
2015-02-06,12.878308145870598
2015-02-09,12.77504040601582
2015-02-10,12.753029877447554
2015-02-11,12.725050891135895
2015-02-12,12.818264951797287
2015-02-13,13.25990120888163
2015-02-16,13.242946817312216
2015-02-17,13.564254590451986
2015-02-18,13.128653257469695
2015-02-19,13.422701354936075
2015-02-20,13.559661903541862
2015-02-23,13.243573113640132
2015-02-24,13.247454464206246
2015-02-25,13.160946074117561
2015-02-26,13.11658254547224
2015-02-27,14.055976852717135
2015-03-02,15.180588031129691
2015-03-03,15.563221698092839
2015-03-04,15.079107560812641
2015-03-05,15.262660861348946
2015-03-06,15.114597418825769
2015-03-09,16.082827301558073
2015-03-10,16.157690808135357
2015-03-11,16.392262696201396
2015-03-12,16.295217841207975
2015-03-13,15.92700110244847
2015-03-16,16.104455272483936
2015-03-17,15.825520687585621
2015-03-18,14.187685284165015
2015-03-19,14.449658635061695
2015-03-20,14.494270410208207
2015-03-23,14.691613486607652
2015-03-24,13.629185962240612
2015-03-25,13.616359808393362
2015-03-26,13.676328873279626
2015-03-27,13.646537306978894
2015-03-30,13.53583453232016
2015-03-31,13.61057257899257
2015-04-01,13.829324573048472
2015-04-02,13.90911501799494
2015-04-03,13.840039136148652
2015-04-06,13.843320941880615
2015-04-07,13.474775561775862
2015-04-08,13.431181160450086
2015-04-09,13.126842461977441
2015-04-10,13.174763750374145
2015-04-13,12.6550386816815
2015-04-14,12.725340249368855
2015-04-15,12.830857526082525
2015-04-16,12.713637490300162
2015-04-17,12.723576440039265
2015-04-20,12.935839817398703
2015-04-21,12.93467172255709
2015-04-22,12.975314821620477
2015-04-23,12.8427329249802
2015-04-24,12.696000938398333
2015-04-27,12.688235366120031
2015-04-28,12.678963328165135
2015-04-29,12.908347910862423
2015-04-30,12.825602427139762
2015-05-01,12.892197028460062
2015-05-04,12.906752094633678
2015-05-05,12.712221174665979
2015-05-06,12.911893293401834
2015-05-07,13.110496465108568
2015-05-08,13.017563773958026
2015-05-11,13.020843544543137
2015-05-12,12.822435358279336
2015-05-13,12.84028453808545
2015-05-14,12.850526774776627
2015-05-15,12.814777662442562
2015-05-18,12.652827744916234
2015-05-19,12.70642369261402
2015-05-20,12.75465296320116
2015-05-21,12.932853184692542
2015-05-22,12.8636410511609
2015-05-25,12.82045643437443
2015-05-26,12.798505262950934
2015-05-27,12.799211358658948
2015-05-28,12.787261802380565
2015-05-29,12.632146686619723
2015-06-01,12.331738044696785
2015-06-02,12.3274662252726
2015-06-03,12.289030900441947
2015-06-04,12.317855793870667
2015-06-05,12.302072674262723
2015-06-08,12.427826427589974
2015-06-09,12.398173754488662
2015-06-10,12.432113055691836
2015-06-11,12.451343416260537
2015-06-12,12.520939979914461
2015-06-15,13.141900082480975
2015-06-16,13.013542618761017
2015-06-17,13.069304264231294
2015-06-18,12.83810948004147
2015-06-19,12.878912014992888
2015-06-22,12.81812480354446
2015-06-23,12.65686023467162
2015-06-24,12.751213629136506
2015-06-25,12.7698410789478
2015-06-26,13.164644645103142
2015-06-29,13.867690078219608
2015-06-30,13.526405861898397
2015-07-01,13.38254196345563
2015-07-02,13.409844123203422
2015-07-03,13.680245918026346
2015-07-06,13.977425870061841
2015-07-07,14.105014921828262
2015-07-08,14.131267553852972
2015-07-09,14.891542727183236
2015-07-10,15.329961997027418
2015-07-13,15.066910099087224
2015-07-14,14.881042619468108
2015-07-15,14.522430773421126
2015-07-16,14.68152167098559
2015-07-17,14.389066982693501
2015-07-20,14.443672877347007
2015-07-21,14.515604826568387
2015-07-22,14.466249773351409
2015-07-23,15.140942731417976
2015-07-24,15.160369416589935
2015-07-27,15.42079668139083
2015-07-28,15.140942731417976
2015-07-29,15.070060309919684
2015-07-30,14.897319146312922
2015-07-31,14.726151460459192
2015-08-03,14.927245939200017
2015-08-04,14.791783040520963
2015-08-05,14.59646340575188
2015-08-06,14.590688614285408
2015-08-07,13.569727838160924
2015-08-10,14.048706414167777
2015-08-11,13.977165479642261
2015-08-12,13.752517644623424
2015-08-13,13.829516677552776
2015-08-14,13.60011136726872
2015-08-17,12.951142927034962
2015-08-18,12.271751386466736
2015-08-19,12.383764273715864
2015-08-20,12.336242441533702
2015-08-21,12.284374098425689
2015-08-24,12.129048662055302
2015-08-25,12.163020694345565
2015-08-26,12.12746120839393
2015-08-27,12.241646654959345
2015-08-28,12.179640870269731
2015-08-31,12.154896077211635
2015-09-01,12.17465084351382
2015-09-02,12.124206496946098
2015-09-03,12.187919219761499
2015-09-04,12.251045730989093
2015-09-07,12.462608439621516
2015-09-08,12.265627223121601
2015-09-09,12.282234077083622
2015-09-10,12.321096491210081
2015-09-11,12.177416317933613
2015-09-14,12.017483849131837
2015-09-15,11.997437076791714
2015-09-16,12.072341778245047
2015-09-17,12.06024759506986
2015-09-18,12.034490408115714
2015-09-21,12.009156766595195
2015-09-22,12.00588676752792
2015-09-23,12.091562713650267
2015-09-24,12.126668045877318
2015-09-25,12.106271965482287
2015-09-28,12.169946670502556
2015-09-29,12.145217098747235
2015-09-30,12.17682033245307
2015-10-01,12.165597135152412
2015-10-02,12.223610184512479
2015-10-05,12.468344724913152
2015-10-06,12.334834050108633
2015-10-07,12.318396887661406
2015-10-08,12.375098193281294
2015-10-09,12.429746926830541
2015-10-12,12.583287903762065
2015-10-13,12.747341347234133
2015-10-14,12.853935450311246
2015-10-15,13.279806323667342
2015-10-16,13.618785271010756
2015-10-19,13.62737407823656
2015-10-20,13.494004395281529
2015-10-21,13.863296280650514
2015-10-22,13.989592611310597
2015-10-23,14.274516375501753
2015-10-26,14.405359171991464
2015-10-27,14.885790919007714
2015-10-28,15.334395738104947
2015-10-29,15.844127526574848
2015-10-30,16.525622021631232
2015-11-02,18.150298221316355
2015-11-03,20.030092352193698
2015-11-04,20.252375157118667
2015-11-05,19.333442903680663
2015-11-06,18.682258315538043
2015-11-09,19.208156387962063
2015-11-10,16.992241149386874
2015-11-11,15.626454769941166
2015-11-12,16.20918794713885
2015-11-13,16.205922738015936
2015-11-16,16.097517547763395
2015-11-17,16.201189415845185
2015-11-18,16.25905541730414
2015-11-19,15.933633723037179
2015-11-20,15.827782759305345
2015-11-23,15.850810857399429
2015-11-24,15.759324797438351
2015-11-25,15.95074247961245
2015-11-26,16.615496411785045
2015-11-27,16.7961656441923
2015-11-30,17.48874976576982
2015-12-01,16.74936660067637
2015-12-02,16.679233210421575
2015-12-03,16.689778989141956
2015-12-04,16.735836451437102
2015-12-07,17.82285465032324
2015-12-08,18.56374142616619
2015-12-09,18.804675746522147
2015-12-10,18.78162148527822
2015-12-11,20.333911169703455
2015-12-14,19.97996798067863
2015-12-15,20.91342096466233
2015-12-16,20.521506976578966
2015-12-17,20.591571932711098
2015-12-18,20.93737879961658
2015-12-21,19.780620155532578
2015-12-22,19.755306304561394
2015-12-23,19.999405189664902
2015-12-24,20.476303429111454
2015-12-25,20.524670185220135
2015-12-28,19.065048631970907
2015-12-29,19.524316809851918
2015-12-30,19.30869502956428
2015-12-31,19.435265776137285
2016-01-01,19.663354792374662
2016-01-04,19.28585333250597
2016-01-05,19.08407547883792
2016-01-06,19.128751130118157
2016-01-07,19.47518921346789
2016-01-08,19.69856214393641
2016-01-11,19.313372039844435
2016-01-12,20.976063882778732
2016-01-13,20.05413109236386
2016-01-14,19.966455981670265
2016-01-15,19.713365723338555
2016-01-18,22.751017716929557
2016-01-19,20.329524434798735
2016-01-20,23.050728010276202
2016-01-21,22.78986444651173
2016-01-22,22.27645940113994
2016-01-25,30.738424255420362
2016-01-26,29.74024337631846
2016-01-27,32.0144101203591
2016-01-28,31.39877795226031
2016-01-29,31.93556256755805
2016-02-01,29.872195797132797
2016-02-02,32.17820607297178
2016-02-03,31.925876473304406
2016-02-04,32.369562050406486
2016-02-05,34.43663508376453
2016-02-08,38.45243475559562
2016-02-09,40.321174064137075
2016-02-10,43.80270430836424
2016-02-11,56.314490157301485
2016-02-12,50.75033339755499
2016-02-15,51.835500569764434
2016-02-16,48.374705895814266
2016-02-17,46.30363224128076
2016-02-18,48.81032487544828
2016-02-19,49.01371209958284
2016-02-22,50.66270173698907
2016-02-23,50.11944878564979
2016-02-24,50.77995238341317
2016-02-25,50.807919693526564
2016-02-26,51.130216616619656
2016-02-29,51.868609085086945
2016-03-01,56.12707544152074
2016-03-02,59.19814229658746
2016-03-03,60.695205013942086
2016-03-04,62.547462199311056
2016-03-07,60.421545478179794
2016-03-08,61.82461769848525
2016-03-09,67.8488188036957
2016-03-10,66.9290114829379
2016-03-11,70.53279388420397
2016-03-14,70.75011448974253
2016-03-15,71.05501715848983
2016-03-16,71.56969854814164
2016-03-17,66.3493118318895
2016-03-18,65.74221673721875
2016-03-21,67.4573410769485
2016-03-22,64.99886506789308
2016-03-23,69.03653842167573
2016-03-24,66.08995812251476
2016-03-25,64.49449345882033
2016-03-28,64.66127727442404
2016-03-29,64.03385870790436
2016-03-30,63.63218117911157
2016-03-31,64.30725643021268
2016-04-01,64.48009963120727
2016-04-04,61.005475034436884
2016-04-05,61.74957452519392
2016-04-06,59.26445860977504
2016-04-07,57.95057971478133
2016-04-08,56.35294652698366
2016-04-11,53.68119139201697
2016-04-12,53.84571153409587
2016-04-13,54.38056102148015
2016-04-14,54.365187612622336
2016-04-15,54.57835500806452
2016-04-18,55.4230654547773
2016-04-19,54.92496738660981
2016-04-20,55.462092334854496
2016-04-21,55.18621555409769
2016-04-22,55.68837582920764
2016-04-25,54.70839288802565
2016-04-26,52.78949659695225
2016-04-27,52.705081590150925
2016-04-28,53.46570165797821
2016-04-29,54.10233680837145
2016-05-02,53.839468113545315
2016-05-03,53.29635732660198
2016-05-04,53.779096533838974
2016-05-05,53.75581555233302
2016-05-06,53.79584492616885
2016-05-09,53.26571869815965
2016-05-10,54.060580472471734
2016-05-11,54.46880788906413
2016-05-12,55.201104599379384
2016-05-13,54.503857850530956
2016-05-16,58.274055526070995
2016-05-17,60.46986251495006
2016-05-18,63.2738693077796
2016-05-19,61.17800893092848
2016-05-20,61.59605905390121
2016-05-23,58.163643464505945
2016-05-24,57.87836116419457
2016-05-25,57.83836501432318
2016-05-26,56.12110643373608
2016-05-27,59.9391794478635
2016-05-30,64.21394133096744
2016-05-31,64.94128777218094
2016-06-01,64.81090354995668
2016-06-02,66.74205253605594
2016-06-03,66.88274025829216
2016-06-06,68.25604326067968
2016-06-07,68.53528457199822
2016-06-08,68.20681888143183
2016-06-09,67.37195455104231
2016-06-10,68.24229168725667
2016-06-13,84.57712243137112
2016-06-14,82.57011750931137
2016-06-15,90.77706007055484
2016-06-16,79.70097789235298
2016-06-17,75.59108062061259
2016-06-20,69.09273462298535
2016-06-21,68.18000959996509
2016-06-22,67.84339637317449
2016-06-23,69.38040611095255
2016-06-24,69.25251623871776
2016-06-27,68.67299957951445
2016-06-28,68.00502749729716
2016-06-29,67.79500525330965
2016-06-30,68.13322730435343
2016-07-01,68.3305228134635
2016-07-04,66.41914592922261
2016-07-05,66.7639173652651
2016-07-06,65.89492419588684
2016-07-07,66.76782586128081
2016-07-08,66.13850342833327
2016-07-11,66.31423782259306
2016-07-12,66.09286717705389
2016-07-13,66.15144149810119
2016-07-14,66.4983712692123
2016-07-15,66.63595355048821
2016-07-18,66.35527085952128
2016-07-19,66.40758707355053
2016-07-20,66.61335741097542
2016-07-21,66.68329460787767
2016-07-22,66.73595467474497
2016-07-25,64.29973454455367
2016-07-26,64.82034244366068
2016-07-27,64.8009998503218
2016-07-28,65.05523746375479
2016-07-29,64.90107445670105
2016-08-01,59.186717574624446
2016-08-02,59.50094681284716
2016-08-03,60.204230372510445
2016-08-04,59.8381844075641
2016-08-05,60.3255916218847
2016-08-08,60.76300420653616
2016-08-09,60.807427449029454
2016-08-10,60.32560106188828
2016-08-11,60.28206381357478
2016-08-12,60.32354824473337
2016-08-15,60.02993495435687
2016-08-16,59.64640394210204
2016-08-17,59.35775279076091
2016-08-18,59.54233625157072
2016-08-19,60.13673622087094
2016-08-22,59.220640525168584
2016-08-23,59.61519892878344
2016-08-24,59.8472336273063
2016-08-25,59.18197480829145
2016-08-26,58.963198787850935
2016-08-29,59.228198113212
2016-08-30,59.44271449944947
2016-08-31,59.860536142794494
2016-09-01,59.93633194212208
2016-09-02,60.06957981201035
2016-09-05,59.99611602965147
2016-09-06,59.78331009011043
2016-09-07,59.975125704360124
2016-09-08,60.411422378383506
2016-09-09,60.50679153829266
2016-09-12,59.97938691986146
2016-09-13,60.33321491915552
2016-09-14,67.3800066557598
2016-09-15,59.4185537023559
2016-09-16,59.42752223887584
2016-09-19,61.17599227845111
2016-09-20,59.521300065609715
2016-09-21,58.87427087249714
2016-09-22,60.12116543598132
2016-09-23,59.7876470007115
2016-09-26,61.83683946198763
2016-09-27,62.78529399273569
2016-09-28,63.95397436687351
2016-09-29,62.370020509167155
2016-09-30,60.64330881345067
2016-10-03,60.2225449799666
2016-10-04,58.79656340773461
2016-10-05,58.901058775828425
2016-10-06,58.53344726826223
2016-10-07,58.18638941352661
2016-10-10,58.973566382081664
2016-10-11,59.06792641187834
2016-10-12,59.444707661051865
2016-10-13,59.709762579295486
2016-10-14,59.43820113685849
2016-10-17,60.91157649872015
2016-10-18,60.52319449001189
2016-10-19,62.39582365552837
2016-10-20,62.1526677385984
2016-10-21,62.20754737885912
2016-10-24,61.364625511925915
2016-10-25,61.92595361139328
2016-10-26,60.734166573382176
2016-10-27,59.238743556516
2016-10-28,59.58887210083264
2016-10-31,59.79689435653756
2016-11-01,60.92056471816307
2016-11-02,61.74719553555472
2016-11-03,59.423492889097474
2016-11-04,60.45453078137909
2016-11-07,60.4612493336331
2016-11-08,60.641063924398054
2016-11-09,60.60194236021934
2016-11-10,60.13362933963724
2016-11-11,59.605777452203405
2016-11-14,59.047336180263585
2016-11-15,58.53075226594586
2016-11-16,59.49510634391454
2016-11-17,59.53683531294218
2016-11-18,59.61406561142498
2016-11-21,58.223172700888775
2016-11-22,58.995393251973546
2016-11-23,57.91951286763855
2016-11-24,56.85708372585045
2016-11-25,57.125944022826616
2016-11-28,56.106787328603296
2016-11-29,55.736993084934376
2016-11-30,56.44911910797471
2016-12-01,56.528212432348035
2016-12-02,56.7282840977857
2016-12-05,55.336755508690175
2016-12-06,56.07905023096682
2016-12-07,57.7478048833172
2016-12-08,57.78865766517932
2016-12-09,58.11236881814113
2016-12-12,57.95232642335355
2016-12-13,57.86697721785124
2016-12-14,57.610125466489606
2016-12-15,56.57296995698565
2016-12-16,57.10503466004392
2016-12-19,56.76505319868406
2016-12-20,57.29306078695251
2016-12-21,59.15177694578729
2016-12-22,60.032388688750416
2016-12-23,61.857513105447346
2016-12-26,61.05564712186652
2016-12-27,62.19650482076397
2016-12-28,65.19130948748456
2016-12-29,66.32320189339258
2016-12-30,65.61875022790292
2017-01-02,68.34177235620326
2017-01-03,71.54478576326483
2017-01-04,78.58214187232696
2017-01-05,71.17019972296082
2017-01-06,67.82264173848333
2017-01-09,68.38914831477744
2017-01-10,70.31992529421075
2017-01-11,64.99792625099111
2017-01-12,64.76637016910163
2017-01-13,65.30395184142694
2017-01-16,65.03700793682697
2017-01-17,67.26944003791434
2017-01-18,66.92652854764518
2017-01-19,68.07049079383378
2017-01-20,67.94103878241765
2017-01-23,69.14419295103284
2017-01-24,67.24737910373992
2017-01-25,67.23476597379754
2017-01-26,67.5939453355778
2017-01-27,67.23188928849333
2017-01-30,67.7892034279087
2017-01-31,68.74178603760042
2017-02-01,69.21365978587508
2017-02-02,69.65679453218114
2017-02-03,70.39135873638554
2017-02-06,71.9163515287458
2017-02-07,72.90820244335396
2017-02-08,72.70840699502142
2017-02-09,69.388512548229
2017-02-10,71.25373303234244
2017-02-13,71.27277781378706
2017-02-14,77.64618544472386
2017-02-15,77.35153267464426
2017-02-16,77.51342875436463
2017-02-17,76.96816061497512
2017-02-20,76.90688491548792
2017-02-21,78.64514495432748
2017-02-22,78.37970663760416
2017-02-23,81.25267736265123
2017-02-24,81.07863162042347
2017-02-27,89.80951036089711
2017-02-28,91.52691968862679
2017-03-01,97.08265280016805
2017-03-02,103.38621070049153
2017-03-03,106.24069626857349
2017-03-06,105.4993252800665
2017-03-07,103.31815782005631
2017-03-08,94.33258996333365
2017-03-09,97.9819329433696
2017-03-10,97.45521418569112
2017-03-13,126.25131564225318
2017-03-14,126.55484882109113
2017-03-15,142.43975297900226
2017-03-16,163.08678819275175
2017-03-17,155.92298692651107
2017-03-20,154.13587707407714
2017-03-21,155.77258352367826
2017-03-22,153.51792205192876
2017-03-23,182.67999672611128
2017-03-24,195.34414340432528
2017-03-27,182.86125026252395
2017-03-28,191.85018420659128
2017-03-29,213.79576536437497
2017-03-30,265.9054198373112
2017-03-31,271.1467100356115
2017-04-03,351.2660371983067
2017-04-04,342.123094294234
2017-04-05,331.86107357042613
2017-04-06,341.4161699351703
2017-04-07,339.9447001530955
2017-04-10,331.59240360126984
2017-04-11,340.11829946423416
2017-04-12,345.6579850953387
2017-04-13,336.1167946232298
2017-04-14,340.48855349871815
2017-04-17,341.0829940922908
2017-04-18,329.0356252172236
2017-04-19,332.4096239401055
2017-04-20,338.1616423536073
2017-04-21,332.5011437915988
2017-04-24,338.8793203244845
2017-04-25,348.9943001940012
2017-04-26,387.0582209059144
2017-04-27,443.1266369896647
2017-04-28,471.8250517325422
2017-05-01,498.8317578353473
2017-05-02,534.7882881996137
2017-05-03,632.1444863204177
2017-05-04,654.6466478833024
2017-05-05,692.4126545605089
2017-05-08,829.3582569475442
2017-05-09,901.1831420343119
2017-05-10,908.2521481518149
2017-05-11,915.776700957047
2017-05-12,941.3097331302997
2017-05-15,1121.9568113583562
2017-05-16,1192.2471186966088
2017-05-17,1224.1228866865251
2017-05-18,1325.4765673442632
2017-05-19,1365.2779077608247
2017-05-22,1562.7936456861564
2017-05-23,1628.9210692008949
2017-05-24,1468.814239016208
2017-05-25,1447.5200454672943
2017-05-26,1343.40913856592
2017-05-29,1470.8070378265159
2017-05-30,1486.3345922465587
2017-05-31,1505.6813161120772
2017-06-01,1484.981387519532
2017-06-02,1496.450840032641
2017-06-05,1641.2204797367642
2017-06-06,1584.8218716480521
2017-06-07,1611.0662576713244
2017-06-08,1651.5957948642847
2017-06-09,1781.494599779656
2017-06-12,1838.929093321183
2017-06-13,1700.0311499473908
2017-06-14,1690.9030329291818
2017-06-15,1711.807877627255
2017-06-16,1754.7723858658649
2017-06-19,1767.2764632274234
2017-06-20,1689.6410441529094
2017-06-21,1695.2273275877458
2017-06-22,1703.2196600454156
2017-06-23,1653.9414776085882
2017-06-26,1634.8274837097229
2017-06-27,1650.3133102826157
2017-06-28,1628.0287086447613
2017-06-29,1609.8373474281218
2017-06-30,1592.7161417527923
2017-07-03,1615.4129853585428
2017-07-04,1616.8169604152695
2017-07-05,1614.5910666902766
2017-07-06,1587.0743190990747
2017-07-07,1593.1001310274194
2017-07-10,1547.109173695378
2017-07-11,1555.9239402799865
2017-07-12,1548.523751554146
2017-07-13,1536.0787388006179
2017-07-14,1515.1173803345812
2017-07-17,1525.556134139615
2017-07-18,1509.9372488916963
2017-07-19,1552.695030763403
2017-07-20,1521.756849530962
2017-07-21,1543.8854182290129
2017-07-24,1495.594067873811
2017-07-25,1492.6062871281947
2017-07-26,1502.055469636958
2017-07-27,1509.0691851552479
2017-07-28,1503.993028615531
2017-07-31,1511.9115123936367
2017-08-01,1502.9362657196211
2017-08-02,1515.8839521526947
2017-08-03,1524.3401151563326
2017-08-04,1603.1393360963823
2017-08-07,1689.120937190061
2017-08-08,1653.193767143965
2017-08-09,1674.983606485745
2017-08-10,1759.3453662674967
2017-08-11,1820.639421732385
2017-08-14,1867.6506240246695
2017-08-15,1966.0169007787395
2017-08-16,1929.1344533456524
2017-08-17,1860.6724848713925
2017-08-18,1873.313170644796
2017-08-21,1919.3321222964144
2017-08-22,1944.2189601123396
2017-08-23,1970.2030317106908
2017-08-24,1990.1381208044795
2017-08-25,1984.4419849990725
2017-08-28,2132.9061781187343
2017-08-29,2166.045862337234
2017-08-30,2242.0544734263326
2017-08-31,2282.732992576935
2017-09-01,2080.367595982573
2017-09-04,1963.143954918322
2017-09-05,2074.239176645658
2017-09-06,2065.0000644233046
2017-09-07,1915.1832792902392
2017-09-08,1912.994475069306
2017-09-11,1852.4808777384417
2017-09-12,1749.8669509277981
2017-09-13,1557.572238066559
2017-09-14,1608.06769405153
2017-09-15,1601.864054146619
2017-09-18,1637.4054220133544
2017-09-19,1630.9235838253896
2017-09-20,1567.726286958355
2017-09-21,1570.8106295111515
2017-09-22,1603.1558569857723
2017-09-25,1626.1106227677285
2017-09-26,1702.9140603851367
2017-09-27,1680.1287297460747
2017-09-28,1657.14471568526
2017-09-29,1692.248899819155
2017-10-02,1680.4032407131356
2017-10-03,1684.3923881553292
2017-10-04,1743.8465277905686
2017-10-05,1752.2591191730646
2017-10-06,1777.148405665159
2017-10-09,1851.9486873136566
2017-10-10,1879.1554000209358
2017-10-11,1948.2185441599754
2017-10-12,2055.062697803374
2017-10-13,2086.014337274555
2017-10-16,1961.8640020443474
2017-10-17,1930.0148478488436
2017-10-18,1943.2847780981515
2017-10-19,1991.174317445772
2017-10-20,1993.3731296172102
2017-10-23,1868.316428404904
2017-10-24,1911.807050764612
2017-10-25,1943.5820611146116
2017-10-26,1913.9160767893366
2017-10-27,1899.1932212883528
2017-10-30,2007.2361237004475
2017-10-31,2066.3043086592947
2017-11-01,2105.4092310812716
2017-11-02,2180.8148152851722
2017-11-03,2237.188794028013
2017-11-06,2179.1209624624726
2017-11-07,2211.4045943249535
2017-11-08,2321.4417098426093
2017-11-09,2270.6318924479106
2017-11-10,2105.0576669620486
2017-11-13,2113.4352875589584
2017-11-14,2170.3456233290776
2017-11-15,2287.300204489912
2017-11-16,2425.368650527182
2017-11-17,2392.9854785568846
2017-11-20,2583.76996545017
2017-11-21,2526.635843080158
2017-11-22,2600.2540574793443
2017-11-23,2615.313071111936
2017-11-24,2774.5086581593177
2017-11-27,3025.5655942715307
2017-11-28,3105.955093452143
2017-11-29,2888.5285055633362
2017-11-30,2921.2749441997817
2017-12-01,3141.430682460403
2017-12-04,3258.9707164988067
2017-12-05,3204.4982226641882
2017-12-06,3389.516524497101
2017-12-07,3784.368650353574
2017-12-08,3824.4045176251243
2017-12-11,4117.770978318201
2017-12-12,4914.477384148904
2017-12-13,5326.630797342161
2017-12-14,6819.69797285129
2017-12-15,6609.940135955485
2017-12-18,7204.953206946224
2017-12-19,7040.520388800092
2017-12-20,6806.085994975332
2017-12-21,7700.1566204842675
2017-12-22,6656.520785442176
2017-12-25,6741.934444309527
2017-12-26,7079.738384552439
2017-12-27,7316.896377092088
2017-12-28,7307.28721565178
2017-12-29,9021.40669677204
2018-01-01,9209.497343920433
2018-01-02,9822.181727308167
2018-01-03,11031.44230464764
2018-01-04,11047.365723334418
2018-01-05,10947.003106023001
2018-01-08,11250.104268861853
2018-01-09,11291.648333358435
2018-01-10,11051.958251194512
2018-01-11,10548.964876475886
2018-01-12,10942.0816089652
2018-01-15,10590.607989677583
2018-01-16,9486.919141651599
2018-01-17,9469.456596011581
2018-01-18,9487.558576367528
2018-01-19,9519.444903115946
2018-01-22,9414.835340272024
2018-01-23,9395.234484550972
2018-01-24,9500.999757986729
2018-01-25,9462.756535242306
2018-01-26,9452.384480432269
2018-01-29,9628.426828258831
2018-01-30,9415.93758768959
2018-01-31,9483.828978221925
2018-02-01,9325.395466013419
2018-02-02,9183.721568635638
2018-02-05,8939.460641140866
2018-02-06,8992.577955375598
2018-02-07,8964.912060539535
2018-02-08,9017.083429425971
2018-02-09,9081.410687291404
2018-02-12,9089.264300178129
2018-02-13,9052.908900586104
2018-02-14,9157.859982200147
2018-02-15,9180.258233168805
2018-02-16,9193.757920027812
2018-02-19,9233.02906767706
2018-02-20,9166.437407198157
2018-02-21,9064.225689429733
2018-02-22,8996.234616790307
2018-02-23,9054.632457985224
2018-02-26,9064.232387291026
2018-02-27,9082.626641867157
2018-02-28,9020.474167608872
2018-03-01,9089.563418045676
2018-03-02,9076.3057020434
2018-03-05,9127.044727484137
2018-03-06,8984.023598669035
2018-03-07,8798.313352160349
2018-03-08,8670.407044227984
2018-03-09,8692.700223633516
2018-03-12,8632.354949926483
2018-03-13,8623.052354524532
2018-03-14,8350.472546224802
2018-03-15,8351.949304005999
2018-03-16,8342.822480068633
2018-03-19,8364.550807448752
2018-03-20,8386.150948224855
2018-03-21,8373.426655734633
2018-03-22,8317.086385929706
2018-03-23,8344.27975930278
2018-03-26,8127.290358163345
2018-03-27,8145.160109423423
2018-03-28,7968.023381936367
2018-03-29,7939.18616429963
2018-03-30,7946.721045131418
2018-04-02,8000.065584872187
2018-04-03,7878.181320118311
2018-04-04,7869.8584303559355
2018-04-05,7838.400291638105
2018-04-06,7855.766193320921
2018-04-09,7878.084330956627
2018-04-10,7936.64659682474
2018-04-11,8127.5971829622085
2018-04-12,8118.765067292244
2018-04-13,8147.788582787907
2018-04-16,8172.606129874046
2018-04-17,8449.102656374102
2018-04-18,8787.41825367119
2018-04-19,9414.347641734274
2018-04-20,9234.329901372643
2018-04-23,9909.823249952231
2018-04-24,9008.74308859401
2018-04-25,9504.919520279542
2018-04-26,9208.303279322807
2018-04-27,9625.132628212055
2018-04-30,9421.732009564497
2018-05-01,9607.09118604105
2018-05-02,10178.627582833222
2018-05-03,10216.404688892842
2018-05-04,10450.165283248532
2018-05-07,9554.667689616354
2018-05-08,9567.148991869288
2018-05-09,9203.312028027338
2018-05-10,8579.170519587775
2018-05-11,8637.25418436239
2018-05-14,8731.15841928121
2018-05-15,8750.191927008407
2018-05-16,8358.269559322085
2018-05-17,8535.707601459566
2018-05-18,8537.654825669666
2018-05-21,8225.91988964472
2018-05-22,7748.070064951731
2018-05-23,7945.757975921695
2018-05-24,7833.846915221577
2018-05-25,7826.423038383994
2018-05-28,7783.634754036577
2018-05-29,7757.768500258242
2018-05-30,7822.543831385688
2018-05-31,7847.31179726288
2018-06-01,7922.902878983855
2018-06-04,7928.674907338922
2018-06-05,7898.805560886676
