,ETH-USD+,cash,value
2013-01-01,0.720115090216,0.279884909784,138.304572708
2013-01-02,0.709455012429,0.290544987571,138.151940726
2013-01-03,0.741765747409,0.258234252591,139.029180417
2013-01-04,0.75997499336,0.24002500664,139.794117577
2013-01-07,0.792288052767,0.207711947233,140.493688406
2013-01-08,0.825424193923,0.174575806077,141.713486965
2013-01-09,0.837684004457,0.162315995543,141.965502398
2013-01-10,0.846736504522,0.153263495478,145.159387819
2013-01-11,0.845374250251,0.154625749749,145.158992331
2013-01-14,0.847271730736,0.152728269264,146.54742323
2013-01-15,0.824570651246,0.175429348754,146.106757601
2013-01-16,0.846024956692,0.153975043308,150.15999057
2013-01-17,0.850453888361,0.149546111639,156.800238435
2013-01-18,0.850737710202,0.149262289798,158.520481262
2013-01-21,0.853333052465,0.146666947535,167.967377848
2013-01-22,0.852860789667,0.147139210333,171.890672858
2013-01-23,0.850781240927,0.149218759073,173.92781908
2013-01-24,0.722777777778,0.277222222222,168.811439632
2013-01-25,0.825357372749,0.174642627251,172.388622697
2013-01-28,0.875792177547,0.124207822453,183.168597358
2013-01-29,0.868738109431,0.131261890569,190.105516587
2013-01-30,0.866184200979,0.133815799021,191.541745128
2013-01-31,0.867293396323,0.132706603677,197.520122542
2013-02-01,0.865782799472,0.134217200528,198.27472591
2013-02-04,0.855512968814,0.144487031186,197.684645408
2013-02-05,0.868626948709,0.131373051291,199.087142958
2013-02-06,0.866486118048,0.133513881952,203.954013876
2013-02-07,0.871404667886,0.128595332114,212.047502482
2013-02-08,0.866630026779,0.133369973221,216.298914299
2013-02-11,0.874044835758,0.125955164242,232.759990078
2013-02-12,0.878687707817,0.121312292183,237.050581432
2013-02-13,0.730277777778,0.269722222222,228.955044042
2013-02-14,0.887777777778,0.112222222222,249.758776194
2013-02-15,0.875865262839,0.124134737161,248.775550928
2013-02-18,0.851504682042,0.148495317958,247.557684624
2013-02-19,0.889395350608,0.110604649392,266.863994204
2013-02-20,0.884150124636,0.115849875364,268.7163257
2013-02-21,0.883347762261,0.116652237739,269.517009789
2013-02-22,0.885247547008,0.114752452992,273.518203882
2013-02-25,0.885016232403,0.114983767597,274.718454162
2013-02-26,0.888519517759,0.111480482241,280.316185929
2013-02-27,0.871893984453,0.128106015547,278.705511091
2013-02-28,0.889191261707,0.110808738293,298.203593112
2013-03-01,0.890458601006,0.109541398994,307.099347454
2013-03-04,0.89259986742,0.10740013258,320.176416358
2013-03-05,0.897403829304,0.102596170696,353.218694352
2013-03-06,0.895542286841,0.104457713159,358.639427968
2013-03-07,0.895354566756,0.104645433244,366.310889093
2013-03-08,0.896112170923,0.103887829077,383.331666079
2013-03-11,0.89945472825,0.10054527175,416.139292659
2013-03-12,0.628333333333,0.371666666667,384.136122944
2013-03-13,0.759398343777,0.240601656223,398.378294441
2013-03-14,0.769129508742,0.230870491258,399.983247916
2013-03-15,0.759099325899,0.240900674101,398.541086324
2013-03-18,0.894444444444,0.105555555556,428.409872005
2013-03-19,0.902505432433,0.0974945675673,484.399430506
2013-03-20,0.905026754133,0.0949732458673,523.942863169
2013-03-21,0.906509922226,0.0934900777736,570.700095382
2013-03-22,0.878888888889,0.121111111111,563.514019417
2013-03-25,0.895191482162,0.104808517838,589.941442733
2013-03-26,0.898453860815,0.101546139185,625.09788596
2013-03-27,0.904052199446,0.0959478005538,699.640352067
2013-03-28,0.825,0.175,680.043254664
2013-03-29,0.9,0.1,708.074095213
2013-04-01,0.913593100305,0.0864068996954,901.566712275
2013-04-02,0.91511297556,0.0848870244396,1020.37464965
2013-04-03,0.871944444444,0.128055555556,1000.36979578
2013-04-04,0.922669700005,0.0773302999946,1067.62577049
2013-04-05,0.916991796929,0.0830082030713,1069.75896241
2013-04-08,0.928629384414,0.0713706155855,1670.62080469
2013-04-09,0.193333333333,0.806666666667,1229.81323651
2013-04-10,0.0411111111111,0.958888888889,1171.75281954
2013-04-11,0.0298164335206,0.970183566479,1168.68529647
2013-04-12,0.0238460892776,0.976153910722,1161.5373934
2013-04-15,0.0176396037287,0.982360396271,1154.19887988
2013-04-16,0.0461851629992,0.953814837001,1161.50671443
2013-04-17,0.140118723668,0.859881276332,1170.49351111
2013-04-18,0.18781386953,0.81218613047,1184.65390006
2013-04-19,0.228962111713,0.771037888287,1199.86708471
2013-04-22,0.323748325142,0.676251674858,1236.27504914
2013-04-23,0.418429681675,0.581570318325,1265.98421558
2013-04-24,0.323445313104,0.676554686896,1222.88834129
2013-04-25,0.315935246179,0.684064753821,1209.46275075
2013-04-26,0.229170027816,0.770829972184,1184.44612578
2013-04-29,0.323008788952,0.676991211048,1208.07439314
2013-04-30,0.136367560701,0.863632439299,1143.67352028
2013-05-01,0.0901307348822,0.909869265118,1130.01635651
2013-05-02,0.0837965077601,0.91620349224,1122.20392148
2013-05-03,0.130721220931,0.869278779069,1136.31127402
2013-05-06,0.127379216423,0.872620783577,1131.96951508
2013-05-07,0.130765760901,0.869234239099,1136.70509734
2013-05-08,0.132786324081,0.867213675919,1136.17436099
2013-05-09,0.143043077947,0.856956922053,1142.71602878
2013-05-10,0.148013865447,0.851986134553,1139.83890002
2013-05-13,0.1401617118,0.8598382882,1133.64569136
2013-05-14,0.143037493979,0.856962506021,1137.66758231
2013-05-15,0.189185547836,0.810814452164,1143.25682058
2013-05-16,0.210889964891,0.789110035109,1152.90181981
2013-05-17,0.193319409162,0.806680590838,1152.29127979
2013-05-20,0.210667287252,0.789332712748,1151.67181515
2013-05-21,0.196367319501,0.803632680499,1153.43265058
2013-05-22,0.242232445201,0.757767554799,1157.90800654
2013-05-23,0.27543210812,0.72456789188,1172.95493677
2013-05-24,0.249621433904,0.750378566096,1170.20403016
2013-05-27,0.249713062202,0.750286937798,1163.57662734
2013-05-28,0.284273634548,0.715726365452,1170.82743279
2013-05-29,0.254834303695,0.745165696305,1162.08836344
2013-05-30,0.257790634996,0.742209365004,1162.12755461
2013-05-31,0.260853273933,0.739146726067,1163.23837707
2013-06-03,0.214717314031,0.785282685969,1144.61958075
2013-06-04,0.217756335893,0.782243664107,1145.62644287
2013-06-05,0.216626393111,0.783373606889,1139.62337697
2013-06-06,0.162906168989,0.837093831011,1122.98882318
2013-06-07,0.117760059021,0.882239940979,1117.77037821
2013-06-10,0.150213725533,0.849786274467,1119.05444446
2013-06-11,0.12141544131,0.87858455869,1118.651287
2013-06-12,0.123860927551,0.876139072449,1112.60447265
2013-06-13,0.113221379346,0.886778620654,1107.35344073
2013-06-14,0.113275807495,0.886724192505,1107.10212696
2013-06-17,0.144021846965,0.855978153035,1116.53799464
2013-06-18,0.151337866722,0.848662133278,1117.87212846
2013-06-19,0.215,0.785,1122.48883184
2013-06-20,0.209166666667,0.790833333333,1118.60019039
2013-06-21,0.162777777778,0.837222222222,1115.72303519
2013-06-24,0.145,0.855,1107.52281196
2013-06-25,0.146944444444,0.853055555556,1108.56156438
2013-06-26,0.132222222222,0.867777777778,1104.99510273
2013-06-27,0.0736524029347,0.926347597065,1094.71616603
2013-06-28,0.0777410243022,0.922258975698,1094.99734879
2013-07-01,0.0752614189385,0.924738581062,1090.8822274
2013-07-02,0.0667512781048,0.933248721895,1080.41994016
2013-07-03,0.0758663942861,0.924133605714,1081.45350943
2013-07-04,0.0614588042281,0.938541195772,1069.61523386
2013-07-05,0.0712478196754,0.928752180325,1070.7095993
2013-07-08,0.129722222222,0.870277777778,1078.3082022
2013-07-09,0.187222222222,0.812777777778,1098.82761471
2013-07-10,0.194166666667,0.805833333333,1101.10710451
2013-07-11,0.213333333333,0.786666666667,1113.12194184
2013-07-12,0.267777777778,0.732222222222,1123.95754276
2013-07-15,0.232777777778,0.767222222222,1120.1497615
2013-07-16,0.276666666667,0.723333333333,1123.81666029
2013-07-17,0.212222222222,0.787777777778,1097.10131727
2013-07-18,0.221944444444,0.778055555556,1102.07682384
2013-07-19,0.220555555556,0.779444444444,1096.27486588
2013-07-22,0.244444444444,0.755555555556,1111.69793678
2013-07-23,0.248888888889,0.751111111111,1110.34946647
2013-07-24,0.26,0.74,1115.73846862
2013-07-25,0.259444444444,0.740555555556,1112.95285066
2013-07-26,0.258333333333,0.741666666667,1108.07645987
2013-07-29,0.371388888889,0.628611111111,1149.0032693
2013-07-30,0.372777777778,0.627222222222,1142.07420799
2013-07-31,0.331666666667,0.668333333333,1133.13278302
2013-08-01,0.3425,0.6575,1134.91748144
2013-08-02,0.347777777778,0.652222222222,1136.581556
2013-08-05,0.389444444444,0.610555555556,1142.55852667
2013-08-06,0.393333333333,0.606666666667,1140.166576
2013-08-07,0.346944444444,0.653055555556,1127.6363293
2013-08-08,0.350555555556,0.649444444444,1126.67782484
2013-08-09,0.354166666667,0.645833333333,1127.43908439
2013-08-12,0.415,0.585,1152.92052008
2013-08-13,0.457777777778,0.542222222222,1165.75879954
2013-08-14,0.421388888889,0.578611111111,1153.50267825
2013-08-15,0.423333333333,0.576666666667,1149.07380948
2013-08-16,0.468611111111,0.531388888889,1165.77037101
2013-08-19,0.538333333333,0.461666666667,1206.59152074
2013-08-20,0.543055555556,0.456944444444,1217.84500538
2013-08-21,0.545555555556,0.454444444444,1210.85954094
2013-08-22,0.497777777778,0.502222222222,1191.86405657
2013-08-23,0.5175,0.4825,1197.27922589
2013-08-26,0.633888888889,0.366111111111,1257.61658356
2013-08-27,0.59,0.41,1242.15550298
2013-08-28,0.5925,0.4075,1245.22540544
2013-08-29,0.671944444444,0.328055555556,1294.88063804
2013-08-30,0.674166666667,0.325833333333,1313.59602483
2013-09-02,0.703055555556,0.296944444444,1332.37441748
2013-09-03,0.572048155205,0.427951844795,1257.3288045
2013-09-04,0.521388888889,0.478611111111,1244.6737872
2013-09-05,0.443943712515,0.556056287485,1203.15208937
2013-09-06,0.519722222222,0.480277777778,1234.06983836
2013-09-09,0.571944444444,0.428055555556,1252.00733531
2013-09-10,0.660555555556,0.339444444444,1303.01465569
2013-09-11,0.633957334407,0.366042665593,1286.29977693
2013-09-12,0.657222222222,0.342777777778,1293.91145251
2013-09-13,0.587820941653,0.412179058347,1269.86805984
2013-09-16,0.636944444444,0.363055555556,1283.07682515
2013-09-17,0.642716813236,0.357283186764,1290.46758148
2013-09-18,0.581666666667,0.418333333333,1258.67155585
2013-09-19,0.576356691805,0.423643308195,1251.94158135
2013-09-20,0.578744125781,0.421255874219,1255.01194075
2013-09-23,0.580555555556,0.419444444444,1257.17120038
2013-09-24,0.580555555556,0.419444444444,1258.36154656
2013-09-25,0.59185727561,0.40814272439,1269.70667588
2013-09-26,0.638888888889,0.361111111111,1279.62605958
2013-09-27,0.675160479039,0.324839520961,1300.55600179
2013-09-30,0.644649752081,0.355350247919,1286.92917375
2013-10-01,0.392632560081,0.607367439919,1184.06154075
2013-10-02,0.495555555556,0.504444444444,1214.05327157
2013-10-03,0.559417165073,0.440582834927,1240.70156177
2013-10-04,0.56023338173,0.43976661827,1240.09020488
2013-10-07,0.560269699497,0.439730300503,1239.02194908
2013-10-08,0.591267680533,0.408732319467,1254.26723073
2013-10-09,0.617737989538,0.382262010462,1259.0425173
2013-10-10,0.615410039478,0.384589960522,1257.32083054
2013-10-11,0.652611479449,0.347388520551,1272.64803338
2013-10-14,0.799444444444,0.200555555556,1360.68131911
2013-10-15,0.730219630373,0.269780369627,1324.24602035
2013-10-16,0.777222222222,0.222777777778,1354.32024415
2013-10-17,0.840277777778,0.159722222222,1425.5825554
2013-10-18,0.876981043579,0.123018956421,1531.36004509
2013-10-21,0.928072661889,0.0719273381115,1676.71599433
2013-10-22,0.918978426158,0.0810215738421,1868.15654888
2013-10-23,0.714166666667,0.285833333333,1709.34784499
2013-10-24,0.625217526681,0.374782473319,1655.40407007
2013-10-25,0.554722222222,0.445277777778,1606.4611424
2013-10-28,0.685,0.315,1692.79112917
2013-10-29,0.755672577452,0.244327422548,1743.5836357
2013-10-30,0.680555555556,0.319444444444,1694.54702488
2013-10-31,0.727247295373,0.272752704627,1711.9756052
2013-11-01,0.734722222222,0.265277777778,1725.28184751
2013-11-04,0.923333333333,0.0766666666667,1871.57926865
2013-11-05,0.9329371948,0.0670628051999,1966.90120328
2013-11-06,0.931998856009,0.0680011439907,2060.35130243
2013-11-07,0.928979342811,0.0710206571887,2391.48951854
2013-11-08,0.932012622641,0.0679873773585,2716.83582079
2013-11-11,0.931209493322,0.0687905066778,2773.7432777
2013-11-12,0.930707309659,0.0692926903407,2895.12204071
2013-11-13,0.93046452436,0.0695354756404,3283.68000972
2013-11-14,0.92068596404,0.0793140359605,3273.42912186
2013-11-15,0.919115715505,0.0808842844951,3277.03440484
2013-11-18,0.932954458302,0.0670455416982,5716.83899651
2013-11-19,0.588888888889,0.411111111111,4764.13755078
2013-11-20,0.548611111111,0.451388888889,4730.23772014
2013-11-21,0.79135019616,0.20864980384,5244.71352696
2013-11-22,0.869690910893,0.130309089107,5445.22331545
2013-11-25,0.923071910581,0.0769280894192,5609.95947617
2013-11-26,0.962603784356,0.0373962156439,6482.92014255
2013-11-27,0.951260754614,0.0487392453863,7189.98782795
2013-11-28,0.961424993207,0.0385750067925,7325.96292901
2013-11-29,0.950333998762,0.0496660012382,8000.74901673
2013-12-02,0.812195578473,0.187804421527,7303.30846287
2013-12-03,0.869721376018,0.130278623982,7617.94846518
2013-12-04,0.957735869454,0.0422641305463,8091.12110366
2013-12-05,0.764181124536,0.235818875464,7266.53183265
2013-12-06,0.351722770703,0.648277229297,5949.63583108
2013-12-09,0.451017378489,0.548982621511,6131.76611524
2013-12-10,0.58204773892,0.41795226108,6475.91255255
2013-12-11,0.439191669574,0.560808330426,6059.5163954
2013-12-12,0.403415044746,0.596584955254,6001.43426726
2013-12-13,0.45846215002,0.54153784998,6099.85994111
2013-12-16,0.22495072723,0.77504927277,5569.68384571
2013-12-17,0.154862607462,0.845137392538,5494.90901075
2013-12-18,0.0204608331337,0.979539166866,5286.71312843
2013-12-19,0.126011861846,0.873988138154,5323.85638901
2013-12-20,0.0465484142279,0.953451585772,5247.99556674
2013-12-23,0.0878349312541,0.912165068746,5271.3909922
2013-12-24,0.0679844047566,0.932015595243,5264.38439052
2013-12-25,0.0708025403137,0.929197459686,5266.65074599
2013-12-26,0.1789366865,0.8210633135,5315.54935387
2013-12-27,0.179441563571,0.820558436429,5316.8150974
2013-12-30,0.208216543682,0.791783456318,5318.6273344
2013-12-31,0.237315927389,0.762684072611,5319.84752666
2014-01-01,0.25740715215,0.74259284785,5335.3223326
2014-01-02,0.287007571391,0.712992428609,5404.06622909
2014-01-03,0.314350757431,0.685649242569,5453.34424575
2014-01-06,0.448741480359,0.551258519641,5701.1070805
2014-01-07,0.291250976075,0.708749023925,5364.32929925
2014-01-08,0.352957714247,0.647042285753,5468.4676965
2014-01-09,0.35517177389,0.64482822611,5464.55281473
2014-01-10,0.367563984537,0.632436015463,5507.5796255
2014-01-13,0.337481133857,0.662518866143,5433.68124079
2014-01-14,0.336946835373,0.663053164627,5426.46500399
2014-01-15,0.361347060657,0.638652939343,5469.89571778
2014-01-16,0.326028929764,0.673971070236,5411.35248438
2014-01-17,0.317746888154,0.682253111846,5373.9807359
2014-01-20,0.372350203135,0.627649796865,5491.55104614
2014-01-21,0.376121715972,0.623878284028,5504.91657254
2014-01-22,0.37339586355,0.62660413645,5480.68651654
2014-01-23,0.369614434123,0.630385565877,5466.05111246
2014-01-24,0.341269035544,0.658730964456,5406.73616966
2014-01-27,0.367950964108,0.632049035892,5460.85338705
2014-01-28,0.35202388493,0.64797611507,5437.581791
2014-01-29,0.42047683583,0.57952316417,5422.43186969
2014-01-30,0.442739303113,0.557260696887,5460.95482458
2014-01-31,0.439048084888,0.560951915112,5454.3981868
2014-02-03,0.423731600761,0.576268399239,5436.03958205
2014-02-04,0.420286655634,0.579713344366,5423.4822742
2014-02-05,0.389604573325,0.610395426675,5368.80080351
2014-02-06,0.270277777778,0.729722222222,5192.79902848
2014-02-07,0.103333333333,0.896666666667,4965.83240228
2014-02-10,0.0233449521692,0.976655047831,4881.82248736
2014-02-11,0.0333252621679,0.966674737832,4881.0057701
2014-02-12,0.0151195220157,0.984880477984,4867.4160908
2014-02-13,0.01824197373,0.98175802627,4856.32210362
2014-02-14,0.0222037061572,0.977796293843,4851.61188545
2014-02-17,0.0198118161298,0.98018818387,4812.41587432
2014-02-18,0.0491065115591,0.950893488441,4819.73683185
2014-02-19,0.00906547377269,0.990934526227,4793.29706882
2014-02-20,0.0126075605577,0.987392439442,4768.35571739
2014-02-21,0.0192221805971,0.980777819403,4768.09888137
2014-02-24,0.215316352174,0.784683647826,4817.62666434
2014-02-25,0.0858355069889,0.914164493011,4588.90307016
2014-02-26,0.234466490604,0.765533509396,5915.16342642
2014-02-27,0.238320611702,0.761679388298,5922.96287558
2014-02-28,0.219184228942,0.780815771058,5869.45478395
2014-03-03,0.257553179411,0.742446820589,6067.09395239
2014-03-04,0.257615579136,0.742384420864,6066.31327105
2014-03-05,0.256772070549,0.743227929451,6057.92872106
2014-03-06,0.250726339146,0.749273660854,6034.16726021
2014-03-07,0.241836079735,0.758163920265,5960.57738234
2014-03-10,0.240823828045,0.759176171955,5951.78783686
2014-03-11,0.239656426282,0.760343573718,5941.77848821
2014-03-12,0.242834911959,0.757165088041,5966.9036303
2014-03-13,0.244520075159,0.755479924841,5980.0262426
2014-03-14,0.241423751286,0.758576248714,5954.26719793
2014-03-17,0.239275641534,0.760724358466,5936.35610634
2014-03-18,0.237170134547,0.762829865453,5918.9030642
2014-03-19,0.236075337698,0.763924662302,5909.59688879
2014-03-20,0.218826141251,0.781173858749,5841.56675327
2014-03-21,0.2141460718,0.7858539282,5804.54640808
2014-03-24,0.224928322843,0.775071677157,5845.10450766
2014-03-25,0.21825665894,0.78174334106,5834.22548991
2014-03-26,0.218189160717,0.781810839283,5833.22935499
2014-03-27,0.223457241825,0.776542758175,5601.98008036
2014-03-28,0.230243109351,0.769756890649,5662.20877758
2014-03-31,0.222450247396,0.777549752604,5610.4437039
2014-04-01,0.199038544465,0.800961455535,5505.1075228
2014-04-02,0.204978920296,0.795021079704,5535.9204648
2014-04-03,0.208378223621,0.791621776379,5556.85225015
2014-04-04,0.212181029009,0.787818970991,5588.81777887
2014-04-07,0.218443751065,0.781556248935,5614.57582608
2014-04-08,0.21167106724,0.78832893276,5590.30075552
2014-04-09,0.201042510203,0.798957489797,5401.98545265
2014-04-10,0.224248958137,0.775751041863,5544.57517509
2014-04-11,0.203961732134,0.796038267866,5551.51108566
2014-04-14,0.218087498317,0.781912501683,5781.00995049
2014-04-15,0.221157525316,0.778842474684,5806.20098631
2014-04-16,0.208135369148,0.791864630852,5722.60092045
2014-04-17,0.197493054495,0.802506945505,5683.4399953
2014-04-18,0.208129803391,0.791870196609,5730.78705076
2014-04-21,0.197075477377,0.802924522623,5688.04113663
2014-04-22,0.196279594879,0.803720405121,5686.63282178
2014-04-23,0.204355685371,0.795644314629,5716.34244165
2014-04-24,0.186770363523,0.813229636477,5632.6840657
2014-04-25,0.20509128297,0.79490871703,5617.45966585
2014-04-28,0.199188730531,0.800811269469,5587.87526544
2014-04-29,0.198249199089,0.801750800911,5586.64422914
2014-04-30,0.203816492091,0.796183507909,5622.67705458
2014-05-01,0.199975256758,0.800024743242,5606.57037275
2014-05-02,0.193203486135,0.806796513865,5569.43457255
2014-05-05,0.189892114231,0.810107885769,5553.57659131
2014-05-06,0.194666650354,0.805333349646,5588.61279548
2014-05-07,0.191492307765,0.808507692235,5575.34539409
2014-05-08,0.192756715775,0.807243284225,5585.84687654
2014-05-09,0.756944444444,0.243055555556,5595.15947373
2014-05-12,0.709166666667,0.290833333333,5426.20017941
2014-05-13,0.7125,0.2875,5503.43382278
2014-05-14,0.742777777778,0.257222222222,5551.58614448
2014-05-15,0.748888888889,0.251111111111,5602.43348811
2014-05-16,0.744444444444,0.255555555556,5594.61851686
2014-05-19,0.856944444444,0.143055555556,5885.82257317
2014-05-20,0.862222222222,0.137777777778,5930.21879789
2014-05-21,0.910277777778,0.0897222222222,6207.11552341
2014-05-22,0.9175,0.0825,6236.96229129
2014-05-23,0.916111111111,0.0838888888889,6263.11775658
2014-05-26,0.939722222222,0.0602777777778,6810.15259558
2014-05-27,0.938333333333,0.0616666666667,6818.4401135
2014-05-28,0.911944444444,0.0880555555556,6746.13342797
2014-05-29,0.935555555556,0.0644444444444,7268.33047581
2014-05-30,0.934166666667,0.0658333333333,7441.0767211
2014-06-02,0.932777777778,0.0672222222222,7900.64170496
2014-06-03,0.827275490434,0.172724509566,7563.2569277
2014-06-04,0.902222222222,0.0977777777778,7770.28965622
2014-06-05,0.845277777778,0.154722222222,7665.67629301
2014-06-06,0.848888888889,0.151111111111,7678.1774956
2014-06-09,0.846944444444,0.153055555556,7717.64327035
2014-06-10,0.815,0.185,7590.87202549
2014-06-11,0.700555555556,0.299444444444,7148.42081991
2014-06-12,0.746666666667,0.253333333333,7258.69702599
2014-06-13,0.676944444444,0.323055555556,7018.67535192
2014-06-16,0.690555555556,0.309444444444,7195.07193096
2014-06-17,0.686388888889,0.313611111111,7204.20294169
2014-06-18,0.680833333333,0.319166666667,7154.88511625
2014-06-19,0.659722222222,0.340277777778,7078.17498908
2014-06-20,0.671666666667,0.328333333333,7127.75912072
2014-06-23,0.650555555556,0.349444444444,7061.18790071
2014-06-24,0.628611111111,0.371388888889,6902.45079574
2014-06-25,0.641666666667,0.358333333333,7011.11981001
2014-06-26,0.655833333333,0.344166666667,7161.81029255
2014-06-27,0.651388888889,0.348611111111,7125.34938276
2014-06-30,0.772777777778,0.227222222222,7478.27268486
2014-07-01,0.770555555556,0.229444444444,7500.96084497
2014-07-02,0.747777777778,0.252222222222,7431.81753821
2014-07-03,0.705555555556,0.294444444444,7308.70071131
2014-07-04,0.702222222222,0.297777777778,7300.39239619
2014-07-07,0.679166666667,0.320833333333,7237.22189319
2014-07-08,0.695555555556,0.304444444444,7298.37278572
2014-07-09,0.691111111111,0.308888888889,7260.76711803
2014-07-10,0.715277777778,0.284722222222,7378.23089455
2014-07-11,0.730555555556,0.269444444444,7403.03537187
2014-07-14,0.682777777778,0.317222222222,7263.77222316
2014-07-15,0.66,0.34,7225.04467417
2014-07-16,0.693055555556,0.306944444444,7315.99697553
2014-07-17,0.698611111111,0.301388888889,7323.12176288
2014-07-18,0.69,0.31,7319.49185142
2014-07-21,0.672222222222,0.327777777778,7282.92916984
2014-07-22,0.669722222222,0.330277777778,7276.29088722
2014-07-23,0.612777777778,0.387222222222,7120.20868075
2014-07-24,0.608611111111,0.391388888889,7110.22561245
2014-07-25,0.569166666667,0.430833333333,7077.26200119
2014-07-28,0.547777777778,0.452222222222,7007.87879774
2014-07-29,0.5075,0.4925,6868.96956552
2014-07-30,0.548611111111,0.451388888889,7022.15816339
2014-07-31,0.591111111111,0.408888888889,7082.12835551
2014-08-01,0.543333333333,0.456666666667,7032.13241214
2014-08-04,0.530555555556,0.469444444444,7012.85745721
2014-08-05,0.535,0.465,7019.18393758
2014-08-06,0.533333333333,0.466666666667,7038.43546905
2014-08-07,0.540833333333,0.459166666667,7057.66153924
2014-08-08,0.525,0.475,7016.92576286
2014-08-11,0.485277777778,0.514722222222,6879.89813373
2014-08-12,0.416111111111,0.583888888889,6728.77487654
2014-08-13,0.404444444444,0.595555555556,6536.04778995
2014-08-14,0.378611111111,0.621388888889,6492.03650391
2014-08-15,0.432777777778,0.567222222222,6618.03672203
2014-08-18,0.369722222222,0.630277777778,6415.03263047
2014-08-19,0.425555555556,0.574444444444,6569.29457052
2014-08-20,0.423888888889,0.576111111111,6575.54051997
2014-08-21,0.418611111111,0.581388888889,6565.58042242
2014-08-22,0.363333333333,0.636666666667,6466.8770702
2014-08-25,0.410277777778,0.589722222222,6536.60943166
2014-08-26,0.409166666667,0.590833333333,6550.54839184
2014-08-27,0.403055555556,0.596944444444,6527.19076578
2014-08-28,0.400277777778,0.599722222222,6536.46650149
2014-08-29,0.371111111111,0.628888888889,6502.43557864
2014-09-01,0.330277777778,0.669722222222,6373.20074964
2014-09-02,0.326388888889,0.673611111111,6377.97920661
2014-09-03,0.334444444444,0.665555555556,6425.42472624
2014-09-04,0.320555555556,0.679444444444,6393.16378503
2014-09-05,0.316666666667,0.683333333333,6396.58394695
2014-09-08,0.310555555556,0.689444444444,6356.54828225
2014-09-09,0.309166666667,0.690833333333,6376.45588412
2014-09-10,0.305833333333,0.694166666667,6371.44751265
2014-09-11,0.301388888889,0.698611111111,6368.30024052
2014-09-12,0.298333333333,0.701666666667,6370.0266122
2014-09-15,0.292777777778,0.707222222222,6324.63342146
2014-09-16,0.286666666667,0.713333333333,6302.13336557
2014-09-17,0.246388888889,0.753611111111,6157.53163862
2014-09-18,0.225277777778,0.774722222222,6062.33178952
2014-09-19,0.253473626687,0.746526373313,6109.66212091
2014-09-22,0.319527453536,0.680472546464,6204.31498502
2014-09-23,0.280215824163,0.719784175837,6144.50705226
2014-09-24,0.246666666667,0.753333333333,6097.51897919
2014-09-25,0.219166666667,0.780833333333,6068.66255574
2014-09-26,0.208055555556,0.791944444444,6050.66651351
2014-09-29,0.201388888889,0.798611111111,6016.40959488
2014-09-30,0.197777777778,0.802222222222,5999.75561773
2014-10-01,0.182777777778,0.817222222222,5975.74786292
2014-10-02,0.175277777778,0.824722222222,5941.67830255
2014-10-03,0.155277777778,0.844722222222,5860.97057812
2014-10-06,0.151666666667,0.848333333333,5850.98447142
2014-10-07,0.210328100638,0.789671899362,5901.81166667
2014-10-08,0.227583623749,0.772416376251,5937.18355185
2014-10-09,0.227655405994,0.772344594006,5940.17483945
2014-10-10,0.224874539704,0.775125460296,5938.31272335
2014-10-13,0.310742334198,0.689257665802,6070.13695575
2014-10-14,0.301992311654,0.698007688346,6051.38884187
2014-10-15,0.261666666667,0.738333333333,5988.70469477
2014-10-16,0.261388888889,0.738611111111,5991.62680637
2014-10-17,0.299444444444,0.700555555556,6034.04237311
2014-10-20,0.263888888889,0.736111111111,5994.23858988
2014-10-21,0.257777777778,0.742222222222,5980.03733559
2014-10-22,0.200605661877,0.799394338123,5885.31936536
2014-10-23,0.199171650778,0.800828349222,5883.04959106
2014-10-24,0.182547266786,0.817452733214,5855.24667056
2014-10-27,0.186677696107,0.813322303893,5865.60418775
2014-10-28,0.188118302582,0.811881697418,5868.6260982
2014-10-29,0.120728465599,0.879271534401,5817.78989607
2014-10-30,0.166798905174,0.833201094826,5837.70350834
2014-10-31,0.128165900404,0.871834099596,5817.54900543
2014-11-03,0.0983029954808,0.901697004519,5787.17557638
2014-11-04,0.105495005314,0.894504994686,5793.63103497
2014-11-05,0.154213207981,0.845786792019,5811.82953452
2014-11-06,0.182266246994,0.817733753006,5837.16087305
2014-11-07,0.164266388293,0.835733611707,5819.23101117
2014-11-10,0.228151429255,0.771848570745,5889.28972449
2014-11-11,0.223611111111,0.776388888889,5882.91486069
2014-11-12,0.390235605435,0.609764394565,6121.10318783
2014-11-13,0.385491150394,0.614508849606,6102.76667597
2014-11-14,0.294444444444,0.705555555556,5925.23921831
2014-11-17,0.246944444444,0.753055555556,5872.65683148
2014-11-18,0.240245898145,0.759754101855,5851.76245418
2014-11-19,0.241618539458,0.758381460542,5860.17590021
2014-11-20,0.18488377368,0.81511622632,5770.07460921
2014-11-21,0.167958581338,0.832041418662,5753.39532574
2014-11-24,0.227500309945,0.772499690055,5827.22274609
2014-11-25,0.226257644786,0.773742355214,5818.75310934
2014-11-26,0.196783723125,0.803216276875,5779.71900201
2014-11-27,0.200258738184,0.799741261816,5790.52957519
2014-11-28,0.225300247478,0.774699752522,5817.8249433
2014-12-01,0.225143174712,0.774856825288,5821.35839975
2014-12-02,0.225978207958,0.774021792042,5828.38462577
2014-12-03,0.223746019207,0.776253980793,5815.64476772
2014-12-04,0.201502508721,0.798497491279,5790.84687058
2014-12-05,0.228638206869,0.771361793131,5815.14968295
2014-12-08,0.190555555556,0.809444444444,5770.13226647
2014-12-09,0.162252107252,0.837747892748,5731.42460517
2014-12-10,0.150454588085,0.849545411915,5720.0863513
2014-12-11,0.150561539912,0.849438460088,5719.44091487
2014-12-12,0.165848113453,0.834151886547,5733.4572626
2014-12-15,0.14702352823,0.85297647177,5711.67150012
2014-12-16,0.0834692226336,0.916530777366,5674.17228404
2014-12-17,0.0450916730221,0.954908326978,5659.13425903
2014-12-18,0.0348636084065,0.965136391593,5651.31455432
2014-12-19,0.08842582113,0.91157417887,5655.44169704
2014-12-22,0.137685850756,0.862314149244,5675.47423826
2014-12-23,0.157022914151,0.842977085849,5685.68895075
2014-12-24,0.0880662145942,0.911933785406,5650.74280815
2014-12-25,0.0824100432194,0.917589956781,5645.4249926
2014-12-26,0.147055643582,0.852944356418,5660.75311925
2014-12-29,0.0609245101091,0.939075489891,5619.83641565
2014-12-30,0.0480780629399,0.95192193706,5616.59140237
2014-12-31,0.0877029254529,0.912297074547,5622.20444624
2015-01-01,0.0677493290943,0.932250670906,5616.79907904
2015-01-02,0.073093783472,0.926906216528,5617.12644312
2015-01-05,0.0365595882477,0.963440411752,5564.23044169
2015-01-06,0.0823643697703,0.91763563023,5569.23068569
2015-01-07,0.142790139013,0.857209860987,5583.32393671
2015-01-08,0.0789153432643,0.921084656736,5558.98096103
2015-01-09,0.116352904427,0.883647095573,5566.77350304
2015-01-12,0.0370516366036,0.962948363396,5524.03960954
2015-01-13,0.0462814453251,0.953718554675,5487.35933347
2015-01-14,0.0302355248709,0.969764475129,5422.61521643
2015-01-15,0.238270949448,0.761729050552,5465.04249634
2015-01-16,0.238377136864,0.761622863136,5447.26140665
2015-01-19,0.276367498912,0.723632501088,5503.09687302
2015-01-20,0.253412307199,0.746587692801,5465.41769808
2015-01-21,0.341493979789,0.658506020211,5580.52920912
2015-01-22,0.371944444444,0.628055555556,5618.0742155
2015-01-23,0.363531376454,0.636468623546,5613.22635583
2015-01-26,0.577222222222,0.422777777778,5936.50626307
2015-01-27,0.543696591313,0.456303408687,5860.9378101
2015-01-28,0.350369892116,0.649630107884,5530.97540601
2015-01-29,0.348304368142,0.651695631858,5513.08705802
2015-01-30,0.341304711032,0.658695288968,5495.38896188
2015-02-02,0.384155791089,0.615844208911,5551.78438988
2015-02-03,0.315323423815,0.684676576185,5448.91284404
2015-02-04,0.314686686828,0.685313313172,5442.64020236
2015-02-05,0.256138754983,0.743861245017,5366.0647084
2015-02-06,0.293725431154,0.706274568846,5406.60246929
2015-02-09,0.286944444444,0.713055555556,5387.89428613
2015-02-10,0.282827584592,0.717172415408,5383.15556017
2015-02-11,0.282834753328,0.717165246672,5377.32521763
2015-02-12,0.300870577607,0.699129422393,5397.73293194
2015-02-13,0.397816616483,0.602183383517,5502.12587696
2015-02-16,0.407471906051,0.592528093949,5498.86472802
2015-02-17,0.463747841722,0.536252158278,5568.35045679
2015-02-18,0.415646233279,0.584353766721,5482.96285253
2015-02-19,0.482319516872,0.517680483128,5547.42044452
2015-02-20,0.551972041614,0.448027958386,5575.43328171
2015-02-23,0.550555555556,0.449444444444,5503.64485452
2015-02-24,0.533097426447,0.466902573553,5504.33992302
2015-02-25,0.52473183797,0.47526816203,5485.10392648
2015-02-26,0.521907434398,0.478092565602,5475.38018111
2015-02-27,0.681775591532,0.318224408468,5678.47909796
2015-03-02,0.81581373718,0.18418626282,5986.89629274
2015-03-03,0.842386369382,0.157613630618,6109.73085359
2015-03-04,0.737777777778,0.262222222222,5948.40797897
2015-03-05,0.755167908516,0.244832091484,6001.64996498
2015-03-06,0.740574228087,0.259425771913,5957.52898039
2015-03-09,0.873346245159,0.126653754841,6238.71595221
2015-03-10,0.8775,0.1225,6264.03286929
2015-03-11,0.871476277047,0.128523722953,6343.73716762
2015-03-12,0.859820536199,0.140179463801,6310.86861985
2015-03-13,0.783611111111,0.216388888889,6187.32771133
2015-03-16,0.830788533377,0.169211466623,6240.78724803
2015-03-17,0.774444444444,0.225555555556,6150.31278096
2015-03-18,0.464444444444,0.535555555556,5655.04455636
2015-03-19,0.473720994141,0.526279005859,5706.41075722
2015-03-20,0.474549525645,0.525450474355,5715.21665675
2015-03-23,0.515833333333,0.484166666667,5752.91086588
2015-03-24,0.365,0.635,5541.89398431
2015-03-25,0.363133769185,0.636866230815,5539.0073401
2015-03-26,0.363511721564,0.636488278436,5552.46532475
2015-03-27,0.362233564436,0.637766435564,5545.86777828
2015-03-30,0.353471603098,0.646528396902,5520.93591017
2015-03-31,0.358821966469,0.641178033531,5537.60385314
2015-04-01,0.404444444444,0.595555555556,5588.48529909
2015-04-02,0.406249594374,0.593750405626,5605.30700436
2015-04-03,0.401400696385,0.598599303615,5591.04187379
2015-04-06,0.401413500538,0.598586499462,5591.7511372
2015-04-07,0.340069450562,0.659930549438,5516.62233122
2015-04-08,0.301111111111,0.698888888889,5506.61673762
2015-04-09,0.251388888889,0.748611111111,5447.61523034
2015-04-10,0.250555555556,0.749444444444,5457.80080418
2015-04-13,0.165,0.835,5350.109134
2015-04-14,0.214166666667,0.785833333333,5369.78348535
2015-04-15,0.214166666667,0.785833333333,5395.58348379
2015-04-16,0.212612971256,0.787387028744,5368.23699131
2015-04-17,0.212719735932,0.787280264068,5372.12904722
2015-04-20,0.265833333333,0.734166666667,5424.74982619
2015-04-21,0.266388888889,0.733611111111,5425.05276274
2015-04-22,0.269166666667,0.730833333333,5435.05172356
2015-04-23,0.266944444444,0.733055555556,5408.25129207
2015-04-24,0.22551622249,0.77448377751,5376.92436459
2015-04-27,0.216944444444,0.783055555556,5375.06543078
2015-04-28,0.217777777778,0.782222222222,5373.03934366
2015-04-29,0.275975121536,0.724024878464,5426.22282704
2015-04-30,0.275555555556,0.724444444444,5409.94384223
2015-05-01,0.278611111111,0.721388888889,5423.54591258
2015-05-04,0.281388888889,0.718611111111,5426.60225834
2015-05-05,0.257608490742,0.742391509258,5388.90686854
2015-05-06,0.331666666667,0.668333333333,5434.64647592
2015-05-07,0.343888888889,0.656111111111,5480.14248314
2015-05-08,0.341944444444,0.658055555556,5462.04737065
2015-05-11,0.344444444444,0.655555555556,5463.41461856
2015-05-12,0.321817150706,0.678182849294,5422.71431045
2015-05-13,0.324369125948,0.675630874052,5426.53075884
2015-05-14,0.327968623892,0.672031376108,5428.723767
2015-05-15,0.319086303165,0.680913696835,5421.35618531
2015-05-18,0.291388888889,0.708611111111,5390.26888894
2015-05-19,0.298888888889,0.701111111111,5403.33949439
2015-05-20,0.303708825525,0.696291174475,5413.1032042
2015-05-21,0.359722222222,0.640277777778,5447.39750735
2015-05-22,0.357222222222,0.642777777778,5435.72760799
2015-05-25,0.356388888889,0.643611111111,5426.78588071
2015-05-26,0.358055555556,0.641944444444,5422.28956399
2015-05-27,0.359722222222,0.640277777778,5422.51737625
2015-05-28,0.359722222222,0.640277777778,5420.13066504
2015-05-29,0.305555555556,0.694444444444,5388.24388879
2015-06-01,0.2355043253,0.7644956747,5334.75829697
2015-06-02,0.234722222222,0.765277777778,5333.91635217
2015-06-03,0.219703385747,0.780296614253,5326.16453258
2015-06-04,0.233611111111,0.766388888889,5331.60924395
2015-06-05,0.2325,0.7675,5328.56143239
2015-06-08,0.295555555556,0.704444444444,5354.50047767
2015-06-09,0.29028377858,0.70971622142,5349.14320889
2015-06-10,0.294507439411,0.705492560589,5356.50628629
2015-06-11,0.29959983921,0.70040016079,5360.43755498
2015-06-12,0.315,0.685,5374.36863688
2015-06-15,0.453055555556,0.546944444444,5499.32419995
2015-06-16,0.446388888889,0.553611111111,5474.94303917
2015-06-17,0.455,0.545,5485.33240301
2015-06-18,0.400555555556,0.599444444444,5441.48448691
2015-06-19,0.416944444444,0.583055555556,5448.90401636
2015-06-22,0.404444444444,0.595555555556,5437.46699538
2015-06-23,0.392777777778,0.607222222222,5408.50496675
2015-06-24,0.4,0.6,5426.10985085
2015-06-25,0.408611111111,0.591388888889,5429.51032469
2015-06-26,0.48119419746,0.51880580254,5499.85008198
2015-06-29,0.576634401685,0.423365598315,5640.27686401
2015-06-30,0.518888888889,0.481111111111,5559.65311173
2015-07-01,0.494166666667,0.505833333333,5528.72535321
2015-07-02,0.496388888889,0.503611111111,5534.28028455
2015-07-03,0.558333333333,0.441666666667,5589.04469622
2015-07-06,0.608055555556,0.391944444444,5656.3366714
2015-07-07,0.611944444444,0.388055555556,5687.71245853
2015-07-08,0.616111111111,0.383888888889,5694.14820208
2015-07-09,0.695315863826,0.304684136174,5882.13234759
2015-07-10,0.761404753738,0.238595246262,6001.83795991
2015-07-13,0.716990256626,0.283009743374,5922.92754481
2015-07-14,0.668413692935,0.331586307065,5869.9943846
2015-07-15,0.602247106646,0.397752893354,5774.7285426
2015-07-16,0.620857491988,0.379142508012,5812.64260115
2015-07-17,0.58073455285,0.41926544715,5740.34390671
2015-07-20,0.598055555556,0.401944444444,5752.80656509
2015-07-21,0.598611111111,0.401388888889,5769.9334892
2015-07-22,0.59696835156,0.40303164844,5758.18008639
2015-07-23,0.713742538236,0.286257461764,5917.28065477
2015-07-24,0.719522246916,0.280477753084,5922.63423402
2015-07-27,0.76497718495,0.23502281505,5995.34053827
2015-07-28,0.713462983407,0.286537016593,5911.53116545
2015-07-29,0.693125135952,0.306874864048,5891.55706673
2015-07-30,0.663611111111,0.336388888889,5844.42998851
2015-07-31,0.614350441882,0.385649558118,5799.32190669
2015-08-03,0.664181536641,0.335818463359,5847.43354763
2015-08-04,0.644789695346,0.355210304654,5811.98596282
2015-08-05,0.592176329976,0.407823670024,5761.92547601
2015-08-06,0.59219202962,0.40780797038,5760.57427591
2015-08-07,0.394444444444,0.605555555556,5521.69407545
2015-08-10,0.481497981407,0.518502018593,5608.68174979
2015-08-11,0.470335816801,0.529664183199,5594.81859282
2015-08-12,0.426077352514,0.573922647486,5552.8795639
2015-08-13,0.441111111111,0.558888888889,5567.00872403
2015-08-14,0.400614735839,0.599385264161,5524.81682439
2015-08-17,0.295113904915,0.704886095085,5406.55287648
2015-08-18,0.143055555556,0.856944444444,5271.10521596
2015-08-19,0.211010130307,0.788989869693,5299.33263538
2015-08-20,0.201545613053,0.798454386947,5288.47984702
2015-08-21,0.171379117468,0.828620882532,5275.06478327
2015-08-24,0.111666666667,0.888333333333,5238.92978864
2015-08-25,0.147653835774,0.852346164226,5250.40610731
2015-08-26,0.128313327181,0.871686672819,5242.497177
2015-08-27,0.18079643614,0.81920356386,5268.9032819
2015-08-28,0.177743994695,0.822256005305,5255.97935736
2015-08-31,0.165555555556,0.834444444444,5250.46328876
2015-09-01,0.176655151793,0.823344848207,5255.90406444
2015-09-02,0.146111111111,0.853888888889,5245.73083877
2015-09-03,0.177955016852,0.822044983148,5259.14321717
2015-09-04,0.207711455014,0.792288544986,5272.75419792
2015-09-07,0.274524413879,0.725475586121,5316.97472699
2015-09-08,0.237797465062,0.762202534938,5281.65048808
2015-09-09,0.252823451854,0.747176548146,5285.04163418
2015-09-10,0.259427289218,0.740572710782,5295.20145306
2015-09-11,0.220762519074,0.779237480926,5270.20594731
2015-09-14,0.182180036086,0.817819963914,5239.8707287
2015-09-15,0.179458929839,0.820541070161,5235.9807648
2015-09-16,0.2051428714,0.7948571286,5252.67444188
2015-09-17,0.214101572205,0.785898427795,5250.21517898
2015-09-18,0.191699915401,0.808300084599,5244.66343468
2015-09-21,0.190759622711,0.809240377289,5239.87594103
2015-09-22,0.19213751977,0.80786248023,5239.33918911
2015-09-23,0.223116196353,0.776883803647,5255.98833163
2015-09-24,0.236079670337,0.763920329663,5262.2331348
2015-09-25,0.237411960442,0.762588039558,5258.35464824
2015-09-28,0.243313046505,0.756686953495,5271.15309839
2015-09-29,0.243645751185,0.756354248815,5266.91692408
2015-09-30,0.252625543578,0.747374456422,5272.92345519
2015-10-01,0.249732234388,0.750267765612,5270.98523133
2015-10-02,0.292818094463,0.707181905537,5280.94556247
2015-10-05,0.338920921288,0.661079078712,5329.52742108
2015-10-06,0.312917136476,0.687082863524,5306.09148643
2015-10-07,0.308274742465,0.691725257535,5303.3126801
2015-10-08,0.325106175329,0.674893824671,5312.98740896
2015-10-09,0.342995007049,0.657004992951,5322.08192694
2015-10-12,0.364080674618,0.635919325382,5347.41061665
2015-10-13,0.399116896222,0.600883103778,5374.85248006
2015-10-14,0.407907935523,0.592092064477,5392.71772124
2015-10-15,0.481111111111,0.518888888889,5464.89390041
2015-10-16,0.529442359317,0.470557640683,5531.54767855
2015-10-19,0.529893259848,0.470106740152,5533.39139776
2015-10-20,0.525952271529,0.474047728471,5504.67868269
2015-10-21,0.578333333333,0.421666666667,5583.40926105
2015-10-22,0.596214309384,0.403785690616,5612.65150537
2015-10-23,0.646666666667,0.353333333333,5680.29396973
2015-10-26,0.668055555556,0.331944444444,5713.74436773
2015-10-27,0.731807167632,0.268192832368,5840.40221064
2015-10-28,0.806944444444,0.193055555556,5968.39676338
2015-10-29,0.863466529243,0.136533470757,6127.87675619
2015-10-30,0.877968536371,0.122031463629,6355.34704571
2015-11-02,0.886618543638,0.113381456362,6903.89765045
2015-11-03,0.895641408943,0.104358591057,7537.84447085
2015-11-04,0.895890647611,0.104109352389,7612.75386357
2015-11-05,0.715,0.285,7300.60701876
2015-11-06,0.6375,0.3625,7123.76149316
2015-11-09,0.690419789247,0.309580210753,7250.93709567
2015-11-10,0.358055555556,0.641944444444,6673.36205591
2015-11-11,0.203888888889,0.796111111111,6444.64912895
2015-11-12,0.346919856069,0.653080143931,6568.6614813
2015-11-13,0.345047199912,0.654952800088,6568.09141166
2015-11-16,0.300947286352,0.699052713648,6543.3714658
2015-11-17,0.331517092181,0.668482907819,6565.06720892
2015-11-18,0.343420538476,0.656579461524,6578.02967445
2015-11-19,0.289431927448,0.710568072552,6503.84661505
2015-11-20,0.267850935261,0.732149064739,6481.23894507
2015-11-23,0.261482691149,0.738517308851,6486.55458452
2015-11-24,0.248599116045,0.751400883955,6466.56599053
2015-11-25,0.28947322876,0.71052677124,6512.4124216
2015-11-26,0.400154614568,0.599845385432,6662.09986634
2015-11-27,0.438760956406,0.561239043594,6705.19685468
2015-11-30,0.526716437181,0.473283562819,6855.1608834
2015-12-01,0.4375,0.5625,6699.61607119
2015-12-02,0.434465640779,0.565534359221,6684.8476975
2015-12-03,0.43329353051,0.56670646949,6687.49136817
2015-12-04,0.434561635098,0.565438364902,6698.42415159
2015-12-07,0.591944444444,0.408055555556,6959.06073928
2015-12-08,0.682952203048,0.317047796952,7129.17084567
2015-12-09,0.706192173221,0.293807826779,7192.07125669
2015-12-10,0.70823268214,0.29176731786,7185.81148195
2015-12-11,0.895555555556,0.104444444444,7603.97272572
2015-12-14,0.841666666667,0.158333333333,7484.6435803
2015-12-15,0.9,0.1,7778.17268328
2015-12-16,0.841944444444,0.158055555556,7646.11075625
2015-12-17,0.854952858494,0.145047141506,7667.8981462
2015-12-18,0.898566864369,0.101433135631,7777.35451378
2015-12-21,0.736111111111,0.263888888889,7388.80736977
2015-12-22,0.73390615573,0.26609384427,7381.8180334
2015-12-23,0.746510372912,0.253489627088,7448.60728247
2015-12-24,0.828663545711,0.171336454289,7580.04215969
2015-12-25,0.834949719656,0.165050280344,7594.78890645
2015-12-28,0.617222222222,0.382777777778,7140.67780815
2015-12-29,0.669498952528,0.330501047472,7246.18317601
2015-12-30,0.641958880144,0.358041119856,7192.24302943
2015-12-31,0.638452838539,0.361547161461,7222.43680269
2016-01-01,0.571222650453,0.428777349547,7081.6003573
2016-01-04,0.631666666667,0.368333333333,7212.76306069
2016-01-05,0.618652063292,0.381347936708,7177.11226621
2016-01-06,0.627313545417,0.372686454583,7211.87223619
2016-01-07,0.606232712775,0.393767287225,7163.98174448
2016-01-08,0.715555555556,0.284444444444,7370.48598388
2016-01-11,0.894722222222,0.105277777778,7876.77472803
2016-01-12,0.898807194589,0.101192805411,8790.23482131
2016-01-13,0.7075,0.2925,8268.90255674
2016-01-14,0.726972110307,0.273027889693,8371.27577631
2016-01-15,0.825277777778,0.174722222222,8579.59284975
2016-01-18,0.89565824478,0.10434175522,10171.9778489
2016-01-19,0.411111111111,0.588888888889,8613.07722489
2016-01-20,0.77,0.23,9536.65134134
2016-01-21,0.765888888889,0.234111111111,9536.57292887
2016-01-22,0.73022306328,0.26977693672,9441.08096792
2016-01-25,0.943888888889,0.0561111111111,13883.5541504
2016-01-26,0.765833333333,0.234166666667,12830.3747215
2016-01-27,0.840956197847,0.159043802153,13341.3350286
2016-01-28,0.943055555556,0.0569444444444,13941.4934218
2016-01-29,0.8225,0.1775,13216.3894953
2016-02-01,0.6375,0.3625,12129.3805547
2016-02-02,0.821388888889,0.178611111111,13123.3273875
2016-02-03,0.872413824283,0.127586175717,13474.0895528
2016-02-04,0.892739986252,0.107260013748,13659.4380959
2016-02-05,0.890248021945,0.109751978055,13611.9314908
2016-02-08,0.944281517598,0.0557184824017,16451.1313905
2016-02-09,0.943055555556,0.0569444444444,19400.4008109
2016-02-10,0.942777777778,0.0572222222222,22270.9660982
2016-02-11,0.909398176229,0.0906018237711,32067.1007879
2016-02-12,0.607819065451,0.392180934549,26975.2531451
2016-02-15,0.59303743283,0.40696256717,26819.0179256
2016-02-16,0.327413984686,0.672586015314,23852.0062136
2016-02-17,0.230706256118,0.769293743882,23131.7520526
2016-02-18,0.328503254986,0.671496745014,23819.5349452
2016-02-19,0.359482811623,0.640517188377,23979.7955614
2016-02-22,0.553832354107,0.446167645893,26200.8101118
2016-02-23,0.582434972146,0.417565027854,26458.6626827
2016-02-24,0.66872919649,0.33127080351,27888.1329393
2016-02-25,0.611397974662,0.388602025338,26987.4950192
2016-02-26,0.63865443205,0.36134556795,27264.4857894
2016-02-29,0.694351014771,0.305648985229,28186.1455527
2016-03-01,0.829809968898,0.170190031102,32002.3206688
2016-03-02,0.860261222458,0.139738777542,35885.2115922
2016-03-03,0.87142960999,0.12857039001,38191.4440209
2016-03-04,0.869385832574,0.130614167426,40362.0435404
2016-03-07,0.822619917932,0.177380082068,38738.0782583
2016-03-08,0.835960500801,0.164039499199,40012.1510675
2016-03-09,0.867293740214,0.132706259786,45665.0264702
2016-03-10,0.823517458353,0.176482541647,44152.680922
2016-03-11,0.842579375038,0.157420624962,44609.3458798
2016-03-14,0.872654313784,0.127345686216,48784.1888148
2016-03-15,0.845814718439,0.154185281561,50790.4643802
2016-03-16,0.840187300724,0.159812699276,50232.1534198
2016-03-17,0.685513471041,0.314486528959,44404.1755049
2016-03-18,0.651595505653,0.348404494347,43336.1886968
2016-03-21,0.751359912501,0.248640087499,46534.2678682
2016-03-22,0.666948188167,0.333051811833,43577.8007795
2016-03-23,0.769645497928,0.230354502072,47097.966963
2016-03-24,0.683814761215,0.316185238785,43670.2199967
2016-03-25,0.63187510092,0.36812489908,42485.9090608
2016-03-28,0.729192604651,0.270807395349,45091.2024871
2016-03-29,0.735917506717,0.264082493283,45511.2841939
2016-03-30,0.70073559388,0.29926440612,44183.7606806
2016-03-31,0.713828721913,0.286171278087,44779.9281196
2016-04-01,0.736005597341,0.263994402659,44722.9402139
2016-04-04,0.626512524492,0.373487475508,41256.2173424
2016-04-05,0.668422021206,0.331577978794,42248.5779448
2016-04-06,0.684239883573,0.315760116427,40387.7211842
2016-04-07,0.627241382691,0.372758617309,39451.5904564
2016-04-08,0.532777777778,0.467222222222,37971.716701
2016-04-11,0.171666666667,0.828333333333,34348.0424363
2016-04-12,0.259337875822,0.740662124178,34726.3459919
2016-04-13,0.359166666667,0.640833333333,35236.7119727
2016-04-14,0.298292518746,0.701707481254,34844.8916201
2016-04-15,0.381415840428,0.618584159572,35168.318909
2016-04-18,0.504444444444,0.495555555556,35618.9507784
2016-04-19,0.343611111111,0.656388888889,35136.747733
2016-04-20,0.290630546065,0.709369453935,34582.3996514
2016-04-21,0.24848386754,0.75151613246,34185.4221444
2016-04-22,0.306605772125,0.693394227875,34702.9564625
2016-04-25,0.209234657766,0.790765342234,33660.5566422
2016-04-26,0.233298942572,0.766701057428,33912.8809831
2016-04-27,0.175684686532,0.824315313468,33431.1378875
2016-04-28,0.202773049447,0.797226950553,33598.5629148
2016-04-29,0.354189868857,0.645810131143,34787.7025354
2016-05-02,0.427222222222,0.572777777778,35537.094176
2016-05-03,0.437970898091,0.562029101909,35633.6594499
2016-05-04,0.490833333333,0.509166666667,36226.3452764
2016-05-05,0.417168167607,0.582831832393,35277.5450002
2016-05-06,0.413162830331,0.586837169669,35324.8337212
2016-05-09,0.438588865142,0.561411134858,35464.443539
2016-05-10,0.519501056493,0.480498943507,36420.5109372
2016-05-11,0.538511218538,0.461488781462,36666.0682473
2016-05-12,0.6102390391,0.3897609609,37404.3648825
2016-05-13,0.540317223833,0.459682776167,36659.1977249
2016-05-16,0.844722222222,0.155277777778,40781.533182
2016-05-17,0.932222222222,0.0677777777778,43669.4068917
2016-05-18,0.924573096439,0.0754269035611,47344.0888546
2016-05-19,0.805555555556,0.194444444444,45037.2872422
2016-05-20,0.831626675011,0.168373324989,45616.4882441
2016-05-23,0.605277777778,0.394722222222,41980.3339594
2016-05-24,0.601864049148,0.398135950852,41798.9803435
2016-05-25,0.571747971206,0.428252028794,41475.4779747
2016-05-26,0.419444444444,0.580555555556,39049.597557
2016-05-27,0.466319047502,0.533680952498,39710.1155066
2016-05-30,0.705555555556,0.294444444444,43362.9751356
2016-05-31,0.703916416155,0.296083583845,43318.6785355
2016-06-01,0.697091331935,0.302908668065,43207.911429
2016-06-02,0.695229299977,0.304770700023,43207.75052
2016-06-03,0.679611770622,0.320388229378,42944.9709748
2016-06-06,0.77522853715,0.22477146285,44540.1956822
2016-06-07,0.784538561763,0.215461438237,44611.2837488
2016-06-08,0.787660025916,0.212339974084,44732.2459415
2016-06-09,0.719444444444,0.280555555556,43462.2666097
2016-06-10,0.718333333333,0.281666666667,43551.650849
2016-06-13,0.946666666667,0.0533333333333,54009.3817567
2016-06-14,0.893333333333,0.106666666667,52910.0685033
2016-06-15,0.946411903861,0.0535880961394,58872.0063819
2016-06-16,0.353888888889,0.646111111111,44962.746509
2016-06-17,0.0877777777778,0.912222222222,40702.4034925
2016-06-20,0.129395000153,0.870604999847,41124.3628066
2016-06-21,0.160563403037,0.839436596963,41331.4965498
2016-06-22,0.178333333333,0.821666666667,41516.2157069
2016-06-23,0.208647217163,0.791352782837,41879.5732289
2016-06-24,0.207222222222,0.792777777778,41897.8206783
2016-06-27,0.100500181457,0.899499818543,40595.9686729
2016-06-28,0.1225,0.8775,40799.3837093
2016-06-29,0.108580930174,0.891419069826,40657.488982
2016-06-30,0.10057252975,0.89942747025,40596.4227174
2016-07-01,0.0966527503145,0.903347249685,40532.7888016
2016-07-04,0.0533274228983,0.946672577102,40012.8651985
2016-07-05,0.0547092454991,0.945290754501,40025.0291917
2016-07-06,0.0447309298869,0.955269070113,39932.7309506
2016-07-07,0.0780116950668,0.921988304933,40148.6663562
2016-07-08,0.0653820599014,0.934617940099,40042.5208629
2016-07-11,0.0525500512104,0.94744994879,39950.5591566
2016-07-12,0.0512496070114,0.948750392989,39930.5745686
2016-07-13,0.0791374389017,0.920862561098,40146.3378376
2016-07-14,0.0815960514252,0.918403948575,40237.0808993
2016-07-15,0.0803175401725,0.919682459827,40156.8911461
2016-07-18,0.0835809956366,0.916419004363,40167.7808441
2016-07-19,0.111279120399,0.888720879601,40428.7261703
2016-07-20,0.116938321948,0.883061678052,40471.3964388
2016-07-21,0.219444444444,0.780555555556,41271.965075
2016-07-22,0.198621767427,0.801378232573,41013.9761156
2016-07-25,0.100277777778,0.899722222222,39695.6278859
2016-07-26,0.131666666667,0.868333333333,40013.3398673
2016-07-27,0.130614487614,0.869385512386,39940.6297356
2016-07-28,0.133690563407,0.866309436593,39940.3840148
2016-07-29,0.127464322362,0.872535677638,39815.6355638
2016-08-01,0.0244444444444,0.975555555556,38086.586016
2016-08-02,0.071714879698,0.928285120302,38321.2453491
2016-08-03,0.107214299165,0.892785700835,38527.2664021
2016-08-04,0.104166666667,0.895833333333,38468.1800149
2016-08-05,0.105555555556,0.894444444444,38431.7447584
2016-08-08,0.134525631023,0.865474368977,38900.8507811
2016-08-09,0.138564885651,0.861435114349,38900.5365203
2016-08-10,0.129997478293,0.870002521707,38662.0885903
2016-08-11,0.137408366156,0.862591633844,38704.6209392
2016-08-12,0.135555555556,0.864444444444,38605.2687581
2016-08-15,0.127777777778,0.872222222222,38428.4236711
2016-08-16,0.126944444444,0.873055555556,38252.3407642
2016-08-17,0.13,0.87,38252.1069999
2016-08-18,0.128055555556,0.871944444444,38224.3030049
2016-08-19,0.145555555556,0.854444444444,38483.9257701
2016-08-22,0.141388888889,0.858611111111,38349.755364
2016-08-23,0.145,0.855,38349.4783935
2016-08-24,0.1575,0.8425,38520.5312686
2016-08-25,0.159722222222,0.840277777778,38472.1706619
2016-08-26,0.157777777778,0.842222222222,38433.8845783
2016-08-29,0.161944444444,0.838055555556,38444.4208187
2016-08-30,0.179722222222,0.820277777778,38632.1995941
2016-08-31,0.196944444444,0.803055555556,39028.2597554
2016-09-01,0.198611111111,0.801388888889,38946.1607741
2016-09-02,0.200833333333,0.799166666667,38798.4757133
2016-09-05,0.197777777778,0.802222222222,38699.7634064
2016-09-06,0.197777777778,0.802222222222,38627.6874913
2016-09-07,0.196666666667,0.803333333333,38495.728505
2016-09-08,0.209166666667,0.790833333333,38714.4644516
2016-09-09,0.221666666667,0.778333333333,38941.8641493
2016-09-12,0.225277777778,0.774722222222,38848.3110554
2016-09-13,0.229166666667,0.770833333333,38884.7757164
2016-09-14,0.233055555556,0.766944444444,38877.0172768
2016-09-15,0.260555555556,0.739444444444,39368.0436516
2016-09-16,0.266944444444,0.733055555556,39546.7623442
2016-09-19,0.401353369957,0.598646630043,41093.4561618
2016-09-20,0.304166666667,0.695833333333,39966.3996208
2016-09-21,0.285555555556,0.714444444444,39425.191056
2016-09-22,0.300555555556,0.699444444444,39638.9984177
2016-09-23,0.262777777778,0.737222222222,39235.2850468
2016-09-26,0.293055555556,0.706944444444,39376.8715886
2016-09-27,0.301944444444,0.698055555556,39561.559529
2016-09-28,0.299444444444,0.700555555556,39444.7657314
2016-09-29,0.305555555556,0.694444444444,39507.1509578
2016-09-30,0.307777777778,0.692222222222,39479.5847196
2016-10-03,0.312222222222,0.687777777778,39580.554683
2016-10-04,0.309722222222,0.690277777778,39367.0698097
2016-10-05,0.282777777778,0.717222222222,39160.3107932
2016-10-06,0.273055555556,0.726944444444,38996.3041401
2016-10-07,0.249722222222,0.750277777778,38625.5322311
2016-10-10,0.222222222222,0.777777777778,38237.8517373
2016-10-11,0.2225,0.7775,38252.3139803
2016-10-12,0.233888888889,0.766111111111,38432.5028397
2016-10-13,0.231289421304,0.768710578696,38342.7010672
2016-10-14,0.2325,0.7675,38387.3908192
2016-10-17,0.268888888889,0.731111111111,38788.1805195
2016-10-18,0.233670101832,0.766329898168,38352.2140063
2016-10-19,0.236627804958,0.763372195042,38404.4315251
2016-10-20,0.243380513754,0.756619486246,38419.0189573
2016-10-21,0.24334775235,0.75665224765,38411.2629055
2016-10-24,0.198784915893,0.801215084107,37881.6033538
2016-10-25,0.209742705335,0.790257294665,37960.3056647
2016-10-26,0.203298124952,0.796701875048,37911.4293616
2016-10-27,0.181026481443,0.818973518557,37674.1118217
2016-10-28,0.153453825951,0.846546174049,37248.0259258
2016-10-31,0.203888888889,0.796111111111,37530.8170298
2016-11-01,0.190833333333,0.809166666667,37417.7945848
2016-11-02,0.195555555556,0.804444444444,37464.0130341
2016-11-03,0.1975,0.8025,37490.9951579
2016-11-04,0.230277777778,0.769722222222,37672.9205057
2016-11-07,0.207801734441,0.792198265559,37492.2316988
2016-11-08,0.205526130729,0.794473869271,37463.5157523
2016-11-09,0.18084558055,0.81915441945,37305.9355655
2016-11-10,0.175717618938,0.824282381062,37229.5882449
2016-11-11,0.154972652578,0.845027347422,37085.2540764
2016-11-14,0.151680730723,0.848319269277,36923.2516697
2016-11-15,0.1725,0.8275,37045.1345979
2016-11-16,0.15355062751,0.84644937249,36912.6414795
2016-11-17,0.153641898354,0.846358101646,36878.6033925
2016-11-18,0.126818918338,0.873181081662,36637.8604948
2016-11-21,0.138326894874,0.861673105126,36651.669343
2016-11-22,0.173055555556,0.826944444444,36797.8696203
2016-11-23,0.170555555556,0.829444444444,36758.9201886
2016-11-24,0.115830563217,0.884169436783,36396.5120887
2016-11-25,0.150666779029,0.849333220971,36471.8456148
2016-11-28,0.0979322568021,0.902067743198,36041.5319893
2016-11-29,0.0565560558113,0.943443944189,35843.2667379
2016-11-30,0.148055555556,0.851944444444,35938.5041403
2016-12-01,0.131136966089,0.868863033911,35844.5324573
2016-12-02,0.0391243109339,0.960875689066,35398.7304638
2016-12-05,0.0376910189239,0.962308981076,35224.6985285
2016-12-06,0.196579406305,0.803420593695,35396.4318559
2016-12-07,0.290064717265,0.709935282735,36067.5001796
2016-12-08,0.2925,0.7075,36004.5892431
2016-12-09,0.315833333333,0.684166666667,36282.4449931
2016-12-12,0.306388888889,0.693611111111,36187.7404172
2016-12-13,0.309444444444,0.690555555556,36121.8214571
2016-12-14,0.284891973573,0.715108026427,35894.1467987
2016-12-15,0.23698313711,0.76301686289,35307.571303
2016-12-16,0.252222222222,0.747777777778,35403.6862948
2016-12-19,0.222121172498,0.777878827502,35128.9596184
2016-12-20,0.222453723848,0.777546276152,35108.3974046
2016-12-21,0.263055555556,0.736944444444,35394.1065849
2016-12-22,0.234444444444,0.765555555556,35120.3835343
2016-12-23,0.162261092217,0.837738907783,34598.8117387
2016-12-26,0.175032029253,0.824967970747,34637.1978284
2016-12-27,0.168888888889,0.831111111111,34586.4038763
2016-12-28,0.233055555556,0.766944444444,34925.6529569
2016-12-29,0.3225,0.6775,35608.5981894
2016-12-30,0.32251204321,0.67748795679,35538.564664
2017-01-02,0.349790012367,0.650209987633,35775.7308589
2017-01-03,0.496013686145,0.503986313855,37660.4791197
2017-01-04,0.629166666667,0.370833333333,40165.5819291
2017-01-05,0.529444444444,0.470555555556,38579.3626535
2017-01-06,0.511944444444,0.488055555556,38317.9323895
2017-01-09,0.537222222222,0.462777777778,38569.4845537
2017-01-10,0.588333333333,0.411666666667,39277.1816237
2017-01-11,0.485981537807,0.514018462193,37693.4501976
2017-01-12,0.488611111111,0.511388888889,37655.9433733
2017-01-13,0.480277777778,0.519722222222,37599.1070098
2017-01-16,0.465555555556,0.534444444444,37247.5476746
2017-01-17,0.5425,0.4575,38237.3705252
2017-01-18,0.546111111111,0.453888888889,38339.4745608
2017-01-19,0.587222222222,0.412777777778,38829.8973574
2017-01-20,0.61,0.39,39200.0816641
2017-01-23,0.636944444444,0.363055555556,39604.3363661
2017-01-24,0.603055555556,0.396944444444,38970.3042002
2017-01-25,0.607222222222,0.392777777778,38969.9794477
2017-01-26,0.638333333333,0.361666666667,39283.012577
2017-01-27,0.615,0.385,38951.7867806
2017-01-30,0.634444444444,0.365555555556,39201.185825
2017-01-31,0.662222222222,0.337777777778,39409.9322251
2017-02-01,0.665555555556,0.334444444444,39409.6694922
2017-02-02,0.669444444444,0.330555555556,39580.9106392
2017-02-03,0.713333333333,0.286666666667,39995.5693767
2017-02-06,0.747222222222,0.252777777778,40957.4315064
2017-02-07,0.761666666667,0.238333333333,41307.8873074
2017-02-08,0.748968164542,0.251031835458,41142.0463325
2017-02-09,0.656292372273,0.343707627727,39917.6371607
2017-02-10,0.753888888889,0.246111111111,40868.3547458
2017-02-13,0.759470579212,0.240529420788,41003.8125987
2017-02-14,0.807222222222,0.192777777778,45403.6802305
2017-02-15,0.806492357868,0.193507642132,45319.0677173
2017-02-16,0.808680633712,0.191319366288,45262.4875031
2017-02-17,0.792320434482,0.207679565518,44611.168807
2017-02-20,0.749387225287,0.250612774713,44051.8118846
2017-02-21,0.799461566981,0.200538433019,44706.908291
2017-02-22,0.762777777778,0.237222222222,44479.8096302
2017-02-23,0.825975335981,0.174024664019,45651.1231992
2017-02-24,0.825875339504,0.174124660496,45593.6763624
2017-02-27,0.862721196771,0.137278803229,52600.6280159
2017-02-28,0.873333333333,0.126666666667,54117.4363063
2017-03-01,0.927490492414,0.0725095075861,58465.3359205
2017-03-02,0.919123626436,0.0808763735643,63191.1252978
2017-03-03,0.911165786688,0.0888342133123,64407.5459658
2017-03-06,0.903420005351,0.0965799946493,65219.8144672
2017-03-07,0.774722222222,0.225277777778,62697.5283749
2017-03-08,0.492777777778,0.507222222222,56577.5141843
2017-03-09,0.59849771512,0.40150228488,58539.6556938
2017-03-10,0.758993485108,0.241006514892,61332.2162258
2017-03-13,0.940833333333,0.0591666666667,83997.0933187
2017-03-14,0.933554059737,0.0664459402631,84356.933874
2017-03-15,0.936774448294,0.0632255517056,102541.689281
2017-03-16,0.940277777778,0.0597222222222,130745.506916
2017-03-17,0.883333333333,0.116666666667,127948.601212
2017-03-20,0.771666666667,0.228333333333,122915.573473
2017-03-21,0.771483243125,0.228516756875,123272.363633
2017-03-22,0.72739742726,0.27260257274,120989.193802
2017-03-23,0.810469901573,0.189530098427,124246.007332
2017-03-24,0.938611111111,0.0613888888889,147507.925161
2017-03-27,0.809722222222,0.190277777778,139818.129215
2017-03-28,0.888888888889,0.111111111111,146151.797571
2017-03-29,0.862997076023,0.137002923977,143305.250778
2017-03-30,0.765555555556,0.234444444444,138513.81078
2017-03-31,0.807600060311,0.192399939689,139968.830251
2017-04-03,0.564166666667,0.435833333333,126122.982023
2017-04-04,0.570277777778,0.429722222222,126874.798161
2017-04-05,0.514722222222,0.485277777778,124171.947788
2017-04-06,0.471388888889,0.528611111111,122802.334253
2017-04-07,0.553054148075,0.446945851925,125603.635808
2017-04-10,0.51301259166,0.48698740834,124608.143251
2017-04-11,0.6075,0.3925,128446.57089
2017-04-12,0.724173756109,0.275826243891,134461.064768
2017-04-13,0.619005786211,0.380994213789,129271.8668
2017-04-14,0.665277777778,0.334722222222,131916.817579
2017-04-17,0.708442928229,0.291557071771,133683.73315
2017-04-18,0.639159453871,0.360840546129,129870.082551
2017-04-19,0.666388888889,0.333611111111,132430.6441
2017-04-20,0.643118923675,0.356881076325,130476.997332
2017-04-21,0.641042037382,0.358957962618,130719.65698
2017-04-24,0.695,0.305,133615.640802
2017-04-25,0.815982445563,0.184017554437,139500.769208
2017-04-26,0.929063859463,0.0709361405371,160541.37513
2017-04-27,0.93097894099,0.0690210590095,182461.038075
2017-04-28,0.865413153275,0.134586846725,176362.919003
2017-05-01,0.930316602862,0.0696833971378,192561.844702
2017-05-02,0.929594005006,0.0704059949944,199795.911055
2017-05-03,0.929403975471,0.0705960245295,232560.793162
2017-05-04,0.859625550603,0.140374449397,223934.168944
2017-05-05,0.928415472079,0.0715845279209,232450.366508
2017-05-08,0.77,0.23,212919.93506
2017-05-09,0.789444444444,0.210555555556,215877.648682
2017-05-10,0.796111111111,0.203888888889,216593.001827
2017-05-11,0.723503768608,0.276496231392,210601.271359
2017-05-12,0.781663969664,0.218336030336,215607.810747
2017-05-15,0.776944444444,0.223055555556,215299.354606
2017-05-16,0.764166666667,0.235833333333,213732.299214
2017-05-17,0.933090819107,0.0669091808931,230379.405429
2017-05-18,0.955158736675,0.0448412633254,294273.512539
2017-05-19,0.93496661526,0.06503338474,291278.922604
2017-05-22,0.958365467781,0.0416345322193,394048.516871
2017-05-23,0.956268539552,0.043731460448,446467.362214
2017-05-24,0.807799154662,0.192200845338,411612.914853
2017-05-25,0.677157843838,0.322842156162,384328.500915
2017-05-26,0.626111111111,0.373888888889,374386.38107
2017-05-29,0.965555555556,0.0344444444444,481872.820273
2017-05-30,0.965817142083,0.034182857917,481994.700575
2017-05-31,0.915120052705,0.0848799472952,465780.860994
2017-06-01,0.934668341802,0.0653316581978,468351.067286
2017-06-02,0.953333333333,0.0466666666667,472789.781047
2017-06-05,0.969234882793,0.0307651172065,553079.96624
2017-06-06,0.946881185308,0.0531188146924,535833.939497
2017-06-07,0.965806527491,0.0341934725094,543035.084414
2017-06-08,0.987222222222,0.0127777777778,582843.1531
2017-06-09,0.994166666667,0.00583333333333,700015.400967
2017-06-12,1.0,0.0,808018.091803
2017-06-13,0.685277777778,0.314722222222,715379.310916
2017-06-14,0.694770357156,0.305229642844,716564.1166
2017-06-15,0.750017669047,0.249982330953,729390.940823
2017-06-16,0.864192226782,0.135807773218,751652.199849
2017-06-19,0.7225,0.2775,720442.858391
2017-06-20,0.535833333333,0.464166666667,682730.490219
2017-06-21,0.49912483166,0.50087516834,677815.450546
2017-06-22,0.534072048456,0.465927951544,683971.975057
2017-06-23,0.400485132427,0.599514867573,658879.509288
2017-06-26,0.311149205846,0.688850794154,642838.534662
2017-06-27,0.439807936093,0.560192063907,663475.815095
2017-06-28,0.318123460955,0.681876539045,642127.69412
2017-06-29,0.26910842391,0.73089157609,633553.986643
2017-06-30,0.20508420446,0.79491579554,621536.364752
2017-07-03,0.22000897195,0.77999102805,625455.479807
2017-07-04,0.216450974408,0.783549025592,623893.54996
2017-07-05,0.214597162097,0.785402837903,623830.413442
2017-07-06,0.14276923637,0.85723076363,611203.480437
2017-07-07,0.157849846992,0.842150153008,612901.033551
2017-07-10,0.0172222222222,0.982777777778,591059.966555
2017-07-11,0.15,0.85,592701.468806
2017-07-12,0.0625,0.9375,585177.649361
2017-07-13,0.0524211408055,0.947578859194,583696.132839
2017-07-14,0.0,1.0,579291.170993
2017-07-17,0.151111111111,0.848888888889,579116.096328
2017-07-18,0.0486327699896,0.95136723001,566425.772544
2017-07-19,0.146685117935,0.853314882065,570846.123906
2017-07-20,0.100777799819,0.899222200181,567100.397069
2017-07-21,0.150803904823,0.849196095177,570785.906579
2017-07-24,0.0546051007071,0.945394899293,560654.206108
2017-07-25,0.0621069435756,0.937893056424,560538.828354
2017-07-26,0.0709040927386,0.929095907261,560537.559886
2017-07-27,0.0555449539918,0.944455046008,558229.231892
2017-07-28,0.0737949592649,0.926205040735,560634.473238
2017-07-31,0.160107810743,0.839892189257,564510.790279
2017-08-01,0.116183571685,0.883816428315,561353.67908
2017-08-02,0.145309976008,0.854690023992,563199.075917
2017-08-03,0.12540441931,0.87459558069,561796.7549
2017-08-04,0.274166666667,0.725833333333,572023.57456
2017-08-07,0.428611111111,0.571388888889,598789.840688
2017-08-08,0.430277777778,0.569722222222,597721.97436
2017-08-09,0.434722222222,0.565277777778,600332.601311
2017-08-10,0.48139121555,0.51860878445,609946.689963
2017-08-11,0.488888888889,0.511111111111,608702.214903
2017-08-14,0.3925,0.6075,587835.031499
2017-08-15,0.445102664013,0.554897335987,599753.725795
2017-08-16,0.4475,0.5525,598793.145109
2017-08-17,0.403055555556,0.596944444444,591894.663813
2017-08-18,0.4075,0.5925,592215.897666
2017-08-21,0.482193307345,0.517806692655,608906.779409
2017-08-22,0.508286321986,0.491713678014,612654.780825
2017-08-23,0.556111111111,0.443888888889,620334.834104
2017-08-24,0.559722222222,0.440277777778,625404.236934
2017-08-25,0.563055555556,0.436944444444,628372.260097
2017-08-28,0.698888888889,0.301111111111,670211.258338
2017-08-29,0.746017868753,0.253982131247,684635.769319
2017-08-30,0.744166666667,0.255833333333,690577.865899
2017-08-31,0.781562172661,0.218437827339,694617.550764
2017-09-01,0.583333333333,0.416666666667,638349.151653
2017-09-04,0.472222222222,0.527777777778,603136.596267
2017-09-05,0.532156506434,0.467843493566,621877.685826
2017-09-06,0.521767424328,0.478232575672,618401.633851
2017-09-07,0.416914245355,0.583085754645,590735.18497
2017-09-08,0.415277777778,0.584722222222,588381.678112
2017-09-11,0.364166666667,0.635833333333,580536.987118
2017-09-12,0.30999698731,0.69000301269,567365.059572
2017-09-13,0.113055555556,0.886944444444,533588.23431
2017-09-14,0.215345372728,0.784654627272,543344.951539
2017-09-15,0.175277777778,0.824722222222,541015.098002
2017-09-18,0.269722222222,0.730277777778,551553.469965
2017-09-19,0.284416548164,0.715583451836,551832.067627
2017-09-20,0.174530079725,0.825469920275,537457.018043
2017-09-21,0.214497990093,0.785502009907,539298.517232
2017-09-22,0.276312899914,0.723687100086,549454.249473
2017-09-25,0.298595837381,0.701404162619,550758.137678
2017-09-26,0.365741986102,0.634258013898,562853.721032
2017-09-27,0.363112819364,0.636887180636,558068.845533
2017-09-28,0.314150548472,0.685849451528,551202.890678
2017-09-29,0.343156930454,0.656843069546,557209.952901
2017-10-02,0.314082750126,0.685917249874,550265.119218
2017-10-03,0.31507770421,0.68492229579,550186.921217
2017-10-04,0.316597720257,0.683402279743,552153.110357
2017-10-05,0.367513821986,0.632486178014,560012.788545
2017-10-06,0.371103195952,0.628896804048,561967.044802
2017-10-09,0.323623399859,0.676376600141,553348.475736
2017-10-10,0.35774094556,0.64225905444,555954.276341
2017-10-11,0.343376465149,0.656623534851,555957.999669
2017-10-12,0.448611111111,0.551388888889,577259.430224
2017-10-13,0.483057259868,0.516942740132,578743.62766
2017-10-16,0.388611111111,0.611388888889,559948.34136
2017-10-17,0.386851412005,0.613148587995,558158.508136
2017-10-18,0.384166666667,0.615833333333,553934.761606
2017-10-19,0.342096363396,0.657903636604,550894.429231
2017-10-20,0.339151791903,0.660848208097,548699.086523
2017-10-23,0.337149232427,0.662850767573,546803.99818
2017-10-24,0.33735595732,0.66264404268,546710.386806
2017-10-25,0.336870802139,0.663129197861,546206.139895
2017-10-26,0.336805444622,0.663194555378,546715.902712
2017-10-27,0.333611111111,0.666388888889,544844.713422
2017-10-30,0.38809952445,0.61190047555,553130.188725
2017-10-31,0.35332784592,0.64667215408,550883.389232
2017-11-01,0.286844589263,0.713155410737,541706.676224
2017-11-02,0.279823602726,0.720176397274,539286.5428
2017-11-03,0.355277777778,0.644722222222,549595.473116
2017-11-06,0.336941338398,0.663058661602,544650.720939
2017-11-07,0.32,0.68,541557.374306
2017-11-08,0.384857597637,0.615142402363,550709.486594
2017-11-09,0.444927666144,0.555072333856,559142.430466
2017-11-10,0.335277777778,0.664722222222,541295.859168
2017-11-13,0.406907431894,0.593092568106,552077.757834
2017-11-14,0.487384315533,0.512615684467,566372.472842
2017-11-15,0.475263522139,0.524736477861,563458.826183
2017-11-16,0.476366669732,0.523633330268,562745.308224
2017-11-17,0.480537753984,0.519462246016,563877.974398
2017-11-20,0.597791669593,0.402208330407,593173.103335
2017-11-21,0.57885019275,0.42114980725,586222.737766
2017-11-22,0.639651395627,0.360348604373,605293.01699
2017-11-23,0.726666666667,0.273333333333,631363.863081
2017-11-24,0.870555555556,0.129444444444,703279.882423
2017-11-27,0.893611111111,0.106388888889,709509.061988
2017-11-28,0.84458532064,0.15541467936,697475.063409
2017-11-29,0.688611111111,0.311388888889,648191.530502
2017-11-30,0.707798704232,0.292201295768,655930.523566
2017-12-01,0.793055555556,0.206944444444,684372.873798
2017-12-04,0.834224532964,0.165775467036,690609.872314
2017-12-05,0.771849152898,0.228150847102,674526.053884
2017-12-06,0.63844440669,0.36155559331,638260.095661
2017-12-07,0.634722222222,0.365277777778,636973.43575
2017-12-08,0.753492845007,0.246507154993,666208.829253
2017-12-11,0.9175,0.0825,734416.607829
2017-12-12,0.935452808906,0.0645471910937,922441.800099
2017-12-13,0.936489231641,0.0635107683588,978389.029767
2017-12-14,0.92451272405,0.0754872759501,971144.914972
2017-12-15,0.898579662867,0.101420337133,959044.643702
2017-12-18,0.93948914937,0.0605108506299,1087096.47038
2017-12-19,0.935977979688,0.0640220203119,1121531.90076
2017-12-20,0.904601107113,0.0953988928874,1104241.71991
2017-12-21,0.883096602488,0.116903397512,1091972.41163
2017-12-22,0.558055555556,0.441944444444,930593.192886
2017-12-25,0.685764081655,0.314235918345,981957.541685
2017-12-26,0.715277777778,0.284722222222,1010095.05006
2017-12-27,0.690897734621,0.309102265379,997145.297963
2017-12-28,0.633557695585,0.366442304415,975397.577275
2017-12-29,0.685175908482,0.314824091518,995065.345843
2018-01-01,0.706832712286,0.293167287714,1010334.3565
2018-01-02,0.92,0.08,1109843.55685
2018-01-03,0.935901982673,0.0640980173265,1203556.41242
2018-01-04,0.938545209046,0.0614547909537,1208015.13895
2018-01-05,0.93927731466,0.0607226853399,1234773.22247
2018-01-08,0.94262612233,0.0573738776699,1437403.27112
2018-01-09,0.942642741359,0.057357258641,1620008.79649
2018-01-10,0.882144228764,0.117855771236,1572142.76581
2018-01-11,0.714444444444,0.285555555556,1449870.88263
2018-01-12,0.848786804986,0.151213195014,1560196.9788
2018-01-15,0.89567130761,0.10432869239,1578601.83502
2018-01-16,0.558611111111,0.441388888889,1325014.55606
2018-01-17,0.524778341687,0.475221658313,1306920.58981
2018-01-18,0.504132319399,0.495867680601,1299029.73591
2018-01-19,0.517179419426,0.482820580574,1314779.37978
2018-01-22,0.474444444444,0.525555555556,1289966.35775
2018-01-23,0.459990878141,0.540009121859,1280651.22782
2018-01-24,0.549293916904,0.450706083096,1326731.56716
2018-01-25,0.517636037869,0.482363962131,1316080.31145
2018-01-26,0.517222222222,0.482777777778,1317516.65488
2018-01-29,0.630094251214,0.369905748786,1396173.27313
2018-01-30,0.510875842986,0.489124157014,1316041.24261
2018-01-31,0.55767106178,0.44232893822,1346006.7333
2018-02-01,0.469731870261,0.530268129739,1288329.15982
2018-02-02,0.35926579004,0.64073420996,1224001.26264
2018-02-05,0.153055555556,0.846944444444,1117054.95958
2018-02-06,0.217222222222,0.782777777778,1139068.76753
2018-02-07,0.187999206028,0.812000793972,1128554.25797
2018-02-08,0.2325,0.7675,1145905.24139
2018-02-09,0.2738483933,0.7261516067,1166909.1546
2018-02-12,0.265833333333,0.734166666667,1162306.99386
2018-02-13,0.245828270146,0.754171729854,1153599.5723
2018-02-14,0.312651500697,0.687348499303,1180168.21443
2018-02-15,0.317222222222,0.682777777778,1183305.73444
2018-02-16,0.3175,0.6825,1187374.33039
2018-02-19,0.324444444444,0.675555555556,1188070.15769
2018-02-20,0.278804601109,0.721195398891,1165733.08037
2018-02-21,0.237955030851,0.762044969149,1148991.75062
2018-02-22,0.21098009373,0.78901990627,1137403.92426
2018-02-23,0.242777777778,0.757222222222,1152287.52528
2018-02-26,0.25,0.75,1156506.07055
2018-02-27,0.250603045487,0.749396954513,1157825.12972
2018-02-28,0.238125068726,0.761874931274,1151121.54762
2018-03-01,0.247222222222,0.752777777778,1157023.1514
2018-03-02,0.237453155904,0.762546844096,1152315.18774
2018-03-05,0.236174613755,0.763825386245,1150338.75319
2018-03-06,0.210321592979,0.789678407021,1139507.62111
2018-03-07,0.15831640947,0.84168359053,1120450.78353
2018-03-08,0.115543720512,0.884456279488,1108024.86991
2018-03-09,0.151388888889,0.848611111111,1113100.56408
2018-03-12,0.112968255246,0.887031744754,1106095.60552
2018-03-13,0.110609781071,0.889390218929,1104827.00119
2018-03-14,0.0711084532831,0.928891546717,1091159.74763
2018-03-15,0.0708563710272,0.929143628973,1090831.93548
2018-03-16,0.0594962265758,0.940503773424,1089539.79362
2018-03-19,0.0505849238763,0.949415076124,1084674.23142
2018-03-20,0.0500042195445,0.949995780455,1084872.09743
2018-03-21,0.0600068965667,0.939993103433,1085078.49116
2018-03-22,0.0393544200453,0.960645579955,1082709.92803
2018-03-23,0.0360585339745,0.963941466026,1083013.14824
2018-03-26,0.0294925455225,0.970507454478,1076186.72557
2018-03-27,0.023902416699,0.976097583301,1075973.52121
2018-03-28,0.0515667221385,0.948433277861,1072329.49135
2018-03-29,0.027464742007,0.972535257993,1073703.9614
2018-03-30,0.0353069938208,0.964693006179,1073705.87715
2018-04-02,0.0294528247287,0.970547175271,1075792.17554
2018-04-03,0.0467022519557,0.953297748044,1072909.58282
2018-04-04,0.0223908102507,0.977609189749,1073215.34833
2018-04-05,0.0360288014253,0.963971198575,1072490.95992
2018-04-06,0.014589345476,0.985410654524,1073968.45936
2018-04-09,0.0858481030803,0.91415189692,1075066.11048
2018-04-10,0.0887250800801,0.91127491992,1078345.4894
2018-04-11,0.110833333333,0.889166666667,1092445.03527
2018-04-12,0.146111111111,0.853888888889,1092615.96812
2018-04-13,0.180555555556,0.819444444444,1095070.47923
2018-04-16,0.180555555556,0.819444444444,1095164.70011
2018-04-17,0.191111111111,0.808888888889,1104099.0178
2018-04-18,0.191666666667,0.808333333333,1120716.41339
2018-04-19,0.209166666667,0.790833333333,1139606.94666
2018-04-20,0.302856374052,0.697143625948,1134755.11886
2018-04-23,0.3575,0.6425,1190460.28812
2018-04-24,0.454722222222,0.545277777778,1138351.4633
2018-04-25,0.396944444444,0.603055555556,1174816.9
2018-04-26,0.400277777778,0.599722222222,1162018.48898
2018-04-27,0.400833333333,0.599166666667,1190682.22142
2018-04-30,0.454166666667,0.545833333333,1182013.07734
2018-05-01,0.410277777778,0.589722222222,1181909.32286
2018-05-02,0.426666666667,0.573333333333,1189882.17784
